transaction_date,transaction_barcode,warehouse_name,transaction_type,item_number,description,description2,combined_description,item_department_number,item_unit_price,item_amount,item_quantity
2023-07-14,21133400900752307141120,BAYONNE,Sales,1358925,ARTCHK SSG,12-2/24 OZ   10T4H   SL70,ARTCHK SSG 12-2/24 OZ   10T4H   SL70,19,14.79,14.79,1.0
2023-07-14,21133400900752307141120,BAYONNE,Sales,1717853,HVY DTY SPNG,SCRUB SPONGE 24CT P=300,HVY DTY SPNG SCRUB SPONGE 24CT P=300,14,14.99,14.99,1.0
2023-07-14,21133400900752307141120,BAYONNE,Sales,18600,MANDARINS,2.27 KG / 5 LBS,MANDARINS 2.27 KG / 5 LBS,65,7.99,7.99,1.0
2023-07-14,21133400900752307141120,BAYONNE,Sales,568915,ORG CUCUMBER,,,65,5.99,5.99,1.0
2023-07-14,21133400900752307141120,BAYONNE,Sales,2619,ORG BANANAS,3 LB / 1.36 KG,ORG BANANAS 3 LB / 1.36 KG,65,2.39,2.39,1.0
2023-07-14,21133400900752307141120,BAYONNE,Sales,1068083,ORG FR EGGS,GRADE A T20H18 P360 SL23,ORG FR EGGS GRADE A T20H18 P360 SL23,17,7.89,7.89,1.0
2023-07-14,21133400900752307141120,BAYONNE,Sales,797684,BURATTA,"#00123 SL24 T9H8","BURATTA #00123 SL24 T9H8",19,7.69,7.69,1.0
2023-07-14,21133400900752307141120,BAYONNE,Sales,782796,***KSWTR40PK,P48=SE   P56=PR,***KSWTR40PK P48=SE   P56=PR,14,3.99,7.98,2.0
2023-07-14,21133400900752307141120,BAYONNE,Sales,947880,HF NAT TRKEY,T6H4P216  SL30,HF NAT TRKEY T6H4P216  SL30,17,11.99,11.99,1.0
2023-07-14,21133400900752307141120,BAYONNE,Sales,756053,KS MED ROAST,GROUND COFFEE  SL365 P216,KS MED ROAST GROUND COFFEE  SL365 P216,13,13.69,13.69,1.0
2023-07-14,21133400900752307141120,BAYONNE,Sales,17368,STEELHEAD,FARM RAISED,STEELHEAD FARM RAISED,61,10.99,21.32,1.0
2023-07-14,21133400900752307141120,BAYONNE,Sales,60357,MIXED PEPPER,6-PACK,MIXED PEPPER 6-PACK,65,7.49,7.49,1.0
2023-07-14,21133400900752307141120,BAYONNE,Sales,1434832,CANDY GRAPE,ORG RED CANDY SNAP GRAPE,CANDY GRAPE ORG RED CANDY SNAP GRAPE,65,8.99,8.99,1.0
2023-07-14,21133400900752307141120,BAYONNE,Sales,1336632,BEAN SALAD,T8H6  C12  SL28,BEAN SALAD T8H6  C12  SL28,19,9.89,9.89,1.0
2023-07-14,21133400900752307141120,BAYONNE,Sales,307105,/ 1336632,,,19,0.0,-2.0,-1.0
2023-07-14,21133400900752307141120,BAYONNE,Sales,1429597,PINK GRPFRUT,PINK GRAPEFRUIT 12/9.3OZ,PINK GRPFRUT PINK GRAPEFRUIT 12/9.3OZ,14,15.59,15.59,1.0
2023-07-14,21133400900752307141120,BAYONNE,Sales,703381,CHEDDAR SLCS,T10H5  SL120,CHEDDAR SLCS T10H5  SL120,19,7.99,7.99,1.0
2023-07-14,21133400900752307141120,BAYONNE,Sales,33666,BEEF RIBEYE,BONELESS USDA CHOICE,BEEF RIBEYE BONELESS USDA CHOICE,61,13.99,62.4,1.0
2023-07-14,21133400900752307141120,BAYONNE,Sales,1142830,ORG MEDITERR,,,65,8.49,8.49,1.0
2023-07-14,21133400900752307141120,BAYONNE,Sales,4102,"8"" TORTILLAS",SL10  70OZ,"8"" TORTILLAS SL10  70OZ",13,5.99,5.99,1.0
2023-07-14,21133400900752307141120,BAYONNE,Sales,1716914,GRLLD CHCKN,CS10 T6H8 SL55,GRLLD CHCKN CS10 T6H8 SL55,19,9.69,9.69,1.0
2023-07-14,21133400900752307141120,BAYONNE,Sales,21046,TOMATO MEDLE,,,65,6.69,6.69,1.0
2023-07-14,21133400900752307141120,BAYONNE,Sales,1364689,KS ORG WH MK,3/64 SL30 T33H4 P132,KS ORG WH MK 3/64 SL30 T33H4 P132,17,12.49,24.98,2.0
2026-04-19,21133400901642604191612,BAYONNE,Sales,1827786,CHPTLE RANCH,CHOP SALAD KIT,CHPTLE RANCH CHOP SALAD KIT,65,7.99,7.99,1.0
2026-04-19,21133400901642604191612,BAYONNE,Sales,8139,ORG BART PEA,4LB BOX,ORG BART PEA 4LB BOX,65,7.99,7.99,1.0
2026-04-19,21133400901642604191612,BAYONNE,Sales,5623,BROCCOLI,1.36 KG / 3 LB,BROCCOLI 1.36 KG / 3 LB,65,6.99,6.99,1.0
2026-04-19,21133400901642604191612,BAYONNE,Sales,1363689,TURKEY BACON,COLUMBUS SL30 T6H5 P300,TURKEY BACON COLUMBUS SL30 T6H5 P300,17,15.99,15.99,1.0
2026-04-19,21133400901642604191612,BAYONNE,Sales,36886,ORGANIC GT,,,61,19.99,19.99,1.0
2026-04-19,21133400901642604191612,BAYONNE,Sales,60357,MIXED PEPPER,6-PACK,MIXED PEPPER 6-PACK,65,7.49,7.49,1.0
2026-04-19,21133400901642604191612,BAYONNE,Sales,1462714,KS ORG A2 PR,3/64OZ SL30 33X4 P132,KS ORG A2 PR 3/64OZ SL30 33X4 P132,17,12.99,12.99,1.0
2026-04-19,21133400901642604191612,BAYONNE,Sales,6659,4LB HONYCRSP,,,65,8.99,8.99,1.0
2026-04-19,21133400901642604191612,BAYONNE,Sales,720650,MINI CUKES,680 G / 1.5 LB,MINI CUKES 680 G / 1.5 LB,65,6.99,13.98,2.0
2026-04-19,21133400901642604191612,BAYONNE,Sales,1710454,KEW MAYO,C16T10H5P800 SL270,KEW MAYO C16T10H5P800 SL270,13,6.59,6.59,1.0
2026-04-19,21133400901642604191612,BAYONNE,Sales,1068080,PASTURE EGGS,2DZ GRADE A P360/300 SL22,PASTURE EGGS 2DZ GRADE A P360/300 SL22,17,7.99,7.99,1.0
2026-04-19,21133400901642604191612,BAYONNE,Sales,47292,SOCK SALMON,FILLET PREVIOUSLY FROZEN,SOCK SALMON FILLET PREVIOUSLY FROZEN,61,13.99,17.49,1.0
2026-04-19,21133400901642604191612,BAYONNE,Sales,826365,ORG SQUASH,,,65,8.99,8.99,1.0
2026-04-19,21133400901642604191612,BAYONNE,Sales,512447,DAVE'S 21 WG,BREAD    SL10    P180,DAVE'S 21 WG BREAD    SL10    P180,13,8.99,8.99,1.0
2026-04-19,21133400901642604191612,BAYONNE,Sales,549797,BISCOFF,LOTUS BAKERIES  SL150P480,BISCOFF LOTUS BAKERIES  SL150P480,12,7.99,7.99,1.0
2026-04-19,21133400901642604191612,BAYONNE,Sales,376405,/ 549797,,,12,0.0,-2.0,-1.0
2026-04-19,21133400901642604191612,BAYONNE,Sales,1380620,ORGANIC OATS,2.27KG P180,ORGANIC OATS 2.27KG P180,13,10.99,10.99,1.0
2026-04-19,21133400901642604191612,BAYONNE,Sales,384732,KS PURE SALT,850G,KS PURE SALT 850G,13,3.49,3.49,1.0
2026-04-19,21133400901642604191612,BAYONNE,Sales,21046,TOMATO MEDLE,,,65,7.99,7.99,1.0
2026-04-19,21133400901642604191612,BAYONNE,Sales,121288,ORG BELLAS,,,65,5.99,5.99,1.0
2026-04-19,21133400901642604191612,BAYONNE,Sales,1358925,ARTCHK SSG,12-2/24 OZ   10T4H   SL70,ARTCHK SSG 12-2/24 OZ   10T4H   SL70,19,14.79,14.79,1.0
2026-04-19,21133400901642604191612,BAYONNE,Sales,362996,TERRA DLYSSA,ORGANIC OLIVE OIL    P336,TERRA DLYSSA ORGANIC OLIVE OIL    P336,13,17.99,17.99,1.0
2026-04-19,21133400901642604191612,BAYONNE,Sales,1801,MANDARINS,3 LBS,MANDARINS 3 LBS,65,3.99,3.99,1.0
2026-04-19,21133400901642604191612,BAYONNE,Sales,45579,CANDY HEART,1.36 KG / 3 LB,CANDY HEART 1.36 KG / 3 LB,65,7.99,7.99,1.0
2026-04-19,21133400901642604191612,BAYONNE,Sales,33149,KS GOUDA,"12/2.0# RW LA T12H7 SL90","KS GOUDA 12/2.0# RW LA T12H7 SL90",19,6.49,12.65,1.0
2025-06-28,21133412200172506281127,BAYONNE,Refund,1023251,DRZZPOPCORN,POPCORN 17OZ P180 S270,DRZZPOPCORN POPCORN 17OZ P180 S270,12,6.99,-6.99,-1.0
2024-09-04,21133400900222409041045,BAYONNE,Sales,428409,GLD STR REN,SYSTEM USE ONLY,GLD STR REN SYSTEM USE ONLY,95,99.99,130.0,1.0
2024-09-04,21133400900222409041045,BAYONNE,Sales,1815057,"ACER 32""WQHD",GAMING MONITOR P20T10H2,"ACER 32""WQHD GAMING MONITOR P20T10H2",24,229.99,229.99,1.0
2024-09-04,21133400900222409041045,BAYONNE,Sales,336336,/1815057,,,24,0.0,-50.0,-1.0
2023-10-27,21133401000832310271144,BAYONNE,Sales,21046,TOMATO MEDLE,,,65,6.59,6.59,1.0
2023-10-27,21133401000832310271144,BAYONNE,Sales,1266604,647 ITALIAN,LOW CARB BREAD,647 ITALIAN LOW CARB BREAD,13,6.69,6.69,1.0
2023-10-27,21133401000832310271144,BAYONNE,Sales,1364689,KS ORG WH MK,3/64 SL30 T33H4 P132,KS ORG WH MK 3/64 SL30 T33H4 P132,17,11.99,23.98,2.0
2023-10-27,21133401000832310271144,BAYONNE,Sales,782796,***KSWTR40PK,P48=SE   P56=PR,***KSWTR40PK P48=SE   P56=PR,14,3.99,7.98,2.0
2023-10-27,21133401000832310271144,BAYONNE,Sales,647465,AVOCADOS,6 COUNT,AVOCADOS 6 COUNT,65,7.99,7.99,1.0
2023-10-27,21133401000832310271144,BAYONNE,Sales,4102,"8"" TORTILLAS",SL10  70OZ,"8"" TORTILLAS SL10  70OZ",13,5.99,5.99,1.0
2023-10-27,21133401000832310271144,BAYONNE,Sales,1725186,PACGLDJERKY,16OZ T5H3 P315/T60 SL180,PACGLDJERKY 16OZ T5H3 P315/T60 SL180,12,15.99,15.99,1.0
2023-10-27,21133401000832310271144,BAYONNE,Sales,30548,ORGANIC DRUM,SADDLEPACK,ORGANIC DRUM SADDLEPACK,61,1.99,10.07,1.0
2023-10-27,21133401000832310271144,BAYONNE,Sales,1759686,CRNALMDBARK,,,62,9.99,9.99,1.0
2023-10-27,21133401000832310271144,BAYONNE,Sales,17767,KS COFFEE,1.36K GROUND P252,KS COFFEE 1.36K GROUND P252,13,12.99,12.99,1.0
2023-10-27,21133401000832310271144,BAYONNE,Sales,2619,ORG BANANAS,3 LB / 1.36 KG,ORG BANANAS 3 LB / 1.36 KG,65,1.99,1.99,1.0
2023-10-27,21133401000832310271144,BAYONNE,Sales,9929,KS CHIC TORT,2/830ML CNSL50  SL60 10X4,KS CHIC TORT 2/830ML CNSL50  SL60 10X4,19,8.99,8.99,1.0
2023-10-27,21133401000832310271144,BAYONNE,Sales,8258,ASIAN CASHEW,2PK,ASIAN CASHEW 2PK,65,6.99,6.99,1.0
2023-10-27,21133401000832310271144,BAYONNE,Sales,48600,TURKEY,1.75 RW    T10H4    SL50,TURKEY 1.75 RW    T10H4    SL50,17,7.99,14.06,1.0
2023-10-27,21133401000832310271144,BAYONNE,Sales,87745,ROTISSERIE,USDA GRADE A,ROTISSERIE USDA GRADE A,63,4.99,4.99,1.0
2023-10-27,21133401000832310271144,BAYONNE,Sales,60357,MIXED PEPPER,6-PACK,MIXED PEPPER 6-PACK,65,6.69,6.69,1.0
2023-10-27,21133401000832310271144,BAYONNE,Sales,568915,ORG CUCUMBER,,,65,5.99,5.99,1.0
2023-10-27,21133401000832310271144,BAYONNE,Sales,1136340,ORG DIS APPL,GALA,ORG DIS APPL GALA,65,4.99,4.99,1.0
2023-10-27,21133401000832310271144,BAYONNE,Sales,703381,CHEDDAR SLCS,T10H5  SL120,CHEDDAR SLCS T10H5  SL120,17,7.99,7.99,1.0
2023-10-27,21133401000832310271144,BAYONNE,Sales,427381,KS ORG EGGS,GRADE AA  P360/300  SL26,KS ORG EGGS GRADE AA  P360/300  SL26,17,7.49,7.49,1.0
2023-10-27,21133401000832310271144,BAYONNE,Sales,8297,MEX STR CORN,2PK,MEX STR CORN 2PK,65,7.99,7.99,1.0
2023-10-27,21133401000832310271144,BAYONNE,Sales,18600,MANDARINS,2.27 KG / 5 LBS,MANDARINS 2.27 KG / 5 LBS,65,6.99,6.99,1.0
2023-10-27,21133401000832310271144,BAYONNE,Sales,1267000,KS SALMON,SL30 CHILEAN SLMN 10X5,KS SALMON SL30 CHILEAN SLMN 10X5,19,23.99,23.99,1.0
2023-10-27,21133401000832310271144,BAYONNE,Sales,983491,CRUNCHY BUTR,CRUNCHY TX480  P600 SL365,CRUNCHY BUTR CRUNCHY TX480  P600 SL365,13,14.99,29.98,2.0
2023-10-27,21133401000832310271144,BAYONNE,Sales,57554,BLUEBERRIES,510 G / 18 OZ,BLUEBERRIES 510 G / 18 OZ,65,8.49,8.49,1.0
2025-06-28,21133412200162506281126,BAYONNE,Refund,992756,PARMESAN,P360  T10H3      SL105,PARMESAN P360  T10H3      SL105,13,9.59,-9.59,-1.0
2025-06-28,21133412200162506281126,BAYONNE,Refund,1843108,KS FRZ GAL,DOUBLE ZIPPER 28X3 P84,KS FRZ GAL DOUBLE ZIPPER 28X3 P84,14,13.99,-13.99,-1.0
2024-03-24,21133400700882403241054,BAYONNE,Sales,45579,CANDY HEART,1.36 KG / 3 LB,CANDY HEART 1.36 KG / 3 LB,65,7.99,7.99,1.0
2024-03-24,21133400700882403241054,BAYONNE,Sales,1259351,GULFSHRIMP,SHRIMP 2LBS T6H6 C16 P576,GULFSHRIMP SHRIMP 2LBS T6H6 C16 P576,18,17.99,17.99,1.0
2024-03-24,21133400700882403241054,BAYONNE,Sales,36886,ORGANIC GT,,,61,19.99,19.99,1.0
2024-03-24,21133400700882403241054,BAYONNE,Sales,21046,TOMATO MEDLE,,,65,6.59,6.59,1.0
2024-03-24,21133400700882403241054,BAYONNE,Sales,720,REYNLDS FOIL,SQ FT T180H2       P360,REYNLDS FOIL SQ FT T180H2       P360,14,23.99,23.99,1.0
2024-03-24,21133400700882403241054,BAYONNE,Sales,260509,POLYO STRCHZ,10/48Z P450 T9H5     SL45,POLYO STRCHZ 10/48Z P450 T9H5     SL45,17,11.49,11.49,1.0
2024-03-24,21133400700882403241054,BAYONNE,Sales,1150189,ORG SKINYPOP,T34H3 P102 SL110,ORG SKINYPOP T34H3 P102 SL110,12,6.99,6.99,1.0
2024-03-24,21133400700882403241054,BAYONNE,Sales,1794999,SCARLET,PILKEY/SCHOLASTIC/,SCARLET PILKEY/SCHOLASTIC/,36,9.49,9.49,1.0
2024-03-24,21133400700882403241054,BAYONNE,Sales,1796605,BK:SCARRY,SCARRY/RH/,BK:SCARRY SCARRY/RH/,36,12.99,12.99,1.0
2024-03-24,21133400700882403241054,BAYONNE,Sales,1136340,3LB ORG GALA,,,65,4.49,4.49,1.0
2024-03-24,21133400700882403241054,BAYONNE,Sales,1819181,FERREROEGGS,C8T14H3  P336  SL120,FERREROEGGS C8T14H3  P336  SL120,12,14.99,14.99,1.0
2024-03-24,21133400700882403241054,BAYONNE,Sales,325023,/1819181,,,12,0.0,-3.5,-1.0
2026-03-07,21133400701052603071139,BAYONNE,Sales,60357,MIXED PEPPER,6-PACK,MIXED PEPPER 6-PACK,65,7.49,7.49,1.0
2026-03-07,21133400701052603071139,BAYONNE,Sales,2003025,SUPER VEGGIE,16OZ P=138 T46H3,SUPER VEGGIE 16OZ P=138 T46H3,12,5.89,5.89,1.0
2026-03-07,21133400701052603071139,BAYONNE,Sales,669434,CAPE COD RF,30OZ 680G P120/126,CAPE COD RF 30OZ 680G P120/126,12,7.59,7.59,1.0
2026-03-07,21133400701052603071139,BAYONNE,Sales,1259351,GULFSHRIMP,SHRIMP 2LBS T6H6 C16 P576,GULFSHRIMP SHRIMP 2LBS T6H6 C16 P576,18,19.99,19.99,1.0
2026-03-07,21133400701052603071139,BAYONNE,Sales,7771465,KS JOGGER,FY26         P640 T128 H5,KS JOGGER FY26         P640 T128 H5,39,17.99,17.99,1.0
2026-03-07,21133400701052603071139,BAYONNE,Sales,1801,MANDARINS,3 LBS,MANDARINS 3 LBS,65,3.99,3.99,1.0
2026-03-07,21133400701052603071139,BAYONNE,Sales,1841928,WV TECH PANT,FY26     APR MVM     P340,WV TECH PANT FY26     APR MVM     P340,39,19.99,19.99,1.0
2026-03-07,21133400701052603071139,BAYONNE,Sales,549797,BISCOFF,LOTUS BAKERIES  SL150P480,BISCOFF LOTUS BAKERIES  SL150P480,12,7.99,7.99,1.0
2026-03-07,21133400701052603071139,BAYONNE,Sales,17767,KS COFFEE,1.36K GROUND P252,KS COFFEE 1.36K GROUND P252,13,21.99,21.99,1.0
2026-03-07,21133400701052603071139,BAYONNE,Sales,1939203,LEGOSPEED,ASSORTMENT P=340,LEGOSPEED ASSORTMENT P=340,28,22.49,22.49,1.0
2026-03-07,21133400701052603071139,BAYONNE,Sales,5623,BROCCOLI,1.36 KG / 3 LB,BROCCOLI 1.36 KG / 3 LB,65,5.99,5.99,1.0
2026-03-07,21133400701052603071139,BAYONNE,Sales,21046,TOMATO MEDLE,,,65,7.99,7.99,1.0
2026-03-07,21133400701052603071139,BAYONNE,Sales,720650,MINI CUKES,680 G / 1.5 LB,MINI CUKES 680 G / 1.5 LB,65,6.49,12.98,2.0
2026-03-07,21133400701052603071139,BAYONNE,Sales,9877788,KS ORG TOFU,SL 45 7X5 MW 6X6 TE 6X6,KS ORG TOFU SL 45 7X5 MW 6X6 TE 6X6,19,5.79,5.79,1.0
2026-03-07,21133400701052603071139,BAYONNE,Sales,826365,ORG SQUASH,,,65,8.99,8.99,1.0
2026-03-07,21133400701052603071139,BAYONNE,Sales,6660,ORG DANJOU,4LB BAG,ORG DANJOU 4LB BAG,65,8.79,8.79,1.0
2026-03-07,21133400701052603071139,BAYONNE,Sales,375820,/   6660,,,65,0.0,-2.0,-1.0
2026-03-07,21133400701052603071139,BAYONNE,Sales,6659,4LB HONYCRSP,,,65,7.99,7.99,1.0
2026-03-07,21133400701052603071139,BAYONNE,Sales,1474436,KS TRAIL MIX,SL150 C10T6H4 P240,KS TRAIL MIX SL150 C10T6H4 P240,12,14.49,14.49,1.0
2025-02-11,21133400902382502111700,BAYONNE,Sales,703381,CHEDDAR SLCS,T10H5  SL120,CHEDDAR SLCS T10H5  SL120,17,7.99,7.99,1.0
2025-02-11,21133400902382502111700,BAYONNE,Sales,385892,SPICY PICKLE,64 OZ  SL365         P360,SPICY PICKLE 64 OZ  SL365         P360,13,7.79,7.79,1.0
2025-02-11,21133400902382502111700,BAYONNE,Sales,106173,CHKN SAUSAGE,12/3 LBS    9T5H    SL90,CHKN SAUSAGE 12/3 LBS    9T5H    SL90,19,14.99,14.99,1.0
2025-02-11,21133400902382502111700,BAYONNE,Sales,57554,BLUEBERRIES,510 G / 18 OZ,BLUEBERRIES 510 G / 18 OZ,65,4.99,4.99,1.0
2025-02-11,21133400902382502111700,BAYONNE,Sales,1363689,TURKEY BACON,COLUMBUS SL30 T6H5 P300,TURKEY BACON COLUMBUS SL30 T6H5 P300,17,14.99,14.99,1.0
2025-02-11,21133400902382502111700,BAYONNE,Sales,938492,KS KETTLE,PINK SALT P120 T40H3,KS KETTLE PINK SALT P120 T40H3,12,5.99,5.99,1.0
2025-02-11,21133400902382502111700,BAYONNE,Sales,6659,4LB HONYCRSP,,,65,9.99,9.99,1.0
2025-02-11,21133400902382502111700,BAYONNE,Sales,421793,KS STRAWPRES,STRAWBERRY  SL270    P576,KS STRAWPRES STRAWBERRY  SL270    P576,13,7.99,7.99,1.0
2025-02-11,21133400902382502111700,BAYONNE,Sales,1462714,KS ORG A2 PR,3/64OZ SL30 33X4 P132,KS ORG A2 PR 3/64OZ SL30 33X4 P132,17,13.59,13.59,1.0
2025-02-11,21133400902382502111700,BAYONNE,Sales,1830455,KS BAGUETTE,,,62,4.99,4.99,1.0
2025-02-11,21133400902382502111700,BAYONNE,Sales,1267000,KS SALMON,SL30 CHILEAN SLMN 10X5,KS SALMON SL30 CHILEAN SLMN 10X5,19,23.99,23.99,1.0
2025-02-11,21133400902382502111700,BAYONNE,Sales,7552,WILD ALBACOR,SL360           P528,WILD ALBACOR SL360           P528,13,15.99,15.99,1.0
2025-05-12,21133400703662505121619,BAYONNE,Sales,6659,4LB HONYCRSP,,,65,11.99,11.99,1.0
2025-05-12,21133400703662505121619,BAYONNE,Sales,60357,MIXED PEPPER,6-PACK,MIXED PEPPER 6-PACK,65,6.99,6.99,1.0
2025-05-12,21133400703662505121619,BAYONNE,Sales,22995,ORGANIC DRUM,SADDLEPACK,ORGANIC DRUM SADDLEPACK,61,1.99,9.97,1.0
2025-05-12,21133400703662505121619,BAYONNE,Sales,27003,STRAWBERRIES,908 G / 2 LB,STRAWBERRIES 908 G / 2 LB,65,4.99,4.99,1.0
2025-05-12,21133400703662505121619,BAYONNE,Sales,96716,ORG SPINACH,453 G / 16 OZ,ORG SPINACH 453 G / 16 OZ,65,4.49,4.49,1.0
2025-05-12,21133400703662505121619,BAYONNE,Sales,260509,POLYO STRCHZ,10/48Z P450 T9H5     SL45,POLYO STRCHZ 10/48Z P450 T9H5     SL45,17,11.79,11.79,1.0
2025-05-12,21133400703662505121619,BAYONNE,Sales,1199652,BUTER CROISS,,,62,5.99,5.99,1.0
2025-05-12,21133400703662505121619,BAYONNE,Sales,720650,MINI CUKES,680 G / 1.5 LB,MINI CUKES 680 G / 1.5 LB,65,5.99,5.99,1.0
2025-05-12,21133400703662505121619,BAYONNE,Sales,21046,TOMATO MEDLE,,,65,6.59,6.59,1.0
2025-05-12,21133400703662505121619,BAYONNE,Sales,703381,CHEDDAR SLCS,T10H5  SL120,CHEDDAR SLCS T10H5  SL120,17,7.99,7.99,1.0
2025-02-05,21133400802862502051506,BAYONNE,Sales,1830455,KS BAGUETTE,,,62,4.99,4.99,1.0
2025-02-05,21133400802862502051506,BAYONNE,Sales,1827786,CHPTLE RANCH,CHOP SALAD KIT,CHPTLE RANCH CHOP SALAD KIT,65,7.99,7.99,1.0
2025-02-05,21133400802862502051506,BAYONNE,Sales,2534,CHERRIES,907 G / 2 LB,CHERRIES 907 G / 2 LB,65,9.99,9.99,1.0
2025-02-05,21133400802862502051506,BAYONNE,Sales,1462040,KS ARG SHRMP,CA 608G US 908G 6X6 P576,KS ARG SHRMP CA 608G US 908G 6X6 P576,18,21.49,21.49,1.0
2025-02-05,21133400802862502051506,BAYONNE,Sales,5623,BROCCOLI,1.36 KG / 3 LB,BROCCOLI 1.36 KG / 3 LB,65,6.99,6.99,1.0
2025-02-05,21133400802862502051506,BAYONNE,Sales,34323,BEEF RIBEYE,BONELESS  USDA PRIME,BEEF RIBEYE BONELESS  USDA PRIME,61,22.29,72.22,1.0
2025-02-05,21133400802862502051506,BAYONNE,Sales,1364698,KS ORG 2% MK,3/64 SL30 T33H4 P132,KS ORG 2% MK 3/64 SL30 T33H4 P132,17,10.47,10.47,1.0
2025-02-05,21133400802862502051506,BAYONNE,Sales,7367,LOLLIPEPPERS,680 G / 1.5 LB,LOLLIPEPPERS 680 G / 1.5 LB,65,5.99,5.99,1.0
2025-02-05,21133400802862502051506,BAYONNE,Sales,1172471,IRISH BUTTER,C15 T9H5 P675  SL90,IRISH BUTTER C15 T9H5 P675  SL90,17,15.49,15.49,1.0
2025-02-05,21133400802862502051506,BAYONNE,Sales,1072687,PURE VANILLA,473ML C24 L192 P960/1152,PURE VANILLA 473ML C24 L192 P960/1152,13,9.99,9.99,1.0
2025-02-05,21133400802862502051506,BAYONNE,Sales,637598,KS CAGE FREE,SL21 T20H18 P360/P300,KS CAGE FREE SL21 T20H18 P360/P300,17,8.49,8.49,1.0
2025-02-05,21133400802862502051506,BAYONNE,Sales,6659,4LB HONYCRSP,,,65,10.99,10.99,1.0
2025-02-05,21133400802862502051506,BAYONNE,Sales,720650,MINI CUKES,680 G / 1.5 LB,MINI CUKES 680 G / 1.5 LB,65,6.99,6.99,1.0
2025-02-05,21133400802862502051506,BAYONNE,Sales,21046,TOMATO MEDLE,,,65,6.59,13.18,2.0
2025-02-05,21133400802862502051506,BAYONNE,Sales,22995,ORGANIC DRUM,SADDLEPACK,ORGANIC DRUM SADDLEPACK,61,1.99,9.27,1.0
2025-02-05,21133400802862502051506,BAYONNE,Sales,8370,ORG MEDITERR,2PK,ORG MEDITERR 2PK,65,8.99,8.99,1.0
2025-02-05,21133400802862502051506,BAYONNE,Sales,164950,KS PEPPRCORN,WHOLE 399G C20P1080,KS PEPPRCORN WHOLE 399G C20P1080,13,6.69,6.69,1.0
2025-12-20,21133400900522512201123,BAYONNE,Sales,1484855,CHEESE TRAY,"CELLO 12/2# T7H8 SL120","CHEESE TRAY CELLO 12/2# T7H8 SL120",19,12.99,12.99,1.0
2025-12-20,21133400900522512201123,BAYONNE,Sales,21046,TOMATO MEDLE,,,65,7.99,7.99,1.0
2025-12-20,21133400900522512201123,BAYONNE,Sales,1456653,CRACKER COLL,52 OZ  SL 135        P175,CRACKER COLL 52 OZ  SL 135        P175,12,12.89,12.89,1.0
2025-12-20,21133400900522512201123,BAYONNE,Sales,365856,/1456653,,,12,0.0,-4.0,-1.0
2025-12-20,21133400900522512201123,BAYONNE,Sales,5623,BROCCOLI,1.36 KG / 3 LB,BROCCOLI 1.36 KG / 3 LB,65,7.49,7.49,1.0
2025-12-20,21133400900522512201123,BAYONNE,Sales,1267000,KS SALMON,SL30 CHILEAN SLMN 10X5,KS SALMON SL30 CHILEAN SLMN 10X5,19,23.99,23.99,1.0
2025-12-20,21133400900522512201123,BAYONNE,Sales,1830455,KS BAGUETTE,,,62,4.99,4.99,1.0
2025-12-20,21133400900522512201123,BAYONNE,Sales,370529,/ 1830455,,,62,0.0,-1.0,-1.0
2025-12-20,21133400900522512201123,BAYONNE,Sales,519638,ORG BLUES,510 G / 18 OZ,ORG BLUES 510 G / 18 OZ,65,7.99,7.99,1.0
2025-12-20,21133400900522512201123,BAYONNE,Sales,61576,SWEET POTATO,5 LBS,SWEET POTATO 5 LBS,65,3.99,3.99,1.0
2025-12-20,21133400900522512201123,BAYONNE,Sales,1767102,KS MANGO,35OZ P384 SL270,KS MANGO 35OZ P384 SL270,13,9.99,9.99,1.0
2025-12-20,21133400900522512201123,BAYONNE,Sales,91655,BEEF OX TAIL,,,61,8.99,35.15,1.0
2025-12-20,21133400900522512201123,BAYONNE,Sales,720650,MINI CUKES,680 G / 1.5 LB,MINI CUKES 680 G / 1.5 LB,65,6.49,6.49,1.0
2025-12-20,21133400900522512201123,BAYONNE,Sales,33825,WHOLE FRYERS,,,61,0.99,8.49,1.0
2025-12-20,21133400900522512201123,BAYONNE,Sales,60357,MIXED PEPPER,6-PACK,MIXED PEPPER 6-PACK,65,7.49,7.49,1.0
2025-12-20,21133400900522512201123,BAYONNE,Sales,50683,FRUIT TRAY,,,65,11.99,11.99,1.0
2025-12-20,21133400900522512201123,BAYONNE,Sales,3732,CRMYDILLPCKL,2 PACK,CRMYDILLPCKL 2 PACK,65,7.99,7.99,1.0
2025-04-05,21133401002152504051244,BAYONNE,Sales,45579,CANDY HEART,1.36 KG / 3 LB,CANDY HEART 1.36 KG / 3 LB,65,6.99,6.99,1.0
2025-04-05,21133401002152504051244,BAYONNE,Sales,1451835,ANDOUILLE SG,CKN SSG 12/40Z 8T7H SL32,ANDOUILLE SG CKN SSG 12/40Z 8T7H SL32,19,14.99,14.99,1.0
2025-04-05,21133401002152504051244,BAYONNE,Sales,1462714,KS ORG A2 PR,3/64OZ SL30 33X4 P132,KS ORG A2 PR 3/64OZ SL30 33X4 P132,17,10.76,10.76,1.0
2025-04-05,21133401002152504051244,BAYONNE,Sales,1280655,ORG CSR KIT,,,65,8.99,8.99,1.0
2025-04-05,21133401002152504051244,BAYONNE,Sales,22967,ORGNC BS THG,FRESH SADDLEPACK,ORGNC BS THG FRESH SADDLEPACK,61,5.99,28.99,1.0
2025-04-05,21133401002152504051244,BAYONNE,Sales,5623,BROCCOLI,1.36 KG / 3 LB,BROCCOLI 1.36 KG / 3 LB,65,6.99,6.99,1.0
2025-04-05,21133401002152504051244,BAYONNE,Sales,720650,MINI CUKES,680 G / 1.5 LB,MINI CUKES 680 G / 1.5 LB,65,5.99,5.99,1.0
2025-04-05,21133401002152504051244,BAYONNE,Sales,1199652,BUTER CROISS,,,62,5.99,5.99,1.0
2025-04-05,21133401002152504051244,BAYONNE,Sales,518161,BAR SPAGHETI,P=224   T28H8,BAR SPAGHETI P=224   T28H8,13,9.99,9.99,1.0
2025-04-05,21133401002152504051244,BAYONNE,Sales,1891634,SALMON BITES,CS9 T6H6 SL28,SALMON BITES CS9 T6H6 SL28,19,15.99,15.99,1.0
2025-04-05,21133401002152504051244,BAYONNE,Sales,1830455,KS BAGUETTE,,,62,4.99,4.99,1.0
2025-04-05,21133401002152504051244,BAYONNE,Sales,21046,TOMATO MEDLE,,,65,6.59,6.59,1.0
2025-04-05,21133401002152504051244,BAYONNE,Sales,1497720,PLANET OAT,OATMILK C6T9H5 P270 SL50,PLANET OAT OATMILK C6T9H5 P270 SL50,17,4.99,4.99,1.0
2025-04-05,21133401002152504051244,BAYONNE,Sales,842994,ORG MANGOS,,,65,8.99,8.99,1.0
2025-04-05,21133401002152504051244,BAYONNE,Sales,6659,4LB HONYCRSP,,,65,8.99,8.99,1.0
2025-04-05,21133401002152504051244,BAYONNE,Sales,2619,ORG BANANAS,3 LB / 1.36 KG,ORG BANANAS 3 LB / 1.36 KG,65,2.19,2.19,1.0
2025-04-05,21133401002152504051244,BAYONNE,Sales,47292,SOCK SALMON,FILLET PREVIOUSLY FROZEN,SOCK SALMON FILLET PREVIOUSLY FROZEN,61,12.99,17.02,1.0
2025-04-05,21133401002152504051244,BAYONNE,Sales,1068080,PASTURE EGGS,2DZ GRADE A P360/300 SL22,PASTURE EGGS 2DZ GRADE A P360/300 SL22,17,8.79,8.79,1.0
2025-04-05,21133401002152504051244,BAYONNE,Sales,61576,SWEET POTATO,5 LBS,SWEET POTATO 5 LBS,65,4.89,4.89,1.0
2025-04-05,21133401002152504051244,BAYONNE,Sales,1915062,BUTTERBEER,HARRY POTTER P96 SL110,BUTTERBEER HARRY POTTER P96 SL110,12,6.49,6.49,1.0
2023-11-25,21133400701912311251328,BAYONNE,Sales,6659,4LB HONYCRSP,,,65,5.99,5.99,1.0
2023-11-25,21133400701912311251328,BAYONNE,Sales,568915,ORG CUCUMBER,,,65,5.99,5.99,1.0
2023-11-25,21133400701912311251328,BAYONNE,Sales,21046,TOMATO MEDLE,,,65,6.59,6.59,1.0
2023-11-25,21133400701912311251328,BAYONNE,Sales,7445,10LB BAKERS,4.5KG / 10 LB,10LB BAKERS 4.5KG / 10 LB,65,5.99,5.99,1.0
2023-11-25,21133400701912311251328,BAYONNE,Sales,1273361,KS CHSE VRTY,8/29OZ 6T3H 120SL,KS CHSE VRTY 8/29OZ 6T3H 120SL,19,24.99,24.99,1.0
2023-11-25,21133400701912311251328,BAYONNE,Sales,1258564,BEEFSTICKS,P360 T6H4 28/.5OX SL300,BEEFSTICKS P360 T6H4 28/.5OX SL300,12,16.79,16.79,1.0
2023-11-25,21133400701912311251328,BAYONNE,Sales,9440,COCONUT MILK,THAI KITCHEN (32X10) P320,COCONUT MILK THAI KITCHEN (32X10) P320,13,10.99,10.99,1.0
2023-11-25,21133400701912311251328,BAYONNE,Sales,36886,ORGANIC GT,,,61,19.99,19.99,1.0
2023-11-25,21133400701912311251328,BAYONNE,Sales,27003,STRAWBERRIES,908 G / 2 LB,STRAWBERRIES 908 G / 2 LB,65,5.49,5.49,1.0
2023-11-25,21133400701912311251328,BAYONNE,Sales,38742,SWEET CORN,8 PACK,SWEET CORN 8 PACK,65,6.99,6.99,1.0
2023-11-25,21133400701912311251328,BAYONNE,Sales,2619,ORG BANANAS,3 LB / 1.36 KG,ORG BANANAS 3 LB / 1.36 KG,65,1.99,1.99,1.0
2023-11-25,21133400701912311251328,BAYONNE,Sales,1391546,BAGEL CHIPS,SCHWARTZ 425G P324 SL90,BAGEL CHIPS SCHWARTZ 425G P324 SL90,13,7.99,7.99,1.0
2023-11-25,21133400701912311251328,BAYONNE,Sales,1487910,CRANJALAMEAT,12/46 OZ  6T6H  SL32,CRANJALAMEAT 12/46 OZ  6T6H  SL32,19,14.89,14.89,1.0
2023-11-25,21133400701912311251328,BAYONNE,Sales,315406,/1487910,,,19,0.0,-4.0,-1.0
2023-11-25,21133400701912311251328,BAYONNE,Sales,1157210,ORG CACAO,24OZ BAG    P288,ORG CACAO 24OZ BAG    P288,13,7.49,7.49,1.0
2023-11-25,21133400701912311251328,BAYONNE,Sales,60357,MIXED PEPPER,6-PACK,MIXED PEPPER 6-PACK,65,6.69,6.69,1.0
2023-11-25,21133400701912311251328,BAYONNE,Sales,1343114,CHOC CAKE,WITH CHOCOLATE MOUSSE,CHOC CAKE WITH CHOCOLATE MOUSSE,62,15.99,15.99,1.0
2025-02-22,21133400804082502221606,BAYONNE,Sales,8370,ORG MEDITERR,2PK,ORG MEDITERR 2PK,65,8.99,8.99,1.0
2025-02-22,21133400804082502221606,BAYONNE,Sales,1710454,KEW MAYO,T10H5  SL 270  P800,KEW MAYO T10H5  SL 270  P800,13,6.49,6.49,1.0
2025-02-22,21133400804082502221606,BAYONNE,Sales,1721762,MEYERS SOAP,HAND SOAP SET P210,MEYERS SOAP HAND SOAP SET P210,20,17.99,17.99,1.0
2025-02-22,21133400804082502221606,BAYONNE,Sales,5276,RED GRAPES,1.36 KG / 3 LB,RED GRAPES 1.36 KG / 3 LB,65,6.89,6.89,1.0
2025-02-22,21133400804082502221606,BAYONNE,Sales,7367,LOLLIPEPPERS,680 G / 1.5 LB,LOLLIPEPPERS 680 G / 1.5 LB,65,5.99,5.99,1.0
2025-02-22,21133400804082502221606,BAYONNE,Sales,1462714,KS ORG A2 PR,3/64OZ SL30 33X4 P132,KS ORG A2 PR 3/64OZ SL30 33X4 P132,17,13.59,13.59,1.0
2025-02-22,21133400804082502221606,BAYONNE,Sales,637598,KS CAGE FREE,SL21 T20H18 P360/P300,KS CAGE FREE SL21 T20H18 P360/P300,17,8.49,8.49,1.0
2025-02-22,21133400804082502221606,BAYONNE,Sales,331100,POTATOES,2.27 KG / 5 LB,POTATOES 2.27 KG / 5 LB,65,7.99,7.99,1.0
2025-02-22,21133400804082502221606,BAYONNE,Sales,19452,ORG CHKTENDR,TENDERLOIN SADDLEPACK,ORG CHKTENDR TENDERLOIN SADDLEPACK,61,5.99,30.43,1.0
2025-02-22,21133400804082502221606,BAYONNE,Sales,6659,4LB HONYCRSP,,,65,9.99,9.99,1.0
2025-02-22,21133400804082502221606,BAYONNE,Sales,1258564,BEEFSTICKS,P360 T6H4 28/.5OX SL300,BEEFSTICKS P360 T6H4 28/.5OX SL300,12,16.79,16.79,1.0
2025-02-22,21133400804082502221606,BAYONNE,Sales,349053,/ 1258564,,,12,0.0,-5.0,-1.0
2025-02-22,21133400804082502221606,BAYONNE,Sales,1462040,KS ARG SHRMP,CA 608G US 908G 6X6 P576,KS ARG SHRMP CA 608G US 908G 6X6 P576,18,21.49,21.49,1.0
2025-02-22,21133400804082502221606,BAYONNE,Sales,1391546,BAGEL CHIPS,SCHWARTZ 425G P324 SL90,BAGEL CHIPS SCHWARTZ 425G P324 SL90,13,7.99,7.99,1.0
2025-02-22,21133400804082502221606,BAYONNE,Sales,348489,/ 1391546,,,13,0.0,-1.6,-1.0
2025-02-22,21133400804082502221606,BAYONNE,Sales,5623,BROCCOLI,1.36 KG / 3 LB,BROCCOLI 1.36 KG / 3 LB,65,6.99,6.99,1.0
2025-02-22,21133400804082502221606,BAYONNE,Sales,38742,SWEET CORN,8 PACK,SWEET CORN 8 PACK,65,6.99,6.99,1.0
2025-02-22,21133400804082502221606,BAYONNE,Sales,1830455,KS BAGUETTE,,,62,4.99,4.99,1.0
2025-02-22,21133400804082502221606,BAYONNE,Sales,7812,YELLOW ONION,5 LBS,YELLOW ONION 5 LBS,65,3.99,3.99,1.0
2025-02-22,21133400804082502221606,BAYONNE,Sales,720650,MINI CUKES,680 G / 1.5 LB,MINI CUKES 680 G / 1.5 LB,65,6.99,6.99,1.0
2025-02-22,21133400804082502221606,BAYONNE,Sales,96716,ORG SPINACH,453 G / 16 OZ,ORG SPINACH 453 G / 16 OZ,65,4.49,4.49,1.0
2025-02-22,21133400804082502221606,BAYONNE,Sales,7552,WILD ALBACOR,SL360           P528,WILD ALBACOR SL360           P528,13,15.99,15.99,1.0
2025-12-21,21133420200452512211125,BAYONNE,Sales,2990,ORG HONEST K,JUICE SL90       P=105,ORG HONEST K JUICE SL90       P=105,13,13.99,13.99,1.0
2024-11-30,21133400903722411301556,BAYONNE,Sales,5623,BROCCOLI,1.36 KG / 3 LB,BROCCOLI 1.36 KG / 3 LB,65,6.99,6.99,1.0
2024-11-30,21133400903722411301556,BAYONNE,Sales,57554,BLUEBERRIES,510 G / 18 OZ,BLUEBERRIES 510 G / 18 OZ,65,6.49,6.49,1.0
2024-11-30,21133400903722411301556,BAYONNE,Sales,516822,KS ORG STOCK,KS ORGANIC   SL292   P150,KS ORG STOCK KS ORGANIC   SL292   P150,13,8.99,8.99,1.0
2024-11-30,21133400903722411301556,BAYONNE,Sales,8258,ASIAN CASHEW,2PK,ASIAN CASHEW 2PK,65,6.99,6.99,1.0
2024-11-30,21133400903722411301556,BAYONNE,Sales,720650,MINI CUKES,680 G / 1.5 LB,MINI CUKES 680 G / 1.5 LB,65,6.99,6.99,1.0
2024-11-30,21133400903722411301556,BAYONNE,Sales,1068080,PASTURE EGGS,2DZ GRADE A P360/300 SL22,PASTURE EGGS 2DZ GRADE A P360/300 SL22,17,8.49,8.49,1.0
2024-11-30,21133400903722411301556,BAYONNE,Sales,1364689,KS ORG WH MK,3/64 SL30 T33H4 P132,KS ORG WH MK 3/64 SL30 T33H4 P132,17,10.47,10.47,1.0
2024-11-30,21133400903722411301556,BAYONNE,Sales,993449,ORGANIC PSTA,ORGANIC PASTA SL365  P144,ORGANIC PSTA ORGANIC PASTA SL365  P144,13,9.59,9.59,1.0
2024-11-30,21133400903722411301556,BAYONNE,Sales,1199652,BUTER CROISS,,,62,5.99,5.99,1.0
2024-11-30,21133400903722411301556,BAYONNE,Sales,18600,MANDARINS,2.27 KG / 5 LBS,MANDARINS 2.27 KG / 5 LBS,65,6.49,6.49,1.0
2024-11-30,21133400903722411301556,BAYONNE,Sales,703381,CHEDDAR SLCS,T10H5  SL120,CHEDDAR SLCS T10H5  SL120,17,7.99,7.99,1.0
2024-11-24,21133400702592411241556,BAYONNE,Sales,202193,MINI PEPPERS,680 G / 1.5 LB,MINI PEPPERS 680 G / 1.5 LB,65,3.99,3.99,1.0
2024-11-24,21133400702592411241556,BAYONNE,Sales,1068080,PASTURE EGGS,2DZ GRADE A P360/300 SL22,PASTURE EGGS 2DZ GRADE A P360/300 SL22,17,8.49,8.49,1.0
2024-11-24,21133400702592411241556,BAYONNE,Sales,545345,KS PISTACHIO,C13T6H4 P312 SL300,KS PISTACHIO C13T6H4 P312 SL300,12,13.99,13.99,1.0
2024-11-24,21133400702592411241556,BAYONNE,Sales,384962,KS U/S QTRS,SL90,KS U/S QTRS SL90,17,13.99,13.99,1.0
2024-11-24,21133400702592411241556,BAYONNE,Sales,720650,MINI CUKES,680 G / 1.5 LB,MINI CUKES 680 G / 1.5 LB,65,6.99,6.99,1.0
2024-11-24,21133400702592411241556,BAYONNE,Sales,1830455,KS BAGUETTE,,,62,4.99,4.99,1.0
2024-11-24,21133400702592411241556,BAYONNE,Sales,1011378,CHICK PEAS,P240 .,CHICK PEAS P240 .,13,7.99,7.99,1.0
2024-11-24,21133400702592411241556,BAYONNE,Sales,340443,/BEANS,,,13,0.0,-2.0,-1.0
2024-11-24,21133400702592411241556,BAYONNE,Sales,47825,GREEN GRAPES,1.36 KG / 3 LB,GREEN GRAPES 1.36 KG / 3 LB,65,6.99,6.99,1.0
2024-11-24,21133400702592411241556,BAYONNE,Sales,6659,4LB HONYCRSP,,,65,8.99,8.99,1.0
2024-11-24,21133400702592411241556,BAYONNE,Sales,1364689,KS ORG WH MK,3/64 SL30 T33H4 P132,KS ORG WH MK 3/64 SL30 T33H4 P132,17,10.47,20.94,2.0
2024-11-24,21133400702592411241556,BAYONNE,Sales,21046,TOMATO MEDLE,,,65,6.59,6.59,1.0
2024-11-24,21133400702592411241556,BAYONNE,Sales,25551,SHRIMP 21/25,TAIL ON             6T 6H,SHRIMP 21/25 TAIL ON             6T 6H,18,13.99,13.99,1.0
2023-07-31,21133400701202307311220,BAYONNE,Sales,595006,TZATZIKI DIP,12/32 OZ   7T6H   SL50,TZATZIKI DIP 12/32 OZ   7T6H   SL50,19,7.89,7.89,1.0
2023-07-31,21133400701202307311220,BAYONNE,Sales,1142830,ORG MEDITERR,,,65,8.49,16.98,2.0
2023-07-31,21133400701202307311220,BAYONNE,Sales,1645476,POMPEIAN EVO,EVOO 2L T78H4 SL435,POMPEIAN EVO EVOO 2L T78H4 SL435,13,15.99,15.99,1.0
2023-07-31,21133400701202307311220,BAYONNE,Sales,36712,U-15 SHRIMP,FARM RAISED,U-15 SHRIMP FARM RAISED,61,37.99,37.99,1.0
2023-07-31,21133400701202307311220,BAYONNE,Sales,1474436,KS TRAIL MIX,SL150 C10T6H4 P240,KS TRAIL MIX SL150 C10T6H4 P240,12,12.99,12.99,1.0
2023-07-31,21133400701202307311220,BAYONNE,Sales,864984,SUMMER PASTA,SUMMER VTY 6/1.1LB   P144,SUMMER PASTA SUMMER VTY 6/1.1LB   P144,13,10.69,10.69,1.0
2023-07-31,21133400701202307311220,BAYONNE,Sales,308417,/864984,,,13,0.0,-2.2,-1.0
2023-07-31,21133400701202307311220,BAYONNE,Sales,1726318,SALMON SUSHI,HANA SL1D 30C 4T2H 240P,SALMON SUSHI HANA SL1D 30C 4T2H 240P,19,16.79,16.79,1.0
2023-07-31,21133400701202307311220,BAYONNE,Sales,647465,AVOCADOS,6 COUNT,AVOCADOS 6 COUNT,65,6.29,6.29,1.0
2023-07-31,21133400701202307311220,BAYONNE,Sales,5276,RED GRAPES,1.36 KG / 3 LB,RED GRAPES 1.36 KG / 3 LB,65,5.99,5.99,1.0
2023-07-31,21133400701202307311220,BAYONNE,Sales,3923,LIMES 3 LB.,1.36 KG / 3 LB.,LIMES 3 LB. 1.36 KG / 3 LB.,65,4.99,4.99,1.0
2023-07-31,21133400701202307311220,BAYONNE,Sales,1364689,KS ORG WH MK,3/64 SL30 T33H4 P132,KS ORG WH MK 3/64 SL30 T33H4 P132,17,12.49,12.49,1.0
2023-07-31,21133400701202307311220,BAYONNE,Sales,1263833,D&W ORG TURK,C=14 4T11H SL=35,D&W ORG TURK C=14 4T11H SL=35,19,18.99,18.99,1.0
2023-07-31,21133400701202307311220,BAYONNE,Sales,43221,ATL COD,FILLET,ATL COD FILLET,61,9.99,32.37,1.0
2023-07-31,21133400701202307311220,BAYONNE,Sales,983491,CRUNCHY BUTR,CRUNCHY TX480  P600 SL365,CRUNCHY BUTR CRUNCHY TX480  P600 SL365,13,14.99,14.99,1.0
2023-07-31,21133400701202307311220,BAYONNE,Sales,45510,ST. LOUIS,RIBS,ST. LOUIS RIBS,63,7.99,20.69,1.0
2023-07-31,21133400701202307311220,BAYONNE,Sales,60357,MIXED PEPPER,6-PACK,MIXED PEPPER 6-PACK,65,6.99,6.99,1.0
2023-07-31,21133400701202307311220,BAYONNE,Sales,21046,TOMATO MEDLE,,,65,6.69,6.69,1.0
2023-07-31,21133400701202307311220,BAYONNE,Sales,2619,ORG BANANAS,3 LB / 1.36 KG,ORG BANANAS 3 LB / 1.36 KG,65,2.19,2.19,1.0
2023-07-31,21133400701202307311220,BAYONNE,Sales,782796,***KSWTR40PK,P48=SE   P56=PR,***KSWTR40PK P48=SE   P56=PR,14,3.99,3.99,1.0
2023-07-31,21133400701202307311220,BAYONNE,Sales,1461056,BABY CUKE,,,65,5.99,5.99,1.0
2023-07-31,21133400701202307311220,BAYONNE,Sales,1162288,KS ORG EVOO,EV OLIVE OIL 1L SL340P672,KS ORG EVOO EV OLIVE OIL 1L SL340P672,13,14.99,14.99,1.0
2023-01-24,21133401101982301241257,BAYONNE,Sales,1391546,BAGEL CHIPS,SCHWARTZ 425G P324 SL90,BAGEL CHIPS SCHWARTZ 425G P324 SL90,13,7.99,7.99,1.0
2023-01-24,21133401101982301241257,BAYONNE,Sales,1364689,KS ORG WH MK,3/64 SL30 T33H4 P132,KS ORG WH MK 3/64 SL30 T33H4 P132,17,12.69,25.38,2.0
2023-01-24,21133401101982301241257,BAYONNE,Sales,60357,MIXED PEPPER,6-PACK,MIXED PEPPER 6-PACK,65,7.49,7.49,1.0
2023-01-24,21133401101982301241257,BAYONNE,Sales,2619,ORG BANANAS,3 LB / 1.36 KG,ORG BANANAS 3 LB / 1.36 KG,65,2.39,2.39,1.0
2023-01-24,21133401101982301241257,BAYONNE,Sales,1493488,KS BABY WIPE,FRAGRANCE FREE 900CT P56,KS BABY WIPE FRAGRANCE FREE 900CT P56,20,20.99,20.99,1.0
2023-01-24,21133401101982301241257,BAYONNE,Sales,1306598,FREE RNG XL,GRADE A T20H18 P360 SL23,FREE RNG XL GRADE A T20H18 P360 SL23,17,7.59,7.59,1.0
2023-01-24,21133401101982301241257,BAYONNE,Sales,512599,**KS TOWEL**,P24 FQ/P20,**KS TOWEL** P24 FQ/P20,14,19.99,19.99,1.0
2023-01-24,21133401101982301241257,BAYONNE,Sales,545345,KS PISTACHIO,C13T6H4 P312 SL300,KS PISTACHIO C13T6H4 P312 SL300,12,15.99,15.99,1.0
2023-01-24,21133401101982301241257,BAYONNE,Sales,1057076,TRU CHKN STR,20/2-16 OZ T6H4 SL55,TRU CHKN STR 20/2-16 OZ T6H4 SL55,19,14.69,14.69,1.0
2023-01-24,21133401101982301241257,BAYONNE,Sales,295875,/1057076,,,19,0.0,-3.0,-1.0
2023-01-24,21133401101982301241257,BAYONNE,Sales,1461056,BABY CUKE,,,65,6.99,6.99,1.0
2023-01-24,21133401101982301241257,BAYONNE,Sales,43221,ATL COD,FILLET,ATL COD FILLET,61,9.99,15.58,1.0
2023-01-24,21133401101982301241257,BAYONNE,Sales,527705,A&H BFSALAMI,KOSHER 2-PK   T6H8   SL70,A&H BFSALAMI KOSHER 2-PK   T6H8   SL70,19,12.59,12.59,1.0
2023-01-24,21133401101982301241257,BAYONNE,Sales,993449,ORGANIC PSTA,ORGANIC PASTA SL365  P144,ORGANIC PSTA ORGANIC PASTA SL365  P144,13,9.99,9.99,1.0
2023-01-24,21133401101982301241257,BAYONNE,Sales,331100,POTATOES,2.27 KG / 5 LB,POTATOES 2.27 KG / 5 LB,65,8.29,8.29,1.0
2023-01-24,21133401101982301241257,BAYONNE,Sales,938492,KS KETTLE,HMLYN SLT P120 T40H3,KS KETTLE HMLYN SLT P120 T40H3,12,5.79,5.79,1.0
2023-01-24,21133401101982301241257,BAYONNE,Sales,1142830,ORG MEDITERR,,,65,8.49,8.49,1.0
2023-01-24,21133401101982301241257,BAYONNE,Sales,21046,TOMATO MEDLE,,,65,6.69,6.69,1.0
2023-01-24,21133401101982301241257,BAYONNE,Sales,7859,SMOKD SALMON,FOPPEN SL28 T8H5,SMOKD SALMON FOPPEN SL28 T8H5,19,10.99,10.99,1.0
2023-01-24,21133401101982301241257,BAYONNE,Sales,757263,CHEX MIX,T50H3  P150 SL149,CHEX MIX T50H3  P150 SL149,12,7.39,7.39,1.0
2023-01-24,21133401101982301241257,BAYONNE,Sales,295835,/757263,,,12,0.0,-2.0,-1.0
2023-01-24,21133401101982301241257,BAYONNE,Sales,5720,HH STRAW,795 G / 1.75 LB,HH STRAW 795 G / 1.75 LB,65,10.99,10.99,1.0
2023-01-24,21133401101982301241257,BAYONNE,Sales,2251987,ORG HUMMUS,34OZ          T8H6 SL50,ORG HUMMUS 34OZ          T8H6 SL50,19,5.99,5.99,1.0
2023-01-24,21133401101982301241257,BAYONNE,Sales,782796,***KSWTR40PK,P48=SE   P56=PR,***KSWTR40PK P48=SE   P56=PR,14,3.99,7.98,2.0
2024-03-18,21133400502552403181444,BAYONNE,Sales,2619,ORG BANANAS,3 LB / 1.36 KG,ORG BANANAS 3 LB / 1.36 KG,65,1.99,1.99,1.0
2024-03-18,21133400502552403181444,BAYONNE,Sales,8370,ORG MEDITERR,2PK,ORG MEDITERR 2PK,65,8.99,8.99,1.0
2024-03-18,21133400502552403181444,BAYONNE,Sales,1364689,KS ORG WH MK,3/64 SL30 T33H4 P132,KS ORG WH MK 3/64 SL30 T33H4 P132,17,11.99,23.98,2.0
2024-03-18,21133400502552403181444,BAYONNE,Sales,5850,SWEETKALEDUO,2 X 14 OZ,SWEETKALEDUO 2 X 14 OZ,65,6.99,6.99,1.0
2024-03-18,21133400502552403181444,BAYONNE,Sales,6659,4LB HONYCRSP,,,65,6.99,6.99,1.0
2024-03-18,21133400502552403181444,BAYONNE,Sales,568915,ORG CUCUMBER,,,65,5.99,5.99,1.0
2024-03-18,21133400502552403181444,BAYONNE,Sales,1391546,BAGEL CHIPS,SCHWARTZ 425G P324 SL90,BAGEL CHIPS SCHWARTZ 425G P324 SL90,13,7.99,7.99,1.0
2024-03-18,21133400502552403181444,BAYONNE,Sales,703381,CHEDDAR SLCS,T10H5  SL120,CHEDDAR SLCS T10H5  SL120,17,7.99,7.99,1.0
2024-03-18,21133400502552403181444,BAYONNE,Sales,27003,STRAWBERRIES,908 G / 2 LB,STRAWBERRIES 908 G / 2 LB,65,4.99,4.99,1.0
2024-03-18,21133400502552403181444,BAYONNE,Sales,427381,KS ORG EGGS,GRADE AA  P360/300  SL26,KS ORG EGGS GRADE AA  P360/300  SL26,17,7.59,7.59,1.0
2024-03-18,21133400502552403181444,BAYONNE,Sales,595006,TZATZIKI DIP,12/32 OZ   7T6H   SL50,TZATZIKI DIP 12/32 OZ   7T6H   SL50,19,7.89,7.89,1.0
2024-03-18,21133400502552403181444,BAYONNE,Sales,1267000,KS SALMON,SL30 CHILEAN SLMN 10X5,KS SALMON SL30 CHILEAN SLMN 10X5,19,23.99,23.99,1.0
2024-03-18,21133400502552403181444,BAYONNE,Sales,376052,KS CHOCALMND,T6H5  P360 SL292,KS CHOCALMND T6H5  P360 SL292,12,14.79,14.79,1.0
2022-11-11,21133400800212211111104,BAYONNE,Sales,813734,POTATO ROLL,16 CT 30 OZ,POTATO ROLL 16 CT 30 OZ,13,6.89,6.89,1.0
2022-11-11,21133400800212211111104,BAYONNE,Sales,1162288,KS ORG EVOO,EV OLIVE OIL 1L SL340P672,KS ORG EVOO EV OLIVE OIL 1L SL340P672,13,13.99,13.99,1.0
2022-11-11,21133400800212211111104,BAYONNE,Sales,1643753,20PC COMBO,HANA SL 1D 30C 4T2H 240P,20PC COMBO HANA SL 1D 30C 4T2H 240P,19,19.99,19.99,1.0
2022-11-11,21133400800212211111104,BAYONNE,Sales,782796,***KSWTR40PK,P48=SE   P56=PR,***KSWTR40PK P48=SE   P56=PR,14,4.29,4.29,1.0
2022-11-11,21133400800212211111104,BAYONNE,Sales,21046,TOMATO MEDLE,,,65,6.69,6.69,1.0
2022-11-11,21133400800212211111104,BAYONNE,Sales,290353,/21046,,,65,0.0,-1.0,-1.0
2022-11-11,21133400800212211111104,BAYONNE,Sales,5276,RED GRAPES,1.36 KG / 3 LB,RED GRAPES 1.36 KG / 3 LB,65,4.99,4.99,1.0
2022-11-11,21133400800212211111104,BAYONNE,Sales,1364689,KS ORG WH MK,3/64 SL30 T33H4 P132,KS ORG WH MK 3/64 SL30 T33H4 P132,17,11.49,22.98,2.0
2022-11-11,21133400800212211111104,BAYONNE,Sales,1231917,ROJO CORN,12/32 OZ   T8H7   SL45,ROJO CORN 12/32 OZ   T8H7   SL45,19,8.89,8.89,1.0
2022-11-11,21133400800212211111104,BAYONNE,Sales,288497,/1231917,,,19,0.0,-2.5,-1.0
2022-11-11,21133400800212211111104,BAYONNE,Sales,993449,ORGANIC PSTA,ORGANIC PASTA SL365  P144,ORGANIC PSTA ORGANIC PASTA SL365  P144,13,9.99,9.99,1.0
2022-11-11,21133400800212211111104,BAYONNE,Sales,1142830,ORG MEDITERR,,,65,8.49,8.49,1.0
2022-11-11,21133400800212211111104,BAYONNE,Sales,460862,VAR SLICED,ANDERSON T7H10 SL90,VAR SLICED ANDERSON T7H10 SL90,19,9.79,9.79,1.0
2022-11-11,21133400800212211111104,BAYONNE,Sales,60357,MIXED PEPPER,6-PACK,MIXED PEPPER 6-PACK,65,7.49,7.49,1.0
2022-11-11,21133400800212211111104,BAYONNE,Sales,47266,ORG BS THIGH,FRESH SADDLEPACK,ORG BS THIGH FRESH SADDLEPACK,61,5.99,31.51,1.0
2022-11-11,21133400800212211111104,BAYONNE,Sales,1306598,FREE RNG XL,GRADE A T20H18 P360 SL23,FREE RNG XL GRADE A T20H18 P360 SL23,17,7.59,7.59,1.0
2022-11-11,21133400800212211111104,BAYONNE,Sales,45694,BAGUETTE,2 PACK,BAGUETTE 2 PACK,62,5.99,5.99,1.0
2022-11-11,21133400800212211111104,BAYONNE,Sales,900861,ORGANC SASLA,SUNBELT T12H5  SL13,ORGANC SASLA SUNBELT T12H5  SL13,19,8.39,8.39,1.0
2022-11-11,21133400800212211111104,BAYONNE,Sales,19808,SMOKD SALMON,30/16 OZ SL=28 T7X7,SMOKD SALMON 30/16 OZ SL=28 T7X7,19,16.79,16.79,1.0
2022-11-11,21133400800212211111104,BAYONNE,Sales,1461056,BABY CUKE,,,65,5.99,11.98,2.0
2022-11-11,21133400800212211111104,BAYONNE,Sales,519638,ORG BLUES,510 G / 18 OZ,ORG BLUES 510 G / 18 OZ,65,5.99,5.99,1.0
2022-11-11,21133400800212211111104,BAYONNE,Sales,5623,BROCCOLI,1.36 KG / 3 LB,BROCCOLI 1.36 KG / 3 LB,65,5.99,5.99,1.0
2022-11-11,21133400800212211111104,BAYONNE,Sales,2619,ORG BANANAS,3 LB / 1.36 KG,ORG BANANAS 3 LB / 1.36 KG,65,2.49,2.49,1.0
2025-06-19,21133400603342506191602,BAYONNE,Sales,1189000,MOZZARELLA,T10H6  SL38,MOZZARELLA T10H6  SL38,19,8.29,8.29,1.0
2025-06-19,21133400603342506191602,BAYONNE,Sales,720650,MINI CUKES,680 G / 1.5 LB,MINI CUKES 680 G / 1.5 LB,65,5.99,5.99,1.0
2025-06-19,21133400603342506191602,BAYONNE,Sales,1896154,BAKED 30 CT,P54 T9H6 SL50,BAKED 30 CT P54 T9H6 SL50,12,19.69,19.69,1.0
2025-06-19,21133400603342506191602,BAYONNE,Sales,1143978,CHOC CREPES,SL63 P432/324,CHOC CREPES SL63 P432/324,13,8.49,8.49,1.0
2025-06-19,21133400603342506191602,BAYONNE,Sales,357130,/1143978,,,13,0.0,-3.0,-1.0
2025-06-19,21133400603342506191602,BAYONNE,Sales,1830455,KS BAGUETTE,,,62,4.99,4.99,1.0
2025-06-19,21133400603342506191602,BAYONNE,Sales,14234,CABOT 3 VTY,9/3-7OZ T10H6    SL100,CABOT 3 VTY 9/3-7OZ T10H6    SL100,19,8.99,8.99,1.0
2025-06-19,21133400603342506191602,BAYONNE,Sales,7812,YELLOW ONION,5 LBS,YELLOW ONION 5 LBS,65,3.29,3.29,1.0
2025-06-19,21133400603342506191602,BAYONNE,Sales,2619,ORG BANANAS,3 LB / 1.36 KG,ORG BANANAS 3 LB / 1.36 KG,65,2.19,2.19,1.0
2025-06-19,21133400603342506191602,BAYONNE,Sales,1298989,CANDY SNAP,3LB SEEDLESS,CANDY SNAP 3LB SEEDLESS,65,7.99,7.99,1.0
2025-06-19,21133400603342506191602,BAYONNE,Sales,6659,4LB HONYCRSP,,,65,12.99,12.99,1.0
2025-06-19,21133400603342506191602,BAYONNE,Sales,186626,PARMIGIANO,15/1LB T6X11 P990  SL120,PARMIGIANO 15/1LB T6X11 P990  SL120,19,15.69,15.69,1.0
2025-06-19,21133400603342506191602,BAYONNE,Sales,60357,MIXED PEPPER,6-PACK,MIXED PEPPER 6-PACK,65,6.99,6.99,1.0
2025-06-19,21133400603342506191602,BAYONNE,Sales,21046,TOMATO MEDLE,,,65,6.59,6.59,1.0
2025-06-19,21133400603342506191602,BAYONNE,Sales,5001,WHITE PEACH,1.81 KG / 4 LB,WHITE PEACH 1.81 KG / 4 LB,65,11.99,11.99,1.0
2025-06-19,21133400603342506191602,BAYONNE,Sales,1462714,KS ORG A2 PR,3/64OZ SL30 33X4 P132,KS ORG A2 PR 3/64OZ SL30 33X4 P132,17,10.76,10.76,1.0
2025-06-19,21133400603342506191602,BAYONNE,Sales,36886,ORGANIC GT,,,61,19.99,19.99,1.0
2025-06-19,21133400603342506191602,BAYONNE,Sales,3923,LIMES 3 LB.,1.36 KG / 3 LB.,LIMES 3 LB. 1.36 KG / 3 LB.,65,5.49,5.49,1.0
2025-06-19,21133400603342506191602,BAYONNE,Sales,1883227,LEGO SPEED,P304 FY25,LEGO SPEED P304 FY25,28,21.99,43.98,2.0
2025-06-19,21133400603342506191602,BAYONNE,Sales,5938,POTATOES,4.54 KG / 10 LB,POTATOES 4.54 KG / 10 LB,65,6.99,6.99,1.0
2025-06-19,21133400603342506191602,BAYONNE,Sales,316689,BRN RICE RMN,850G LOTUS FOODS P240,BRN RICE RMN 850G LOTUS FOODS P240,13,8.99,8.99,1.0
2025-06-19,21133400603342506191602,BAYONNE,Sales,1050557,KS PB PRTZEL,1.56KG T56H4 P224 SL120,KS PB PRTZEL 1.56KG T56H4 P224 SL120,12,9.79,9.79,1.0
2025-06-19,21133400603342506191602,BAYONNE,Sales,897342,LACROIX VTY,LEMON GRAPEFRUIT P100,LACROIX VTY LEMON GRAPEFRUIT P100,14,9.79,9.79,1.0
2026-04-12,21133400303612604121459,BAYONNE,Sales,6659,4LB HONYCRSP,,,65,8.99,8.99,1.0
2026-04-12,21133400303612604121459,BAYONNE,Sales,83345,LEMONS,2.27 KG / 5 LB BAG,LEMONS 2.27 KG / 5 LB BAG,65,6.89,6.89,1.0
2026-04-12,21133400303612604121459,BAYONNE,Sales,947880,HF NAT TRKEY,T6H4P216  SL30,HF NAT TRKEY T6H4P216  SL30,17,12.89,12.89,1.0
2026-04-12,21133400303612604121459,BAYONNE,Sales,720650,MINI CUKES,680 G / 1.5 LB,MINI CUKES 680 G / 1.5 LB,65,4.99,4.99,1.0
2026-04-12,21133400303612604121459,BAYONNE,Sales,8139,ORG BART PEA,4LB BOX,ORG BART PEA 4LB BOX,65,7.99,7.99,1.0
2026-04-12,21133400303612604121459,BAYONNE,Sales,1474436,KS TRAIL MIX,SL150 C10T6H4 P240,KS TRAIL MIX SL150 C10T6H4 P240,12,14.49,14.49,1.0
2026-04-12,21133400303612604121459,BAYONNE,Sales,2300,ORRI MAND,3 LBS,ORRI MAND 3 LBS,65,3.99,3.99,1.0
2026-04-12,21133400303612604121459,BAYONNE,Sales,703381,CHEDDAR SLCS,T9H3P270 SL120,CHEDDAR SLCS T9H3P270 SL120,17,8.69,8.69,1.0
2026-04-12,21133400303612604121459,BAYONNE,Sales,1644309,KS SOCKEYE,WC-T5H5 SL27  EC-T8H7SL30,KS SOCKEYE WC-T5H5 SL27  EC-T8H7SL30,19,23.99,23.99,1.0
2026-04-12,21133400303612604121459,BAYONNE,Sales,512447,DAVE'S 21 WG,BREAD    SL10    P180,DAVE'S 21 WG BREAD    SL10    P180,13,8.99,8.99,1.0
2026-04-12,21133400303612604121459,BAYONNE,Sales,61576,SWEET POTATO,5 LBS,SWEET POTATO 5 LBS,65,5.99,5.99,1.0
2026-04-12,21133400303612604121459,BAYONNE,Sales,1949060,GRAZA HUMMUS,C20 9T5H  SL65,GRAZA HUMMUS C20 9T5H  SL65,19,7.49,7.49,1.0
2026-04-12,21133400303612604121459,BAYONNE,Sales,21046,TOMATO MEDLE,,,65,7.99,7.99,1.0
2026-04-12,21133400303612604121459,BAYONNE,Sales,777891,KS SCALLOPS,NW/NE/SE/TE 6X5,KS SCALLOPS NW/NE/SE/TE 6X5,18,44.79,44.79,1.0
2026-04-12,21133400303612604121459,BAYONNE,Sales,1199652,BUTER CROISS,,,62,5.99,5.99,1.0
2026-04-12,21133400303612604121459,BAYONNE,Sales,1827786,CHPTLE RANCH,CHOP SALAD KIT,CHPTLE RANCH CHOP SALAD KIT,65,7.99,7.99,1.0
2026-04-12,21133400303612604121459,BAYONNE,Sales,60357,MIXED PEPPER,6-PACK,MIXED PEPPER 6-PACK,65,7.49,7.49,1.0
2026-02-21,21133400301072602211052,BAYONNE,Sales,21046,TOMATO MEDLE,,,65,7.99,7.99,1.0
2026-02-21,21133400301072602211052,BAYONNE,Sales,2233,NECTARINE,,,65,6.29,6.29,1.0
2026-02-21,21133400301072602211052,BAYONNE,Sales,1011378,CHICK PEAS,P240 SL1095,CHICK PEAS P240 SL1095,13,7.99,7.99,1.0
2026-02-21,21133400301072602211052,BAYONNE,Sales,1302599,PALEOSAUSAGE,12/36 OZ   14T4H   SL45,PALEOSAUSAGE 12/36 OZ   14T4H   SL45,19,14.99,14.99,1.0
2026-02-21,21133400301072602211052,BAYONNE,Sales,372110,/ 1302599,,,19,0.0,-4.5,-1.0
2026-02-21,21133400301072602211052,BAYONNE,Sales,1391546,BAGEL CHIPS,SCHWARTZ 425G P324 SL90,BAGEL CHIPS SCHWARTZ 425G P324 SL90,13,7.99,7.99,1.0
2026-02-21,21133400301072602211052,BAYONNE,Sales,8258,ASIAN CASHEW,2PK,ASIAN CASHEW 2PK,65,6.99,6.99,1.0
2026-02-21,21133400301072602211052,BAYONNE,Sales,703381,CHEDDAR SLCS,T9H3P270 SL120,CHEDDAR SLCS T9H3P270 SL120,17,8.69,8.69,1.0
2026-02-21,21133400301072602211052,BAYONNE,Sales,1267000,KS SALMON,SL30 CHILEAN SLMN 10X5,KS SALMON SL30 CHILEAN SLMN 10X5,19,23.99,23.99,1.0
2026-02-21,21133400301072602211052,BAYONNE,Sales,5623,BROCCOLI,1.36 KG / 3 LB,BROCCOLI 1.36 KG / 3 LB,65,4.99,4.99,1.0
2026-02-21,21133400301072602211052,BAYONNE,Sales,720650,MINI CUKES,680 G / 1.5 LB,MINI CUKES 680 G / 1.5 LB,65,6.49,6.49,1.0
2026-02-21,21133400301072602211052,BAYONNE,Sales,55720,HADDOCK,FILLET,HADDOCK FILLET,61,12.99,22.99,1.0
2026-02-21,21133400301072602211052,BAYONNE,Sales,316689,BRN RICE RMN,840G LOTUS FOODS P240,BRN RICE RMN 840G LOTUS FOODS P240,13,10.39,10.39,1.0
2026-02-21,21133400301072602211052,BAYONNE,Sales,6659,4LB HONYCRSP,,,65,7.99,7.99,1.0
2026-02-21,21133400301072602211052,BAYONNE,Sales,1199652,BUTER CROISS,,,62,5.99,5.99,1.0
2026-02-21,21133400301072602211052,BAYONNE,Sales,2585,HYDRO STRAW,2LB / 907 G,HYDRO STRAW 2LB / 907 G,65,10.99,10.99,1.0
2026-02-21,21133400301072602211052,BAYONNE,Sales,47500,KS TRKY BRST,OVEN BRN MT9H6 CT6H4 SL40,KS TRKY BRST OVEN BRN MT9H6 CT6H4 SL40,19,4.79,17.87,1.0
2026-02-21,21133400301072602211052,BAYONNE,Sales,47731,LEG/THIGH MT,B/S THIGH MEAT,LEG/THIGH MT B/S THIGH MEAT,61,2.99,25.27,1.0
2026-02-21,21133400301072602211052,BAYONNE,Sales,512447,DAVE'S 21 WG,BREAD    SL10    P180,DAVE'S 21 WG BREAD    SL10    P180,13,8.99,8.99,1.0
2024-11-10,21133400902792411101516,BAYONNE,Sales,1267000,KS SALMON,SL30 CHILEAN SLMN 10X5,KS SALMON SL30 CHILEAN SLMN 10X5,19,22.99,22.99,1.0
2024-11-10,21133400902792411101516,BAYONNE,Sales,1878116,BK: POKEMON,DK/,BK: POKEMON DK/,36,18.99,18.99,1.0
2024-11-10,21133400902792411101516,BAYONNE,Sales,720650,MINI CUKES,680 G / 1.5 LB,MINI CUKES 680 G / 1.5 LB,65,6.99,6.99,1.0
2024-11-10,21133400902792411101516,BAYONNE,Sales,202193,MINI PEPPERS,680 G / 1.5 LB,MINI PEPPERS 680 G / 1.5 LB,65,3.99,3.99,1.0
2024-11-10,21133400902792411101516,BAYONNE,Sales,5623,BROCCOLI,1.36 KG / 3 LB,BROCCOLI 1.36 KG / 3 LB,65,6.99,6.99,1.0
2024-11-10,21133400902792411101516,BAYONNE,Sales,1726382,ORG POTATO,16.8Z C22=P440/C20=P400,ORG POTATO 16.8Z C22=P440/C20=P400,13,9.99,9.99,1.0
2024-11-10,21133400902792411101516,BAYONNE,Sales,1775302,KS PARM SSG,9/48Z T8H8 SL40 PEPP/PARM,KS PARM SSG 9/48Z T8H8 SL40 PEPP/PARM,19,12.59,12.59,1.0
2024-11-10,21133400902792411101516,BAYONNE,Sales,2619,ORG BANANAS,3 LB / 1.36 KG,ORG BANANAS 3 LB / 1.36 KG,65,2.19,2.19,1.0
2024-11-10,21133400902792411101516,BAYONNE,Sales,5850,SWEETKALEDUO,2 X 14 OZ,SWEETKALEDUO 2 X 14 OZ,65,6.99,6.99,1.0
2024-11-10,21133400902792411101516,BAYONNE,Sales,30548,ORGANIC DRUM,SADDLEPACK,ORGANIC DRUM SADDLEPACK,61,1.99,11.06,1.0
2024-11-10,21133400902792411101516,BAYONNE,Sales,1364689,KS ORG WH MK,3/64 SL30 T33H4 P132,KS ORG WH MK 3/64 SL30 T33H4 P132,17,10.47,10.47,1.0
2024-11-10,21133400902792411101516,BAYONNE,Sales,1315382,BAKED 30 CT,T9H6P54 SL50,BAKED 30 CT T9H6P54 SL50,12,18.99,18.99,1.0
2024-11-10,21133400902792411101516,BAYONNE,Sales,340555,/1315382,,,12,0.0,-5.0,-1.0
2024-11-10,21133400902792411101516,BAYONNE,Sales,1823420,RUSTIC ITALN,,,62,5.99,5.99,1.0
2024-11-10,21133400902792411101516,BAYONNE,Sales,7554,SARDINES,6/4.37 OZ  P650,SARDINES 6/4.37 OZ  P650,13,9.99,9.99,1.0
2024-11-10,21133400902792411101516,BAYONNE,Sales,647465,AVOCADOS,6 COUNT,AVOCADOS 6 COUNT,65,9.59,9.59,1.0
2024-11-10,21133400902792411101516,BAYONNE,Sales,947880,HF NAT TRKEY,T6H4P216  SL30,HF NAT TRKEY T6H4P216  SL30,17,11.99,11.99,1.0
2024-11-10,21133400902792411101516,BAYONNE,Sales,33777,TILAPIA FLTS,FARM RAISED,TILAPIA FLTS FARM RAISED,61,5.99,23.18,1.0
2024-11-10,21133400902792411101516,BAYONNE,Sales,703381,CHEDDAR SLCS,T10H5  SL120,CHEDDAR SLCS T10H5  SL120,17,7.99,7.99,1.0
2024-11-10,21133400902792411101516,BAYONNE,Sales,8370,ORG MEDITERR,2PK,ORG MEDITERR 2PK,65,8.99,8.99,1.0
2024-11-10,21133400902792411101516,BAYONNE,Sales,637598,KS CAGE FREE,SL21 T20H18 P360/P300,KS CAGE FREE SL21 T20H18 P360/P300,17,5.69,5.69,1.0
2024-11-10,21133400902792411101516,BAYONNE,Sales,149,INSTACART,1- $100 GIFT CARD,INSTACART 1- $100 GIFT CARD,75,79.99,159.98,2.0
2024-11-10,21133400902792411101516,BAYONNE,Sales,3923,LIMES 3 LB.,1.36 KG / 3 LB.,LIMES 3 LB. 1.36 KG / 3 LB.,65,4.29,4.29,1.0
2024-11-10,21133400902792411101516,BAYONNE,Sales,21046,TOMATO MEDLE,,,65,5.59,5.59,1.0
2024-04-28,21133400700352404281027,BAYONNE,Sales,1267000,KS SALMON,SL30 CHILEAN SLMN 10X5,KS SALMON SL30 CHILEAN SLMN 10X5,19,22.99,22.99,1.0
2024-04-28,21133400700352404281027,BAYONNE,Sales,60357,MIXED PEPPER,6-PACK,MIXED PEPPER 6-PACK,65,7.39,7.39,1.0
2024-04-28,21133400700352404281027,BAYONNE,Sales,647465,AVOCADOS,6 COUNT,AVOCADOS 6 COUNT,65,7.49,7.49,1.0
2024-04-28,21133400700352404281027,BAYONNE,Sales,2619,ORG BANANAS,3 LB / 1.36 KG,ORG BANANAS 3 LB / 1.36 KG,65,2.19,2.19,1.0
2024-04-28,21133400700352404281027,BAYONNE,Sales,25107,GRLCPEPWINGS,PARTY WINGS,GRLCPEPWINGS PARTY WINGS,63,3.99,20.39,1.0
2024-04-28,21133400700352404281027,BAYONNE,Sales,756053,KS MED ROAST,GROUND COFFEE  SL365 P216,KS MED ROAST GROUND COFFEE  SL365 P216,13,12.99,12.99,1.0
2024-04-28,21133400700352404281027,BAYONNE,Sales,1136340,3LB ORG GALA,,,65,4.49,4.49,1.0
2024-04-28,21133400700352404281027,BAYONNE,Sales,47292,SOCK SALMON,FILLET PREVIOUSLY FROZEN,SOCK SALMON FILLET PREVIOUSLY FROZEN,61,9.99,16.68,1.0
2024-04-28,21133400700352404281027,BAYONNE,Sales,260509,POLYO STRCHZ,10/48Z P450 T9H5     SL45,POLYO STRCHZ 10/48Z P450 T9H5     SL45,17,11.49,11.49,1.0
2024-04-28,21133400700352404281027,BAYONNE,Sales,5623,BROCCOLI,1.36 KG / 3 LB,BROCCOLI 1.36 KG / 3 LB,65,6.99,6.99,1.0
2024-04-28,21133400700352404281027,BAYONNE,Sales,2585,HYDRO STRAW,2LB / 907 G,HYDRO STRAW 2LB / 907 G,65,8.49,8.49,1.0
2024-04-28,21133400700352404281027,BAYONNE,Sales,8424,THAI CHILI,SALAD KIT 2PK,THAI CHILI SALAD KIT 2PK,65,7.99,7.99,1.0
2024-04-28,21133400700352404281027,BAYONNE,Sales,4102,"8"" TORTILLAS",SL10  70OZ,"8"" TORTILLAS SL10  70OZ",13,5.99,5.99,1.0
2024-04-28,21133400700352404281027,BAYONNE,Sales,427381,KS ORG EGGS,GRADE AA  P360/300  SL26,KS ORG EGGS GRADE AA  P360/300  SL26,17,7.59,7.59,1.0
2024-04-28,21133400700352404281027,BAYONNE,Sales,1798566,AVO OIL CHIP,BOULDER CANYON P120 SL182,AVO OIL CHIP BOULDER CANYON P120 SL182,12,6.59,6.59,1.0
2024-04-28,21133400700352404281027,BAYONNE,Sales,993449,ORGANIC PSTA,ORGANIC PASTA SL365  P144,ORGANIC PSTA ORGANIC PASTA SL365  P144,13,9.89,9.89,1.0
2024-04-28,21133400700352404281027,BAYONNE,Sales,1364689,KS ORG WH MK,3/64 SL30 T33H4 P132,KS ORG WH MK 3/64 SL30 T33H4 P132,17,11.99,23.98,2.0
2024-04-28,21133400700352404281027,BAYONNE,Sales,21046,TOMATO MEDLE,,,65,6.59,6.59,1.0
2024-04-28,21133400700352404281027,BAYONNE,Sales,568915,ORG CUCUMBER,,,65,5.99,5.99,1.0
2024-04-28,21133400700352404281027,BAYONNE,Sales,22967,ORGNC BS THG,FRESH SADDLEPACK,ORGNC BS THG FRESH SADDLEPACK,61,5.99,33.66,1.0
2024-04-28,21133400700352404281027,BAYONNE,Sales,983491,CRUNCHY BUTR,CRUNCHY TX480  P600 SL365,CRUNCHY BUTR CRUNCHY TX480  P600 SL365,13,14.99,29.98,2.0
2024-04-28,21133400700352404281027,BAYONNE,Sales,1391546,BAGEL CHIPS,SCHWARTZ 425G P324 SL90,BAGEL CHIPS SCHWARTZ 425G P324 SL90,13,7.99,7.99,1.0
2024-04-28,21133400700352404281027,BAYONNE,Sales,38742,SWEET CORN,8 PACK,SWEET CORN 8 PACK,65,6.99,6.99,1.0
2025-01-19,21133400800512501191054,BAYONNE,Sales,2534,CHERRIES,907 G / 2 LB,CHERRIES 907 G / 2 LB,65,9.99,9.99,1.0
2025-01-19,21133400800512501191054,BAYONNE,Sales,512599,**KS TOWEL**,P45 FQ/P20 W/US P54,**KS TOWEL** P45 FQ/P20 W/US P54,14,19.99,19.99,1.0
2025-01-19,21133400800512501191054,BAYONNE,Sales,720650,MINI CUKES,680 G / 1.5 LB,MINI CUKES 680 G / 1.5 LB,65,6.99,6.99,1.0
2025-01-19,21133400800512501191054,BAYONNE,Sales,8370,ORG MEDITERR,2PK,ORG MEDITERR 2PK,65,8.99,8.99,1.0
2025-01-19,21133400800512501191054,BAYONNE,Sales,22967,ORGNC BS THG,FRESH SADDLEPACK,ORGNC BS THG FRESH SADDLEPACK,61,5.99,25.88,1.0
2025-01-19,21133400800512501191054,BAYONNE,Sales,1775302,KS PARM SSG,9/48Z T8H8 SL40 PEPP/PARM,KS PARM SSG 9/48Z T8H8 SL40 PEPP/PARM,19,12.59,12.59,1.0
2025-01-19,21133400800512501191054,BAYONNE,Sales,1830455,KS BAGUETTE,,,62,4.99,4.99,1.0
2025-01-19,21133400800512501191054,BAYONNE,Sales,21046,TOMATO MEDLE,,,65,6.59,6.59,1.0
2025-01-19,21133400800512501191054,BAYONNE,Sales,376052,KS CHOCALMND,T6H5  P360 SL292,KS CHOCALMND T6H5  P360 SL292,12,18.99,18.99,1.0
2025-01-19,21133400800512501191054,BAYONNE,Sales,5720,HH STRAW,795 G / 1.75 LB,HH STRAW 795 G / 1.75 LB,65,9.99,9.99,1.0
2025-01-19,21133400800512501191054,BAYONNE,Sales,1364689,KS ORG WH MK,3/64 SL30 T33H4 P132,KS ORG WH MK 3/64 SL30 T33H4 P132,17,10.47,10.47,1.0
2025-01-19,21133400800512501191054,BAYONNE,Sales,1068080,PASTURE EGGS,2DZ GRADE A P360/300 SL22,PASTURE EGGS 2DZ GRADE A P360/300 SL22,17,8.49,8.49,1.0
2025-01-19,21133400800512501191054,BAYONNE,Sales,67072,ORANGES,3.63 KG / 8 LB,ORANGES 3.63 KG / 8 LB,65,8.99,8.99,1.0
2025-01-19,21133400800512501191054,BAYONNE,Sales,6659,4LB HONYCRSP,,,65,9.99,9.99,1.0
2025-01-19,21133400800512501191054,BAYONNE,Sales,595006,TZATZIKI DIP,12/32 OZ   7T6H   SL50,TZATZIKI DIP 12/32 OZ   7T6H   SL50,19,7.89,7.89,1.0
2025-01-19,21133400800512501191054,BAYONNE,Sales,7552,WILD ALBACOR,SL360           P528,WILD ALBACOR SL360           P528,13,15.99,15.99,1.0
2023-12-10,21133400400452312101055,BAYONNE,Sales,1266604,647 ITALIAN,LOW CARB BREAD,647 ITALIAN LOW CARB BREAD,13,6.99,6.99,1.0
2023-12-10,21133400400452312101055,BAYONNE,Sales,27003,STRAWBERRIES,908 G / 2 LB,STRAWBERRIES 908 G / 2 LB,65,7.99,7.99,1.0
2023-12-10,21133400400452312101055,BAYONNE,Sales,782796,***KSWTR40PK,P48=SE   P56=PR,***KSWTR40PK P48=SE   P56=PR,14,3.99,3.99,1.0
2023-12-10,21133400400452312101055,BAYONNE,Sales,568915,ORG CUCUMBER,,,65,5.99,5.99,1.0
2023-12-10,21133400400452312101055,BAYONNE,Sales,48600,TURKEY,1.75 RW    T10H4    SL50,TURKEY 1.75 RW    T10H4    SL50,17,7.99,15.02,1.0
2023-12-10,21133400400452312101055,BAYONNE,Sales,1487910,CRANJALAMEAT,12/46 OZ  6T6H  SL32,CRANJALAMEAT 12/46 OZ  6T6H  SL32,19,14.89,14.89,1.0
2023-12-10,21133400400452312101055,BAYONNE,Sales,8789,PINEAPPLE,EACH,PINEAPPLE EACH,65,2.99,2.99,1.0
2023-12-10,21133400400452312101055,BAYONNE,Sales,2619,ORG BANANAS,3 LB / 1.36 KG,ORG BANANAS 3 LB / 1.36 KG,65,1.99,1.99,1.0
2023-12-10,21133400400452312101055,BAYONNE,Sales,60357,MIXED PEPPER,6-PACK,MIXED PEPPER 6-PACK,65,7.49,7.49,1.0
2023-12-10,21133400400452312101055,BAYONNE,Sales,8370,ORG MEDITERR,2PK,ORG MEDITERR 2PK,65,8.99,8.99,1.0
2023-12-10,21133400400452312101055,BAYONNE,Sales,1364689,KS ORG WH MK,3/64 SL30 T33H4 P132,KS ORG WH MK 3/64 SL30 T33H4 P132,17,11.99,11.99,1.0
2023-12-10,21133400400452312101055,BAYONNE,Sales,6659,4LB HONYCRSP,,,65,5.99,5.99,1.0
2023-12-10,21133400400452312101055,BAYONNE,Sales,703381,CHEDDAR SLCS,T10H5  SL120,CHEDDAR SLCS T10H5  SL120,17,7.99,7.99,1.0
2023-12-10,21133400400452312101055,BAYONNE,Sales,21046,TOMATO MEDLE,,,65,6.59,6.59,1.0
2023-12-10,21133400400452312101055,BAYONNE,Sales,18600,MANDARINS,2.27 KG / 5 LBS,MANDARINS 2.27 KG / 5 LBS,65,7.99,7.99,1.0
2026-03-14,21133400700312603141111,BAYONNE,Sales,1801,MANDARINS,3 LBS,MANDARINS 3 LBS,65,3.99,3.99,1.0
2026-03-14,21133400700312603141111,BAYONNE,Sales,1462714,KS ORG A2 PR,3/64OZ SL30 33X4 P132,KS ORG A2 PR 3/64OZ SL30 33X4 P132,17,12.99,12.99,1.0
2026-03-14,21133400700312603141111,BAYONNE,Sales,647465,AVOCADOS,6 COUNT,AVOCADOS 6 COUNT,65,5.99,5.99,1.0
2026-03-14,21133400700312603141111,BAYONNE,Sales,1068080,PASTURE EGGS,2DZ GRADE A P360/300 SL22,PASTURE EGGS 2DZ GRADE A P360/300 SL22,17,7.99,7.99,1.0
2026-03-14,21133400700312603141111,BAYONNE,Sales,6660,ORG DANJOU,4LB BAG,ORG DANJOU 4LB BAG,65,8.79,8.79,1.0
2026-03-14,21133400700312603141111,BAYONNE,Sales,33149,KS GOUDA,"12/2.0# RW LA T12H7 SL90","KS GOUDA 12/2.0# RW LA T12H7 SL90",19,6.49,13.18,1.0
2026-03-14,21133400700312603141111,BAYONNE,Sales,859695,KS ALMND BTR,765G T10H6 P720,KS ALMND BTR 765G T10H6 P720,13,8.69,8.69,1.0
2026-03-14,21133400700312603141111,BAYONNE,Sales,512447,DAVE'S 21 WG,BREAD    SL10    P180,DAVE'S 21 WG BREAD    SL10    P180,13,8.99,8.99,1.0
2026-03-14,21133400700312603141111,BAYONNE,Sales,1939203,LEGOSPEED,ASSORTMENT P=340,LEGOSPEED ASSORTMENT P=340,28,22.49,22.49,1.0
2026-03-14,21133400700312603141111,BAYONNE,Sales,21046,TOMATO MEDLE,,,65,7.99,7.99,1.0
2026-03-14,21133400700312603141111,BAYONNE,Sales,953258,SQUISHMALLOW,P60,SQUISHMALLOW P60,28,12.99,12.99,1.0
2026-03-14,21133400700312603141111,BAYONNE,Sales,375977,/953258,,,28,0.0,-3.0,-1.0
2026-03-14,21133400700312603141111,BAYONNE,Sales,60357,MIXED PEPPER,6-PACK,MIXED PEPPER 6-PACK,65,7.49,7.49,1.0
2026-03-14,21133400700312603141111,BAYONNE,Sales,794873,SAN MARZANO,TOMATOES 3/28OZ SL365,SAN MARZANO TOMATOES 3/28OZ SL365,13,11.99,11.99,1.0
2026-03-14,21133400700312603141111,BAYONNE,Sales,1747982,LESSER EVIL,LESSER EVIL P108 SL180,LESSER EVIL LESSER EVIL P108 SL180,12,5.99,5.99,1.0
2026-03-14,21133400700312603141111,BAYONNE,Sales,1302599,PALEOSAUSAGE,12/36 OZ   14T4H   SL45,PALEOSAUSAGE 12/36 OZ   14T4H   SL45,19,14.99,14.99,1.0
2026-03-14,21133400700312603141111,BAYONNE,Sales,947880,HF NAT TRKEY,T6H4P216  SL30,HF NAT TRKEY T6H4P216  SL30,17,12.89,12.89,1.0
2026-03-14,21133400700312603141111,BAYONNE,Sales,6659,4LB HONYCRSP,,,65,7.99,7.99,1.0
2026-03-14,21133400700312603141111,BAYONNE,Sales,25949,FRESH GARLIC,907 G / 2 LB,FRESH GARLIC 907 G / 2 LB,65,6.59,6.59,1.0
2026-03-14,21133400700312603141111,BAYONNE,Sales,1199652,BUTER CROISS,,,62,5.99,5.99,1.0
2026-03-14,21133400700312603141111,BAYONNE,Sales,720650,MINI CUKES,680 G / 1.5 LB,MINI CUKES 680 G / 1.5 LB,65,6.49,6.49,1.0
2024-09-04,21133400900232409041046,BAYONNE,Sales,60357,MIXED PEPPER,6-PACK,MIXED PEPPER 6-PACK,65,6.59,6.59,1.0
2024-09-04,21133400900232409041046,BAYONNE,Sales,22995,ORGANIC DRUM,SADDLEPACK,ORGANIC DRUM SADDLEPACK,61,1.99,10.63,1.0
2024-09-04,21133400900232409041046,BAYONNE,Sales,720650,MINI CUKES,680 G / 1.5 LB,MINI CUKES 680 G / 1.5 LB,65,5.99,5.99,1.0
2024-09-04,21133400900232409041046,BAYONNE,Sales,29769,SNAPPER,,,61,9.99,20.18,1.0
2024-09-04,21133400900232409041046,BAYONNE,Sales,370,ORG EVERYTHG,CHOP SALAD KIT 2PK,ORG EVERYTHG CHOP SALAD KIT 2PK,65,8.99,8.99,1.0
2024-09-04,21133400900232409041046,BAYONNE,Sales,1830455,KS BAGUETTE,,,62,4.99,4.99,1.0
2024-09-04,21133400900232409041046,BAYONNE,Sales,6995,GOLD KIWI,3 LBS,GOLD KIWI 3 LBS,65,11.99,11.99,1.0
2024-09-04,21133400900232409041046,BAYONNE,Sales,983491,CRUNCHY BUTR,CRUNCHY TX480  P600 SL365,CRUNCHY BUTR CRUNCHY TX480  P600 SL365,13,14.99,14.99,1.0
2024-09-04,21133400900232409041046,BAYONNE,Sales,1259349,KS WILD SHMP,16/2LB          T6H6 P576,KS WILD SHMP 16/2LB          T6H6 P576,18,20.99,20.99,1.0
2024-09-04,21133400900232409041046,BAYONNE,Sales,1364689,KS ORG WH MK,3/64 SL30 T33H4 P132,KS ORG WH MK 3/64 SL30 T33H4 P132,17,10.47,10.47,1.0
2024-09-04,21133400900232409041046,BAYONNE,Sales,17767,KS COFFEE,1.36K GROUND P252,KS COFFEE 1.36K GROUND P252,13,14.99,14.99,1.0
2024-09-04,21133400900232409041046,BAYONNE,Sales,1853207,BK:POKEMON,VARIOUS/SCH,BK:POKEMON VARIOUS/SCH,36,10.99,10.99,1.0
2024-09-04,21133400900232409041046,BAYONNE,Sales,21046,TOMATO MEDLE,,,65,6.59,6.59,1.0
2024-09-04,21133400900232409041046,BAYONNE,Sales,260509,POLYO STRCHZ,10/48Z P450 T9H5     SL45,POLYO STRCHZ 10/48Z P450 T9H5     SL45,17,11.49,11.49,1.0
2024-09-04,21133400900232409041046,BAYONNE,Sales,2619,ORG BANANAS,3 LB / 1.36 KG,ORG BANANAS 3 LB / 1.36 KG,65,2.19,2.19,1.0
2024-09-04,21133400900232409041046,BAYONNE,Sales,27003,STRAWBERRIES,908 G / 2 LB,STRAWBERRIES 908 G / 2 LB,65,5.49,5.49,1.0
2024-09-04,21133400900232409041046,BAYONNE,Sales,8370,ORG MEDITERR,2PK,ORG MEDITERR 2PK,65,8.99,8.99,1.0
2024-09-04,21133400900232409041046,BAYONNE,Sales,1068083,ORG FR EGGS,GRADE A T20H18 P360 SL23,ORG FR EGGS GRADE A T20H18 P360 SL23,17,7.99,7.99,1.0
2024-09-04,21133400900232409041046,BAYONNE,Sales,1391546,BAGEL CHIPS,SCHWARTZ 425G P324 SL90,BAGEL CHIPS SCHWARTZ 425G P324 SL90,13,7.99,7.99,1.0
2024-09-04,21133400900232409041046,BAYONNE,Sales,987554,BRITA 10PK,PITCHER FY15 P200,BRITA 10PK PITCHER FY15 P200,32,44.99,44.99,1.0
2024-07-01,21133401002322407011400,BAYONNE,Sales,864984,SUMMER PASTA,SUMMER VTY 6/1.1LB   P144,SUMMER PASTA SUMMER VTY 6/1.1LB   P144,13,9.99,9.99,1.0
2024-07-01,21133401002322407011400,BAYONNE,Sales,27003,STRAWBERRIES,908 G / 2 LB,STRAWBERRIES 908 G / 2 LB,65,3.79,3.79,1.0
2024-07-01,21133401002322407011400,BAYONNE,Sales,25551,SHRIMP 21/25,TAIL ON             6T 6H,SHRIMP 21/25 TAIL ON             6T 6H,18,13.99,13.99,1.0
2024-07-01,21133401002322407011400,BAYONNE,Sales,983491,CRUNCHY BUTR,CRUNCHY TX480  P600 SL365,CRUNCHY BUTR CRUNCHY TX480  P600 SL365,13,14.99,29.98,2.0
2024-07-01,21133401002322407011400,BAYONNE,Sales,17767,KS COFFEE,1.36K GROUND P252,KS COFFEE 1.36K GROUND P252,13,13.99,13.99,1.0
2024-07-01,21133401002322407011400,BAYONNE,Sales,1364689,KS ORG WH MK,3/64 SL30 T33H4 P132,KS ORG WH MK 3/64 SL30 T33H4 P132,17,9.74,19.48,2.0
2024-07-01,21133401002322407011400,BAYONNE,Sales,7950,4LB COSMIC,,,65,5.99,5.99,1.0
2024-07-01,21133401002322407011400,BAYONNE,Sales,703381,CHEDDAR SLCS,T10H5  SL120,CHEDDAR SLCS T10H5  SL120,17,7.99,7.99,1.0
2024-07-01,21133401002322407011400,BAYONNE,Sales,96716,ORG SPINACH,453 G / 16 OZ,ORG SPINACH 453 G / 16 OZ,65,4.49,4.49,1.0
2024-07-01,21133401002322407011400,BAYONNE,Sales,702669,BLACKBERRIES,340 G / 12 OZ,BLACKBERRIES 340 G / 12 OZ,65,2.49,2.49,1.0
2024-07-01,21133401002322407011400,BAYONNE,Sales,106173,CHKN SAUSAGE,12/3 LBS    9T5H    SL90,CHKN SAUSAGE 12/3 LBS    9T5H    SL90,19,14.99,14.99,1.0
2024-07-01,21133401002322407011400,BAYONNE,Sales,330507,/106173,,,19,0.0,-4.3,-1.0
2024-07-01,21133401002322407011400,BAYONNE,Sales,30548,ORGANIC DRUM,SADDLEPACK,ORGANIC DRUM SADDLEPACK,61,1.99,9.87,1.0
2025-11-24,21133400102132511241428,BAYONNE,Sales,22093,KS SHRP CHDR,EC20T9H5 W12T13H5   SL130,KS SHRP CHDR EC20T9H5 W12T13H5   SL130,17,5.59,5.59,1.0
2025-11-24,21133400102132511241428,BAYONNE,Sales,20522,BUTTERNUT SQ,FRESH CUT 2 LBS,BUTTERNUT SQ FRESH CUT 2 LBS,65,6.99,6.99,1.0
2025-11-24,21133400102132511241428,BAYONNE,Sales,1456653,CRACKER COLL,52 OZ  SL 135        P175,CRACKER COLL 52 OZ  SL 135        P175,12,12.89,12.89,1.0
2025-11-24,21133400102132511241428,BAYONNE,Sales,365856,/1456653,,,12,0.0,-4.0,-1.0
2025-11-24,21133400102132511241428,BAYONNE,Sales,1897217,ZIPLOC GAL,DOUBLE ZIPPER T27H4P108,ZIPLOC GAL DOUBLE ZIPPER T27H4P108,14,13.79,13.79,1.0
2025-07-08,21133400503962507081844,BAYONNE,Sales,36084,RESV CHEDDAR,"18/1.75# RW T12H6 SL90","RESV CHEDDAR 18/1.75# RW T12H6 SL90",19,6.99,12.51,1.0
2025-07-08,21133400503962507081844,BAYONNE,Sales,21046,TOMATO MEDLE,,,65,6.59,6.59,1.0
2025-07-08,21133400503962507081844,BAYONNE,Sales,1011378,CHICK PEAS,P240 SL1095,CHICK PEAS P240 SL1095,13,7.99,7.99,1.0
2025-07-08,21133400503962507081844,BAYONNE,Sales,647465,AVOCADOS,6 COUNT,AVOCADOS 6 COUNT,65,6.99,6.99,1.0
2025-07-08,21133400503962507081844,BAYONNE,Sales,6659,4LB HONYCRSP,,,65,12.99,12.99,1.0
2025-07-08,21133400503962507081844,BAYONNE,Sales,3013,NECTARINE,1.81 KG / 4 LB,NECTARINE 1.81 KG / 4 LB,65,9.99,9.99,1.0
2025-07-08,21133400503962507081844,BAYONNE,Sales,5623,BROCCOLI,1.36 KG / 3 LB,BROCCOLI 1.36 KG / 3 LB,65,6.99,6.99,1.0
2025-07-08,21133400503962507081844,BAYONNE,Sales,720650,MINI CUKES,680 G / 1.5 LB,MINI CUKES 680 G / 1.5 LB,65,5.99,5.99,1.0
2025-07-08,21133400503962507081844,BAYONNE,Sales,937348,PALMIER 32OZ,P240 SL270,PALMIER 32OZ P240 SL270,13,8.99,8.99,1.0
2025-07-08,21133400503962507081844,BAYONNE,Sales,358124,/937348,,,13,0.0,-4.0,-1.0
2025-07-08,21133400503962507081844,BAYONNE,Sales,22967,ORGNC BS THG,FRESH SADDLEPACK,ORGNC BS THG FRESH SADDLEPACK,61,5.99,25.28,1.0
2025-07-08,21133400503962507081844,BAYONNE,Sales,33149,KS GOUDA,"12/2.0# RW LA T12H7 SL90","KS GOUDA 12/2.0# RW LA T12H7 SL90",19,5.89,11.2,1.0
2025-07-08,21133400503962507081844,BAYONNE,Sales,1830455,KS BAGUETTE,,,62,4.99,4.99,1.0
2025-07-08,21133400503962507081844,BAYONNE,Sales,27003,STRAWBERRIES,908 G / 2 LB,STRAWBERRIES 908 G / 2 LB,65,4.49,4.49,1.0
2025-07-08,21133400503962507081844,BAYONNE,Sales,1462714,KS ORG A2 PR,3/64OZ SL30 33X4 P132,KS ORG A2 PR 3/64OZ SL30 33X4 P132,17,12.99,12.99,1.0
2025-07-08,21133400503962507081844,BAYONNE,Sales,1363689,TURKEY BACON,COLUMBUS SL30 T6H5 P300,TURKEY BACON COLUMBUS SL30 T6H5 P300,17,14.99,14.99,1.0
2025-07-08,21133400503962507081844,BAYONNE,Sales,7913,GREEN KIWI,1.36 KG / 3 LB,GREEN KIWI 1.36 KG / 3 LB,65,6.79,6.79,1.0
2025-07-08,21133400503962507081844,BAYONNE,Sales,28839,SOCKEYE,FILLET,SOCKEYE FILLET,61,14.99,40.77,1.0
2025-07-08,21133400503962507081844,BAYONNE,Sales,316689,BRN RICE RMN,850G LOTUS FOODS P240,BRN RICE RMN 850G LOTUS FOODS P240,13,9.99,9.99,1.0
2025-07-08,21133400503962507081844,BAYONNE,Sales,60357,MIXED PEPPER,6-PACK,MIXED PEPPER 6-PACK,65,6.99,6.99,1.0
2025-03-30,21133400900412503301100,BAYONNE,Sales,816563,FISH STICKS,US 4LB CN 1.81KG T6H8,FISH STICKS US 4LB CN 1.81KG T6H8,18,14.99,14.99,1.0
2025-03-30,21133400900412503301100,BAYONNE,Sales,1018249,ORG ATAULFO,,,65,8.99,8.99,1.0
2025-03-30,21133400900412503301100,BAYONNE,Sales,316689,BRN RICE RMN,850G LOTUS FOODS P240,BRN RICE RMN 850G LOTUS FOODS P240,13,8.99,8.99,1.0
2025-03-30,21133400900412503301100,BAYONNE,Sales,7367,LOLLIPEPPERS,680 G / 1.5 LB,LOLLIPEPPERS 680 G / 1.5 LB,65,5.99,5.99,1.0
2025-03-30,21133400900412503301100,BAYONNE,Sales,21046,TOMATO MEDLE,,,65,6.59,6.59,1.0
2025-03-30,21133400900412503301100,BAYONNE,Sales,1830455,KS BAGUETTE,,,62,4.99,4.99,1.0
2025-03-30,21133400900412503301100,BAYONNE,Sales,720650,MINI CUKES,680 G / 1.5 LB,MINI CUKES 680 G / 1.5 LB,65,5.99,5.99,1.0
2025-03-30,21133400900412503301100,BAYONNE,Sales,1267000,KS SALMON,SL30 CHILEAN SLMN 10X5,KS SALMON SL30 CHILEAN SLMN 10X5,19,22.99,22.99,1.0
2025-03-30,21133400900412503301100,BAYONNE,Sales,1199652,BUTER CROISS,,,62,5.99,5.99,1.0
2025-03-30,21133400900412503301100,BAYONNE,Sales,96716,ORG SPINACH,453 G / 16 OZ,ORG SPINACH 453 G / 16 OZ,65,4.49,4.49,1.0
2025-03-30,21133400900412503301100,BAYONNE,Sales,2585,HYDRO STRAW,2LB / 907 G,HYDRO STRAW 2LB / 907 G,65,8.99,8.99,1.0
2025-03-30,21133400900412503301100,BAYONNE,Sales,381,UBER FY24,,,75,79.99,79.99,1.0
2025-03-30,21133400900412503301100,BAYONNE,Sales,19452,ORG CHKTENDR,TENDERLOIN SADDLEPACK,ORG CHKTENDR TENDERLOIN SADDLEPACK,61,5.99,30.01,1.0
2025-03-30,21133400900412503301100,BAYONNE,Sales,351533,/19452,,,61,0.0,-5.0,-1.0
2025-03-30,21133400900412503301100,BAYONNE,Sales,9820887,KS CHS PIZZA,P108 6TX3H,KS CHS PIZZA P108 6TX3H,18,11.79,11.79,1.0
2025-03-30,21133400900412503301100,BAYONNE,Sales,6659,4LB HONYCRSP,,,65,10.99,10.99,1.0
2025-03-30,21133400900412503301100,BAYONNE,Sales,1280655,ORG CSR KIT,,,65,8.99,8.99,1.0
2025-03-30,21133400900412503301100,BAYONNE,Sales,2619,ORG BANANAS,3 LB / 1.36 KG,ORG BANANAS 3 LB / 1.36 KG,65,2.19,2.19,1.0
2025-03-30,21133400900412503301100,BAYONNE,Sales,1710454,KEW MAYO,T10H5  SL 270  P800,KEW MAYO T10H5  SL 270  P800,13,6.49,6.49,1.0
2024-06-24,21133400701282406241225,BAYONNE,Sales,30669,BANANAS,3 LB / 1.36 KG,BANANAS 3 LB / 1.36 KG,65,1.49,1.49,1.0
2024-06-24,21133400701282406241225,BAYONNE,Sales,27003,STRAWBERRIES,908 G / 2 LB,STRAWBERRIES 908 G / 2 LB,65,3.99,3.99,1.0
2024-06-24,21133400701282406241225,BAYONNE,Sales,568915,ORG CUCUMBER,,,65,6.99,6.99,1.0
2024-06-24,21133400701282406241225,BAYONNE,Sales,5850,SWEETKALEDUO,2 X 14 OZ,SWEETKALEDUO 2 X 14 OZ,65,6.99,6.99,1.0
2024-06-24,21133400701282406241225,BAYONNE,Sales,1364689,KS ORG WH MK,3/64 SL30 T33H4 P132,KS ORG WH MK 3/64 SL30 T33H4 P132,17,9.74,9.74,1.0
2024-06-24,21133400701282406241225,BAYONNE,Sales,60357,MIXED PEPPER,6-PACK,MIXED PEPPER 6-PACK,65,6.99,6.99,1.0
2024-06-24,21133400701282406241225,BAYONNE,Sales,33666,BEEF RIBEYE,BONELESS USDA CHOICE,BEEF RIBEYE BONELESS USDA CHOICE,61,13.49,50.05,1.0
2024-06-24,21133400701282406241225,BAYONNE,Sales,21046,TOMATO MEDLE,,,65,6.59,6.59,1.0
2024-06-24,21133400701282406241225,BAYONNE,Sales,1068083,ORG FR EGGS,GRADE A T20H18 P360 SL23,ORG FR EGGS GRADE A T20H18 P360 SL23,17,7.99,7.99,1.0
2024-09-29,21133400600602409291146,BAYONNE,Sales,384962,KS U/S QTRS,TE9X5 SL90,KS U/S QTRS TE9X5 SL90,17,14.99,14.99,1.0
2024-09-29,21133400600602409291146,BAYONNE,Sales,4102,"8"" TORTILLAS",SL10  70OZ,"8"" TORTILLAS SL10  70OZ",13,5.99,5.99,1.0
2024-09-29,21133400600602409291146,BAYONNE,Sales,38742,SWEET CORN,8 PACK,SWEET CORN 8 PACK,65,6.99,6.99,1.0
2024-09-29,21133400600602409291146,BAYONNE,Sales,1199652,BUTER CROISS,,,62,5.99,5.99,1.0
2024-09-29,21133400600602409291146,BAYONNE,Sales,1364689,KS ORG WH MK,3/64 SL30 T33H4 P132,KS ORG WH MK 3/64 SL30 T33H4 P132,17,10.47,10.47,1.0
2024-09-29,21133400600602409291146,BAYONNE,Sales,1775302,KS PARM SSG,9/48Z T8H8 SL40 PEPP/PARM,KS PARM SSG 9/48Z T8H8 SL40 PEPP/PARM,19,11.99,11.99,1.0
2024-09-29,21133400600602409291146,BAYONNE,Sales,947880,HF NAT TRKEY,T6H4P216  SL30,HF NAT TRKEY T6H4P216  SL30,17,11.99,11.99,1.0
2024-09-29,21133400600602409291146,BAYONNE,Sales,337386,/947880,,,17,0.0,-3.2,-1.0
2024-09-29,21133400600602409291146,BAYONNE,Sales,1863506,AUTUMN BLEND,P400 SL300,AUTUMN BLEND P400 SL300,12,9.99,9.99,1.0
2024-09-29,21133400600602409291146,BAYONNE,Sales,27003,STRAWBERRIES,908 G / 2 LB,STRAWBERRIES 908 G / 2 LB,65,5.79,5.79,1.0
2024-09-29,21133400600602409291146,BAYONNE,Sales,60357,MIXED PEPPER,6-PACK,MIXED PEPPER 6-PACK,65,6.59,6.59,1.0
2024-09-29,21133400600602409291146,BAYONNE,Sales,6659,4LB HONYCRSP,,,65,8.99,8.99,1.0
2024-09-29,21133400600602409291146,BAYONNE,Sales,96716,ORG SPINACH,453 G / 16 OZ,ORG SPINACH 453 G / 16 OZ,65,4.49,4.49,1.0
2024-09-29,21133400600602409291146,BAYONNE,Sales,720650,MINI CUKES,680 G / 1.5 LB,MINI CUKES 680 G / 1.5 LB,65,6.79,6.79,1.0
2024-09-29,21133400600602409291146,BAYONNE,Sales,47266,ORG BS THIGH,FRESH SADDLEPACK,ORG BS THIGH FRESH SADDLEPACK,61,5.99,30.13,1.0
2024-09-29,21133400600602409291146,BAYONNE,Sales,2619,ORG BANANAS,3 LB / 1.36 KG,ORG BANANAS 3 LB / 1.36 KG,65,2.19,2.19,1.0
2024-09-29,21133400600602409291146,BAYONNE,Sales,647465,AVOCADOS,6 COUNT,AVOCADOS 6 COUNT,65,8.99,8.99,1.0
2024-09-29,21133400600602409291146,BAYONNE,Sales,3013,NECTARINE,1.81 KG / 4 LB,NECTARINE 1.81 KG / 4 LB,65,9.99,9.99,1.0
2024-09-29,21133400600602409291146,BAYONNE,Sales,8258,ASIAN CASHEW,2PK,ASIAN CASHEW 2PK,65,6.99,6.99,1.0
2024-09-29,21133400600602409291146,BAYONNE,Sales,21046,TOMATO MEDLE,,,65,6.59,6.59,1.0
2024-09-29,21133400600602409291146,BAYONNE,Sales,1858206,PIMENTO CRKR,2/8OZ P245 C35 P35X7,PIMENTO CRKR 2/8OZ P245 C35 P35X7,12,8.99,8.99,1.0
2024-09-29,21133400600602409291146,BAYONNE,Sales,1011378,CHICK PEAS,P240 .,CHICK PEAS P240 .,13,7.99,7.99,1.0
2024-09-29,21133400600602409291146,BAYONNE,Sales,1391546,BAGEL CHIPS,SCHWARTZ 425G P324 SL90,BAGEL CHIPS SCHWARTZ 425G P324 SL90,13,7.99,7.99,1.0
2026-03-22,21133400200852603221059,BAYONNE,Sales,1736931,KS LBC,LIGHTLY BREADED C8,KS LBC LIGHTLY BREADED C8,18,15.99,15.99,1.0
2026-03-22,21133400200852603221059,BAYONNE,Sales,595006,TZATZIKI DIP,12/32 OZ   7T6H   SL50,TZATZIKI DIP 12/32 OZ   7T6H   SL50,19,7.89,7.89,1.0
2026-03-22,21133400200852603221059,BAYONNE,Sales,1984539,*CHARMINBLU*,30/213 SHEET 835SQFT P30,*CHARMINBLU* 30/213 SHEET 835SQFT P30,14,32.99,32.99,1.0
2026-03-22,21133400200852603221059,BAYONNE,Sales,374615,/ 1984539,,,14,0.0,-6.6,-1.0
2026-03-22,21133400200852603221059,BAYONNE,Sales,44796,BRANZINO,FARM RAISED,BRANZINO FARM RAISED,61,9.99,26.47,1.0
2026-03-22,21133400200852603221059,BAYONNE,Sales,720650,MINI CUKES,680 G / 1.5 LB,MINI CUKES 680 G / 1.5 LB,65,6.49,6.49,1.0
2026-03-22,21133400200852603221059,BAYONNE,Sales,6660,ORG DANJOU,4LB BAG,ORG DANJOU 4LB BAG,65,8.79,8.79,1.0
2026-03-22,21133400200852603221059,BAYONNE,Sales,1462714,KS ORG A2 PR,3/64OZ SL30 33X4 P132,KS ORG A2 PR 3/64OZ SL30 33X4 P132,17,12.99,12.99,1.0
2026-03-22,21133400200852603221059,BAYONNE,Sales,545345,KS PISTACHIO,C13T6H4 P312 SL300,KS PISTACHIO C13T6H4 P312 SL300,12,16.99,16.99,1.0
2026-03-22,21133400200852603221059,BAYONNE,Sales,60357,MIXED PEPPER,6-PACK,MIXED PEPPER 6-PACK,65,7.49,7.49,1.0
2026-03-22,21133400200852603221059,BAYONNE,Sales,2300,ORRI MAND,3 LBS,ORRI MAND 3 LBS,65,3.99,3.99,1.0
2026-03-22,21133400200852603221059,BAYONNE,Sales,5938,POTATOES,4.54 KG / 10 LB,POTATOES 4.54 KG / 10 LB,65,5.99,5.99,1.0
2026-03-22,21133400200852603221059,BAYONNE,Sales,61576,SWEET POTATO,5 LBS,SWEET POTATO 5 LBS,65,4.99,4.99,1.0
2026-03-22,21133400200852603221059,BAYONNE,Sales,1068083,ORG FR EGGS,GRADE A T20H18 P360 SL23,ORG FR EGGS GRADE A T20H18 P360 SL23,17,7.69,7.69,1.0
2026-03-22,21133400200852603221059,BAYONNE,Sales,647465,AVOCADOS,6 COUNT,AVOCADOS 6 COUNT,65,5.99,5.99,1.0
2026-03-22,21133400200852603221059,BAYONNE,Sales,6659,4LB HONYCRSP,,,65,7.99,7.99,1.0
2026-03-22,21133400200852603221059,BAYONNE,Sales,21046,TOMATO MEDLE,,,65,7.99,7.99,1.0
2026-03-22,21133400200852603221059,BAYONNE,Sales,36886,ORGANIC GT,,,61,19.99,19.99,1.0
2023-04-27,21133401104052304271742,BAYONNE,Sales,427381,KS ORG EGGS,GRADE AA  P360/300  SL26,KS ORG EGGS GRADE AA  P360/300  SL26,17,7.89,7.89,1.0
2023-04-27,21133401104052304271742,BAYONNE,Sales,692731,KS ORG EVOO,SL365          P240/P320,KS ORG EVOO SL365          P240/P320,13,14.99,14.99,1.0
2023-04-27,21133401104052304271742,BAYONNE,Sales,2619,ORG BANANAS,3 LB / 1.36 KG,ORG BANANAS 3 LB / 1.36 KG,65,2.39,4.78,2.0
2023-04-27,21133401104052304271742,BAYONNE,Sales,1150189,ORG SKINYPOP,T34H3 P102 SL110,ORG SKINYPOP T34H3 P102 SL110,12,7.49,7.49,1.0
2023-04-27,21133401104052304271742,BAYONNE,Sales,45694,BAGUETTE,2 PACK,BAGUETTE 2 PACK,62,5.99,5.99,1.0
2023-04-27,21133401104052304271742,BAYONNE,Sales,4102,"8"" TORTILLAS",SL10  70OZ,"8"" TORTILLAS SL10  70OZ",13,5.99,5.99,1.0
2023-04-27,21133401104052304271742,BAYONNE,Sales,106173,CHKN SAUSAGE,12/3 LBS    9T5H    SL90,CHKN SAUSAGE 12/3 LBS    9T5H    SL90,19,14.99,14.99,1.0
2025-11-08,21133400700772511081142,BAYONNE,Sales,9440,COCONUT MILK,THAI KITCHEN (32X10) P320,COCONUT MILK THAI KITCHEN (32X10) P320,13,10.29,10.29,1.0
2025-11-08,21133400700772511081142,BAYONNE,Sales,20522,BUTTERNUT SQ,FRESH CUT 2 LBS,BUTTERNUT SQ FRESH CUT 2 LBS,65,6.99,6.99,1.0
2025-11-08,21133400700772511081142,BAYONNE,Sales,6659,4LB HONYCRSP,,,65,6.99,6.99,1.0
2025-11-08,21133400700772511081142,BAYONNE,Sales,7445,10LB BAKERS,4.5KG / 10 LB,10LB BAKERS 4.5KG / 10 LB,65,4.49,4.49,1.0
2025-11-08,21133400700772511081142,BAYONNE,Sales,61576,SWEET POTATO,5 LBS,SWEET POTATO 5 LBS,65,3.99,3.99,1.0
2025-11-08,21133400700772511081142,BAYONNE,Sales,83345,LEMONS,2.27 KG / 5 LB BAG,LEMONS 2.27 KG / 5 LB BAG,65,7.99,7.99,1.0
2025-11-08,21133400700772511081142,BAYONNE,Sales,21046,TOMATO MEDLE,,,65,8.99,8.99,1.0
2025-11-08,21133400700772511081142,BAYONNE,Sales,1830455,KS BAGUETTE,,,62,4.99,4.99,1.0
2025-11-08,21133400700772511081142,BAYONNE,Sales,19813,MUSHROOMS,680 G / 1.5 LB,MUSHROOMS 680 G / 1.5 LB,65,4.39,4.39,1.0
2025-11-08,21133400700772511081142,BAYONNE,Sales,800182,BREAD ITALIA,SCHMIDT         SL9,BREAD ITALIA SCHMIDT         SL9,13,4.49,4.49,1.0
2025-11-08,21133400700772511081142,BAYONNE,Sales,1267000,KS SALMON,SL30 CHILEAN SLMN 10X5,KS SALMON SL30 CHILEAN SLMN 10X5,19,23.99,23.99,1.0
2025-11-08,21133400700772511081142,BAYONNE,Sales,9877788,KS ORG TOFU,4-16Z SL45 7X5 MW/TE 6X7,KS ORG TOFU 4-16Z SL45 7X5 MW/TE 6X7,19,5.69,5.69,1.0
2025-11-08,21133400700772511081142,BAYONNE,Sales,29769,SNAPPER,,,61,9.99,28.87,1.0
2025-11-08,21133400700772511081142,BAYONNE,Sales,720650,MINI CUKES,680 G / 1.5 LB,MINI CUKES 680 G / 1.5 LB,65,6.49,6.49,1.0
2025-11-08,21133400700772511081142,BAYONNE,Sales,39054,SWEET ONION,2.27 KG / 5 LBS,SWEET ONION 2.27 KG / 5 LBS,65,5.99,5.99,1.0
2025-11-08,21133400700772511081142,BAYONNE,Sales,512599,**KS TOWEL**,P45 FQ/P20 W/US P54,**KS TOWEL** P45 FQ/P20 W/US P54,14,20.49,20.49,1.0
2025-11-08,21133400700772511081142,BAYONNE,Sales,96716,ORG SPINACH,453 G / 16 OZ,ORG SPINACH 453 G / 16 OZ,65,4.29,4.29,1.0
2025-11-08,21133400700772511081142,BAYONNE,Sales,9820887,KS CHS PIZZA,P108 6TX3H,KS CHS PIZZA P108 6TX3H,18,11.79,11.79,1.0
2024-11-02,21133401004372411021616,BAYONNE,Sales,1364689,KS ORG WH MK,3/64 SL30 T33H4 P132,KS ORG WH MK 3/64 SL30 T33H4 P132,17,10.47,10.47,1.0
2024-11-02,21133401004372411021616,BAYONNE,Sales,47825,GREEN GRAPES,1.36 KG / 3 LB,GREEN GRAPES 1.36 KG / 3 LB,65,6.99,6.99,1.0
2024-11-02,21133401004372411021616,BAYONNE,Sales,8370,ORG MEDITERR,2PK,ORG MEDITERR 2PK,65,8.99,8.99,1.0
2024-11-02,21133401004372411021616,BAYONNE,Sales,1773119,**CHARMIN**,30/213 SHEET 835SQFT P30,**CHARMIN** 30/213 SHEET 835SQFT P30,14,29.99,29.99,1.0
2024-11-02,21133401004372411021616,BAYONNE,Sales,22967,ORGNC BS THG,FRESH SADDLEPACK,ORGNC BS THG FRESH SADDLEPACK,61,5.99,26.54,1.0
2024-11-02,21133401004372411021616,BAYONNE,Sales,637598,KS CAGE FREE,SL21 T20H18 P360/P300,KS CAGE FREE SL21 T20H18 P360/P300,17,5.69,5.69,1.0
2024-11-02,21133401004372411021616,BAYONNE,Sales,1391546,BAGEL CHIPS,SCHWARTZ 425G P324 SL90,BAGEL CHIPS SCHWARTZ 425G P324 SL90,13,7.99,7.99,1.0
2024-11-02,21133401004372411021616,BAYONNE,Sales,757263,CHEX MIX,T50H3  P150 SL149,CHEX MIX T50H3  P150 SL149,12,6.99,6.99,1.0
2024-03-02,21133400702212403021410,BAYONNE,Sales,26802,CRUMBLD FETA,LACTALIS T6H6 SL60,CRUMBLD FETA LACTALIS T6H6 SL60,19,7.59,7.59,1.0
2024-03-02,21133400702212403021410,BAYONNE,Sales,1773119,**CHARMIN**,30/213 SHEET 835SQFT P30,**CHARMIN** 30/213 SHEET 835SQFT P30,14,29.99,29.99,1.0
2024-03-02,21133400702212403021410,BAYONNE,Sales,703381,CHEDDAR SLCS,T10H5  SL120,CHEDDAR SLCS T10H5  SL120,17,7.99,7.99,1.0
2024-03-02,21133400702212403021410,BAYONNE,Sales,800182,BREAD ITALIA,SCHMIDT         SL9,BREAD ITALIA SCHMIDT         SL9,13,4.49,4.49,1.0
2024-03-02,21133400702212403021410,BAYONNE,Sales,647465,AVOCADOS,6 COUNT,AVOCADOS 6 COUNT,65,6.49,6.49,1.0
2024-03-02,21133400702212403021410,BAYONNE,Sales,38742,SWEET CORN,8 PACK,SWEET CORN 8 PACK,65,6.99,6.99,1.0
2024-03-02,21133400702212403021410,BAYONNE,Sales,60357,MIXED PEPPER,6-PACK,MIXED PEPPER 6-PACK,65,7.49,7.49,1.0
2024-03-02,21133400702212403021410,BAYONNE,Sales,21046,TOMATO MEDLE,,,65,6.59,6.59,1.0
2024-03-02,21133400702212403021410,BAYONNE,Sales,568915,ORG CUCUMBER,,,65,5.99,5.99,1.0
2024-03-02,21133400702212403021410,BAYONNE,Sales,1474436,KS TRAIL MIX,SL150 C10T6H4 P240,KS TRAIL MIX SL150 C10T6H4 P240,12,12.49,12.49,1.0
2024-03-02,21133400702212403021410,BAYONNE,Sales,1711044,HAMANTASHEN,MANISCHEWITZ T4H4 P144,HAMANTASHEN MANISCHEWITZ T4H4 P144,13,12.99,12.99,1.0
2024-03-02,21133400702212403021410,BAYONNE,Sales,545345,KS PISTACHIO,C13T6H4 P312 SL300,KS PISTACHIO C13T6H4 P312 SL300,12,13.99,13.99,1.0
2024-03-02,21133400702212403021410,BAYONNE,Sales,27003,STRAWBERRIES,908 G / 2 LB,STRAWBERRIES 908 G / 2 LB,65,4.99,4.99,1.0
2024-03-02,21133400702212403021410,BAYONNE,Sales,983491,CRUNCHY BUTR,CRUNCHY TX480  P600 SL365,CRUNCHY BUTR CRUNCHY TX480  P600 SL365,13,14.99,14.99,1.0
2024-03-02,21133400702212403021410,BAYONNE,Sales,323676,/983491,,,13,0.0,-3.0,-1.0
2024-03-02,21133400702212403021410,BAYONNE,Sales,47292,SOCK SALMON,FILLET PREVIOUSLY FROZEN,SOCK SALMON FILLET PREVIOUSLY FROZEN,61,9.99,14.59,1.0
2024-03-02,21133400702212403021410,BAYONNE,Sales,1136479,BEEFJRKYMANG,MANGO HABANERO 16OZ P432,BEEFJRKYMANG MANGO HABANERO 16OZ P432,12,17.99,17.99,1.0
2024-03-02,21133400702212403021410,BAYONNE,Sales,1199652,BUTER CROISS,,,62,5.99,5.99,1.0
2024-03-02,21133400702212403021410,BAYONNE,Sales,30548,ORGANIC DRUM,SADDLEPACK,ORGANIC DRUM SADDLEPACK,61,1.99,9.11,1.0
2024-03-02,21133400702212403021410,BAYONNE,Sales,595006,TZATZIKI DIP,12/32 OZ   7T6H   SL50,TZATZIKI DIP 12/32 OZ   7T6H   SL50,19,7.89,7.89,1.0
2024-03-02,21133400702212403021410,BAYONNE,Sales,1364689,KS ORG WH MK,3/64 SL30 T33H4 P132,KS ORG WH MK 3/64 SL30 T33H4 P132,17,11.99,23.98,2.0
2024-03-02,21133400702212403021410,BAYONNE,Sales,376052,KS CHOCALMND,T6H5  P360 SL292,KS CHOCALMND T6H5  P360 SL292,12,14.79,14.79,1.0
2024-03-02,21133400702212403021410,BAYONNE,Sales,6659,4LB HONYCRSP,,,65,6.99,6.99,1.0
2024-03-02,21133400702212403021410,BAYONNE,Sales,1742835,**KS TOWEL**,P20/P40/P54 NO INNER POLY,**KS TOWEL** P20/P40/P54 NO INNER POLY,14,19.49,19.49,1.0
2024-03-02,21133400702212403021410,BAYONNE,Sales,2619,ORG BANANAS,3 LB / 1.36 KG,ORG BANANAS 3 LB / 1.36 KG,65,2.19,2.19,1.0
2024-03-02,21133400702212403021410,BAYONNE,Sales,1528128,PUMA BB5PK M,FY24           P336 HP168,PUMA BB5PK M FY24           P336 HP168,39,15.49,15.49,1.0
2024-03-02,21133400702212403021410,BAYONNE,Sales,427381,KS ORG EGGS,GRADE AA  P360/300  SL26,KS ORG EGGS GRADE AA  P360/300  SL26,17,7.59,7.59,1.0
2024-03-02,21133400702212403021410,BAYONNE,Sales,1391546,BAGEL CHIPS,SCHWARTZ 425G P324 SL90,BAGEL CHIPS SCHWARTZ 425G P324 SL90,13,7.99,7.99,1.0
2024-03-02,21133400702212403021410,BAYONNE,Sales,323480,/1391546,,,13,0.0,-1.6,-1.0
2025-10-26,21133400603002510261545,BAYONNE,Sales,7907,HONEYNUTSQSH,,,65,5.99,5.99,1.0
2025-10-26,21133400603002510261545,BAYONNE,Sales,96128,POTATO BREAD,2PK/18 OZ LOAVES,POTATO BREAD 2PK/18 OZ LOAVES,13,6.89,6.89,1.0
2025-10-26,21133400603002510261545,BAYONNE,Sales,549797,BISCOFF,LOTUS BAKERIES  SL150P480,BISCOFF LOTUS BAKERIES  SL150P480,12,7.99,7.99,1.0
2025-10-26,21133400603002510261545,BAYONNE,Sales,9877788,KS ORG TOFU,4-16Z SL45 7X5 MW/TE 6X7,KS ORG TOFU 4-16Z SL45 7X5 MW/TE 6X7,19,5.69,5.69,1.0
2025-10-26,21133400603002510261545,BAYONNE,Sales,1830455,KS BAGUETTE,,,62,4.99,4.99,1.0
2025-10-26,21133400603002510261545,BAYONNE,Sales,16712,CHANTERELLE,,,65,12.99,12.99,1.0
2025-10-26,21133400603002510261545,BAYONNE,Sales,1391546,BAGEL CHIPS,SCHWARTZ 425G P324 SL90,BAGEL CHIPS SCHWARTZ 425G P324 SL90,13,7.99,7.99,1.0
2025-10-26,21133400603002510261545,BAYONNE,Sales,91655,BEEF OX TAIL,,,61,8.99,42.25,1.0
2025-10-26,21133400603002510261545,BAYONNE,Sales,10912,SOCK SALMON,FILLET PREVIOUSLY FROZEN,SOCK SALMON FILLET PREVIOUSLY FROZEN,61,13.99,17.07,1.0
2025-10-26,21133400603002510261545,BAYONNE,Sales,720650,MINI CUKES,680 G / 1.5 LB,MINI CUKES 680 G / 1.5 LB,65,6.49,6.49,1.0
2025-10-26,21133400603002510261545,BAYONNE,Sales,60357,MIXED PEPPER,6-PACK,MIXED PEPPER 6-PACK,65,6.99,6.99,1.0
2025-10-26,21133400603002510261545,BAYONNE,Sales,7445,10LB BAKERS,4.5KG / 10 LB,10LB BAKERS 4.5KG / 10 LB,65,6.99,6.99,1.0
2025-10-26,21133400603002510261545,BAYONNE,Sales,516822,KS ORG STOCK,KS ORGANIC   SL292   P150,KS ORG STOCK KS ORGANIC   SL292   P150,13,8.99,8.99,1.0
2025-10-26,21133400603002510261545,BAYONNE,Sales,7950,4LB COSMIC,,,65,5.99,5.99,1.0
2025-10-26,21133400603002510261545,BAYONNE,Sales,705876,MARSCHOCVRTY,"Z#277179 C7 T8H5 P280","MARSCHOCVRTY Z#277179 C7 T8H5 P280",12,29.99,29.99,1.0
2025-10-26,21133400603002510261545,BAYONNE,Sales,987677,KS ALLER 180,180CT.          T10H5 C14,KS ALLER 180 180CT.          T10H5 C14,93,33.49,33.49,1.0
2025-10-26,21133400603002510261545,BAYONNE,Sales,21046,TOMATO MEDLE,,,65,7.99,7.99,1.0
2025-10-26,21133400603002510261545,BAYONNE,Sales,545345,KS PISTACHIO,C13T6H4 P312 SL300,KS PISTACHIO C13T6H4 P312 SL300,12,15.99,15.99,1.0
2025-10-26,21133400603002510261545,BAYONNE,Sales,938492,KS KETTLE,PINK SALT P120 T40H3,KS KETTLE PINK SALT P120 T40H3,12,5.99,5.99,1.0
2025-10-26,21133400603002510261545,BAYONNE,Sales,1050557,KS PB PRTZEL,1.56KG T56H4 P224 SL120,KS PB PRTZEL 1.56KG T56H4 P224 SL120,12,9.79,9.79,1.0
2025-10-26,21133400603002510261545,BAYONNE,Sales,1462714,KS ORG A2 PR,3/64OZ SL30 33X4 P132,KS ORG A2 PR 3/64OZ SL30 33X4 P132,17,12.99,12.99,1.0
2025-10-26,21133400603002510261545,BAYONNE,Sales,25949,FRESH GARLIC,907 G / 2 LB,FRESH GARLIC 907 G / 2 LB,65,6.59,6.59,1.0
2025-05-02,21133400901002505021151,BAYONNE,Sales,33666,BEEF RIBEYE,BONELESS USDA CHOICE,BEEF RIBEYE BONELESS USDA CHOICE,61,15.99,63.64,1.0
2025-05-02,21133400901002505021151,BAYONNE,Sales,9440,COCONUT MILK,THAI KITCHEN (32X10) P320,COCONUT MILK THAI KITCHEN (32X10) P320,13,9.99,9.99,1.0
2025-05-02,21133400901002505021151,BAYONNE,Sales,1068080,PASTURE EGGS,2DZ GRADE A P360/300 SL22,PASTURE EGGS 2DZ GRADE A P360/300 SL22,17,8.19,8.19,1.0
2025-05-02,21133400901002505021151,BAYONNE,Sales,519638,ORG BLUES,510 G / 18 OZ,ORG BLUES 510 G / 18 OZ,65,9.79,9.79,1.0
2025-05-02,21133400901002505021151,BAYONNE,Sales,938492,KS KETTLE,PINK SALT P120 T40H3,KS KETTLE PINK SALT P120 T40H3,12,5.99,5.99,1.0
2025-05-02,21133400901002505021151,BAYONNE,Sales,1645578,KS MIXED NUT,C13T6H5 P390 SL240,KS MIXED NUT C13T6H5 P390 SL240,12,14.99,14.99,1.0
2025-05-02,21133400901002505021151,BAYONNE,Sales,7554,SARDINES,6/4.37 OZ  P650,SARDINES 6/4.37 OZ  P650,13,9.99,9.99,1.0
2025-05-02,21133400901002505021151,BAYONNE,Sales,22967,ORGNC BS THG,FRESH SADDLEPACK,ORGNC BS THG FRESH SADDLEPACK,61,5.99,30.25,1.0
2025-05-02,21133400901002505021151,BAYONNE,Sales,720650,MINI CUKES,680 G / 1.5 LB,MINI CUKES 680 G / 1.5 LB,65,5.99,5.99,1.0
2025-05-02,21133400901002505021151,BAYONNE,Sales,18600,MANDARINS,2.27 KG / 5 LBS,MANDARINS 2.27 KG / 5 LBS,65,6.99,6.99,1.0
2025-05-02,21133400901002505021151,BAYONNE,Sales,73290,CMN-DONATION,,,80,1.0,1.0,1.0
2025-05-02,21133400901002505021151,BAYONNE,Sales,7367,LOLLIPEPPERS,680 G / 1.5 LB,LOLLIPEPPERS 680 G / 1.5 LB,65,5.99,5.99,1.0
2025-05-02,21133400901002505021151,BAYONNE,Sales,1706008,OLD SPICE,DEODORANT 4PC 3OZ P270,OLD SPICE DEODORANT 4PC 3OZ P270,20,15.99,15.99,1.0
2025-05-02,21133400901002505021151,BAYONNE,Sales,5623,BROCCOLI,1.36 KG / 3 LB,BROCCOLI 1.36 KG / 3 LB,65,6.99,6.99,1.0
2025-05-02,21133400901002505021151,BAYONNE,Sales,568915,ORG CUCUMBER,,,65,5.99,5.99,1.0
2025-05-02,21133400901002505021151,BAYONNE,Sales,1561475,CERAVE CREAM,2 PACK 16.0 OZ       P288,CERAVE CREAM 2 PACK 16.0 OZ       P288,20,24.99,24.99,1.0
2025-05-02,21133400901002505021151,BAYONNE,Sales,352985,/1561475,,,20,0.0,-5.0,-1.0
2025-05-02,21133400901002505021151,BAYONNE,Sales,21046,TOMATO MEDLE,,,65,6.59,13.18,2.0
2025-05-02,21133400901002505021151,BAYONNE,Sales,1838716,PRETZELPITA,28OZ (1.75LBS) P138 S150,PRETZELPITA 28OZ (1.75LBS) P138 S150,12,7.99,7.99,1.0
2025-05-02,21133400901002505021151,BAYONNE,Sales,61576,SWEET POTATO,5 LBS,SWEET POTATO 5 LBS,65,4.59,4.59,1.0
2025-05-02,21133400901002505021151,BAYONNE,Sales,1830455,KS BAGUETTE,,,62,4.99,4.99,1.0
2025-05-02,21133400901002505021151,BAYONNE,Sales,1199652,BUTER CROISS,,,62,5.99,5.99,1.0
2025-05-02,21133400901002505021151,BAYONNE,Sales,1842720,STR CRISPS,CRISPS 3OZ P480 SL540,STR CRISPS CRISPS 3OZ P480 SL540,13,6.99,6.99,1.0
2025-05-02,21133400901002505021151,BAYONNE,Sales,1739998,KS WRAP 3PK,GIFT WRAP 3PK  T130H1P130,KS WRAP 3PK GIFT WRAP 3PK  T130H1P130,28,9.97,9.97,1.0
2025-05-02,21133400901002505021151,BAYONNE,Sales,1388332,COCONUT ROLL,11 OZ  P380      SL270,COCONUT ROLL 11 OZ  P380      SL270,12,7.99,7.99,1.0
2025-05-02,21133400901002505021151,BAYONNE,Sales,1462714,KS ORG A2 PR,3/64OZ SL30 33X4 P132,KS ORG A2 PR 3/64OZ SL30 33X4 P132,17,10.76,10.76,1.0
2022-12-15,21133401101842212151315,BAYONNE,Sales,1461056,BABY CUKE,,,65,5.99,5.99,1.0
2022-12-15,21133401101842212151315,BAYONNE,Sales,7859,SMOKD SALMON,FOPPEN SL28 T8H5,SMOKD SALMON FOPPEN SL28 T8H5,19,10.99,10.99,1.0
2022-12-15,21133401101842212151315,BAYONNE,Sales,202193,SWEET MINI,680 G / 1.5 LB,SWEET MINI 680 G / 1.5 LB,65,3.99,3.99,1.0
2022-12-15,21133401101842212151315,BAYONNE,Sales,21046,TOMATO MEDLE,,,65,6.69,6.69,1.0
2022-12-15,21133401101842212151315,BAYONNE,Sales,1126125,PULL-UPSPLUS,BOY/GIRL P40,PULL-UPSPLUS BOY/GIRL P40,20,41.99,41.99,1.0
2022-12-15,21133401101842212151315,BAYONNE,Sales,289860,/1126125,,,20,0.0,-9.0,-1.0
2022-12-15,21133401101842212151315,BAYONNE,Sales,1364689,KS ORG WH MK,3/64 SL30 T33H4 P132,KS ORG WH MK 3/64 SL30 T33H4 P132,17,11.49,11.49,1.0
2022-12-15,21133401101842212151315,BAYONNE,Sales,782796,***KSWTR40PK,P48=SE   P56=PR,***KSWTR40PK P48=SE   P56=PR,14,4.29,8.58,2.0
2022-12-15,21133401101842212151315,BAYONNE,Sales,30548,ORGANIC DRUM,SADDLEPACK,ORGANIC DRUM SADDLEPACK,61,1.99,10.01,1.0
2022-12-15,21133401101842212151315,BAYONNE,Sales,703381,CHEDDAR SLCS,T10H5  SL120,CHEDDAR SLCS T10H5  SL120,19,7.99,7.99,1.0
2022-12-15,21133401101842212151315,BAYONNE,Sales,1290439,KS NUTBUTTER,765G T10H6 P720,KS NUTBUTTER 765G T10H6 P720,13,6.99,13.98,2.0
2022-12-15,21133401101842212151315,BAYONNE,Sales,1306598,FREE RNG XL,GRADE A T20H18 P360 SL23,FREE RNG XL GRADE A T20H18 P360 SL23,17,7.59,7.59,1.0
2022-12-15,21133401101842212151315,BAYONNE,Sales,1060788,PRETZEL CRSP,P176 T44H4 SL210,PRETZEL CRSP P176 T44H4 SL210,12,8.69,8.69,1.0
2022-12-15,21133401101842212151315,BAYONNE,Sales,289947,/1060788,,,12,0.0,-3.7,-1.0
2025-12-26,21133400901762512261453,BAYONNE,Sales,1830455,KS BAGUETTE,,,62,4.99,4.99,1.0
2025-12-26,21133400901762512261453,BAYONNE,Sales,6659,4LB HONYCRSP,,,65,6.99,6.99,1.0
2025-12-26,21133400901762512261453,BAYONNE,Sales,516822,KS ORG STOCK,KS ORGANIC   SL292   P150,KS ORG STOCK KS ORGANIC   SL292   P150,13,8.99,8.99,1.0
2025-12-26,21133400901762512261453,BAYONNE,Sales,427381,KS ORG EGGS,GRADE AA  P360/300  SL26,KS ORG EGGS GRADE AA  P360/300  SL26,17,7.69,7.69,1.0
2025-12-26,21133400901762512261453,BAYONNE,Sales,44796,BRANZINO,FARM RAISED,BRANZINO FARM RAISED,61,4.99,16.82,1.0
2025-12-26,21133400901762512261453,BAYONNE,Sales,60357,MIXED PEPPER,6-PACK,MIXED PEPPER 6-PACK,65,7.49,7.49,1.0
2025-12-26,21133400901762512261453,BAYONNE,Sales,21046,TOMATO MEDLE,,,65,7.99,7.99,1.0
2025-12-26,21133400901762512261453,BAYONNE,Sales,1302599,PALEOSAUSAGE,12/36 OZ   14T4H   SL45,PALEOSAUSAGE 12/36 OZ   14T4H   SL45,19,14.99,14.99,1.0
2025-12-26,21133400901762512261453,BAYONNE,Sales,19813,MUSHROOMS,680 G / 1.5 LB,MUSHROOMS 680 G / 1.5 LB,65,4.39,4.39,1.0
2025-12-26,21133400901762512261453,BAYONNE,Sales,3732,CRMYDILLPCKL,2 PACK,CRMYDILLPCKL 2 PACK,65,7.99,7.99,1.0
2025-12-26,21133400901762512261453,BAYONNE,Sales,813734,POTATO ROLL,16 CT 30 OZ,POTATO ROLL 16 CT 30 OZ,13,6.89,6.89,1.0
2025-12-26,21133400901762512261453,BAYONNE,Sales,5938,POTATOES,4.54 KG / 10 LB,POTATOES 4.54 KG / 10 LB,65,4.99,4.99,1.0
2025-12-26,21133400901762512261453,BAYONNE,Sales,990551,BASIL PESTO,15/22 OZ   12T8H   SL45,BASIL PESTO 15/22 OZ   12T8H   SL45,19,9.99,9.99,1.0
2025-12-26,21133400901762512261453,BAYONNE,Sales,1474436,KS TRAIL MIX,SL150 C10T6H4 P240,KS TRAIL MIX SL150 C10T6H4 P240,12,14.49,14.49,1.0
2025-12-26,21133400901762512261453,BAYONNE,Sales,1388332,COCONUT ROLL,11 OZ  P380      SL270,COCONUT ROLL 11 OZ  P380      SL270,12,8.59,8.59,1.0
2025-12-26,21133400901762512261453,BAYONNE,Sales,367900,/ 1388332,,,12,0.0,-2.6,-1.0
2025-12-26,21133400901762512261453,BAYONNE,Sales,720650,MINI CUKES,680 G / 1.5 LB,MINI CUKES 680 G / 1.5 LB,65,6.49,6.49,1.0
2025-12-26,21133400901762512261453,BAYONNE,Sales,1462714,KS ORG A2 PR,3/64OZ SL30 33X4 P132,KS ORG A2 PR 3/64OZ SL30 33X4 P132,17,12.99,12.99,1.0
2024-07-07,21133400703172407071648,BAYONNE,Sales,983491,CRUNCHY BUTR,CRUNCHY TX480  P600 SL365,CRUNCHY BUTR CRUNCHY TX480  P600 SL365,13,14.99,14.99,1.0
2024-07-07,21133400703172407071648,BAYONNE,Sales,2534,CHERRIES,907 G / 2 LB,CHERRIES 907 G / 2 LB,65,5.99,5.99,1.0
2024-07-07,21133400703172407071648,BAYONNE,Sales,5623,BROCCOLI,1.36 KG / 3 LB,BROCCOLI 1.36 KG / 3 LB,65,6.99,6.99,1.0
2024-07-07,21133400703172407071648,BAYONNE,Sales,568915,ORG CUCUMBER,,,65,5.99,5.99,1.0
2024-07-07,21133400703172407071648,BAYONNE,Sales,1740173,BK POKEMON,DK PROP/JV,BK POKEMON DK PROP/JV,36,12.99,12.99,1.0
2024-07-07,21133400703172407071648,BAYONNE,Sales,36886,ORGANIC GT,,,61,19.99,19.99,1.0
2024-07-07,21133400703172407071648,BAYONNE,Sales,370,ORG EVERYTHG,CHOP SALAD KIT 2PK,ORG EVERYTHG CHOP SALAD KIT 2PK,65,8.99,8.99,1.0
2024-07-07,21133400703172407071648,BAYONNE,Sales,647465,AVOCADOS,6 COUNT,AVOCADOS 6 COUNT,65,8.99,8.99,1.0
2024-07-07,21133400703172407071648,BAYONNE,Sales,60357,MIXED PEPPER,6-PACK,MIXED PEPPER 6-PACK,65,6.99,6.99,1.0
2024-07-07,21133400703172407071648,BAYONNE,Sales,1267000,KS SALMON,SL30 CHILEAN SLMN 10X5,KS SALMON SL30 CHILEAN SLMN 10X5,19,22.99,22.99,1.0
2024-07-07,21133400703172407071648,BAYONNE,Sales,18600,MANDARINS,2.27 KG / 5 LBS,MANDARINS 2.27 KG / 5 LBS,65,6.49,6.49,1.0
2024-07-07,21133400703172407071648,BAYONNE,Sales,203444,KS PECANS,C15T6H5 P450 SL200,KS PECANS C15T6H5 P450 SL200,12,10.99,10.99,1.0
2024-07-07,21133400703172407071648,BAYONNE,Sales,17368,STEELHEAD,FARM RAISED,STEELHEAD FARM RAISED,61,10.99,24.18,1.0
2024-07-07,21133400703172407071648,BAYONNE,Sales,21046,TOMATO MEDLE,,,65,6.59,6.59,1.0
2024-07-07,21133400703172407071648,BAYONNE,Sales,595006,TZATZIKI DIP,12/32 OZ   7T6H   SL50,TZATZIKI DIP 12/32 OZ   7T6H   SL50,19,7.89,7.89,1.0
2025-03-22,21133400700832503221154,BAYONNE,Sales,1068083,ORG FR EGGS,GRADE A T20H18 P360 SL23,ORG FR EGGS GRADE A T20H18 P360 SL23,17,8.79,8.79,1.0
2025-03-22,21133400700832503221154,BAYONNE,Sales,512599,**KS TOWEL**,P45 FQ/P20 W/US P54,**KS TOWEL** P45 FQ/P20 W/US P54,14,20.49,20.49,1.0
2025-03-22,21133400700832503221154,BAYONNE,Sales,1199652,BUTER CROISS,,,62,5.99,5.99,1.0
2025-03-22,21133400700832503221154,BAYONNE,Sales,7913,GREEN KIWI,1.36 KG / 3 LB,GREEN KIWI 1.36 KG / 3 LB,65,6.79,6.79,1.0
2025-03-22,21133400700832503221154,BAYONNE,Sales,1462714,KS ORG A2 PR,3/64OZ SL30 33X4 P132,KS ORG A2 PR 3/64OZ SL30 33X4 P132,17,10.76,10.76,1.0
2025-03-22,21133400700832503221154,BAYONNE,Sales,316689,BRN RICE RMN,850G LOTUS FOODS P240,BRN RICE RMN 850G LOTUS FOODS P240,13,8.99,8.99,1.0
2025-03-22,21133400700832503221154,BAYONNE,Sales,22995,ORGANIC DRUM,SADDLEPACK,ORGANIC DRUM SADDLEPACK,61,1.99,10.05,1.0
2025-03-22,21133400700832503221154,BAYONNE,Sales,2619,ORG BANANAS,3 LB / 1.36 KG,ORG BANANAS 3 LB / 1.36 KG,65,2.19,2.19,1.0
2025-03-22,21133400700832503221154,BAYONNE,Sales,251680,ORG RASPBERY,340 G / 12 OZ,ORG RASPBERY 340 G / 12 OZ,65,8.99,8.99,1.0
2025-03-22,21133400700832503221154,BAYONNE,Sales,1280655,ORG CSR KIT,,,65,8.99,8.99,1.0
2025-03-22,21133400700832503221154,BAYONNE,Sales,1136340,3LB ORG GALA,,,65,5.39,5.39,1.0
2025-03-22,21133400700832503221154,BAYONNE,Sales,21046,TOMATO MEDLE,,,65,6.59,6.59,1.0
2025-03-22,21133400700832503221154,BAYONNE,Sales,951243,ORG APLSAUCE,T20H6 P120,ORG APLSAUCE T20H6 P120,13,16.59,16.59,1.0
2025-03-22,21133400700832503221154,BAYONNE,Sales,350516,/951243,,,13,0.0,-4.0,-1.0
2025-03-22,21133400700832503221154,BAYONNE,Sales,46481,GP WINGS,SEASONED PARTY WINGS,GP WINGS SEASONED PARTY WINGS,63,6.49,17.07,1.0
2025-03-22,21133400700832503221154,BAYONNE,Sales,1169942,GINGER BEER,12/9.3OZ          P156,GINGER BEER 12/9.3OZ          P156,14,16.49,16.49,1.0
2025-03-22,21133400700832503221154,BAYONNE,Sales,720650,MINI CUKES,680 G / 1.5 LB,MINI CUKES 680 G / 1.5 LB,65,5.99,5.99,1.0
2025-03-22,21133400700832503221154,BAYONNE,Sales,826365,ORG SQUASH,,,65,8.79,8.79,1.0
2025-03-22,21133400700832503221154,BAYONNE,Sales,947880,HF NAT TRKEY,T6H4P216  SL30,HF NAT TRKEY T6H4P216  SL30,17,12.89,12.89,1.0
2025-03-22,21133400700832503221154,BAYONNE,Sales,1830455,KS BAGUETTE,,,62,4.99,4.99,1.0
2025-03-22,21133400700832503221154,BAYONNE,Sales,1357312,FRESH STACKS,FRESH STACKS 50 OZ,FRESH STACKS FRESH STACKS 50 OZ,12,8.99,8.99,1.0
2024-01-22,21133400702252401221452,BAYONNE,Sales,5850,SWEETKALEDUO,2 X 14 OZ,SWEETKALEDUO 2 X 14 OZ,65,6.99,6.99,1.0
2024-01-22,21133400702252401221452,BAYONNE,Sales,1136340,ORG DIS APPL,GALA,ORG DIS APPL GALA,65,4.99,4.99,1.0
2024-01-22,21133400702252401221452,BAYONNE,Sales,647465,AVOCADOS,6 COUNT,AVOCADOS 6 COUNT,65,5.99,5.99,1.0
2024-01-22,21133400702252401221452,BAYONNE,Sales,1150189,ORG SKINYPOP,T34H3 P102 SL110,ORG SKINYPOP T34H3 P102 SL110,12,6.99,6.99,1.0
2024-01-22,21133400702252401221452,BAYONNE,Sales,2619,ORG BANANAS,3 LB / 1.36 KG,ORG BANANAS 3 LB / 1.36 KG,65,2.19,2.19,1.0
2024-01-22,21133400702252401221452,BAYONNE,Sales,60357,MIXED PEPPER,6-PACK,MIXED PEPPER 6-PACK,65,7.49,7.49,1.0
2024-01-22,21133400702252401221452,BAYONNE,Sales,782796,***KSWTR40PK,P48=SE   P56=PR,***KSWTR40PK P48=SE   P56=PR,14,3.99,3.99,1.0
2024-01-22,21133400702252401221452,BAYONNE,Sales,47292,SOCK SALMON,FILLET PREVIOUSLY FROZEN,SOCK SALMON FILLET PREVIOUSLY FROZEN,61,9.99,14.79,1.0
2024-01-22,21133400702252401221452,BAYONNE,Sales,983491,CRUNCHY BUTR,CRUNCHY TX480  P600 SL365,CRUNCHY BUTR CRUNCHY TX480  P600 SL365,13,14.99,14.99,1.0
2024-01-22,21133400702252401221452,BAYONNE,Sales,1337852,SHRIMP 31/40,6T 6H P576 SL90,SHRIMP 31/40 6T 6H P576 SL90,18,12.49,12.49,1.0
2024-01-22,21133400702252401221452,BAYONNE,Sales,8424,THAI CHILI,SALAD KIT 2PK,THAI CHILI SALAD KIT 2PK,65,7.99,7.99,1.0
2024-01-22,21133400702252401221452,BAYONNE,Sales,21046,TOMATO MEDLE,,,65,6.59,6.59,1.0
2024-01-22,21133400702252401221452,BAYONNE,Sales,568915,ORG CUCUMBER,,,65,5.99,11.98,2.0
2024-01-22,21133400702252401221452,BAYONNE,Sales,45694,BAGUETTE,2 PACK,BAGUETTE 2 PACK,62,5.99,5.99,1.0
2024-01-22,21133400702252401221452,BAYONNE,Sales,6995,GOLD KIWI,3 LBS,GOLD KIWI 3 LBS,65,10.49,10.49,1.0
2024-01-22,21133400702252401221452,BAYONNE,Sales,1364689,KS ORG WH MK,3/64 SL30 T33H4 P132,KS ORG WH MK 3/64 SL30 T33H4 P132,17,11.99,23.98,2.0
2024-01-22,21133400702252401221452,BAYONNE,Sales,5623,BROCCOLI,1.36 KG / 3 LB,BROCCOLI 1.36 KG / 3 LB,65,6.99,6.99,1.0
2024-12-31,21133400700932412311221,BAYONNE,Sales,1199652,BUTER CROISS,,,62,5.99,5.99,1.0
2024-12-31,21133400700932412311221,BAYONNE,Sales,5623,BROCCOLI,1.36 KG / 3 LB,BROCCOLI 1.36 KG / 3 LB,65,6.99,6.99,1.0
2024-12-31,21133400700932412311221,BAYONNE,Sales,1267000,KS SALMON,SL30 CHILEAN SLMN 10X5,KS SALMON SL30 CHILEAN SLMN 10X5,19,23.99,23.99,1.0
2024-12-31,21133400700932412311221,BAYONNE,Sales,703381,CHEDDAR SLCS,T10H5  SL120,CHEDDAR SLCS T10H5  SL120,17,7.99,7.99,1.0
2024-12-31,21133400700932412311221,BAYONNE,Sales,947880,HF NAT TRKEY,T6H4P216  SL30,HF NAT TRKEY T6H4P216  SL30,17,12.89,12.89,1.0
2024-12-31,21133400700932412311221,BAYONNE,Sales,1823420,RUSTIC ITALN,,,62,5.99,5.99,1.0
2024-12-31,21133400700932412311221,BAYONNE,Sales,982859,CHKN POTSTIK,LING LING T6H4 P216 D,CHKN POTSTIK LING LING T6H4 P216 D,18,12.79,12.79,1.0
2024-12-31,21133400700932412311221,BAYONNE,Sales,343405,/ 982859,,,18,0.0,-4.0,-1.0
2024-12-31,21133400700932412311221,BAYONNE,Sales,545345,KS PISTACHIO,C13T6H4 P312 SL300,KS PISTACHIO C13T6H4 P312 SL300,12,13.99,13.99,1.0
2024-12-31,21133400700932412311221,BAYONNE,Sales,1775302,KS PARM SSG,9/48Z T8H8 SL40 PEPP/PARM,KS PARM SSG 9/48Z T8H8 SL40 PEPP/PARM,19,12.59,12.59,1.0
2024-12-31,21133400700932412311221,BAYONNE,Sales,21046,TOMATO MEDLE,,,65,6.59,6.59,1.0
2024-12-31,21133400700932412311221,BAYONNE,Sales,1364689,KS ORG WH MK,3/64 SL30 T33H4 P132,KS ORG WH MK 3/64 SL30 T33H4 P132,17,10.47,10.47,1.0
2024-12-31,21133400700932412311221,BAYONNE,Sales,8370,ORG MEDITERR,2PK,ORG MEDITERR 2PK,65,8.99,8.99,1.0
2024-12-31,21133400700932412311221,BAYONNE,Sales,1773119,**CHARMIN**,30/213 SHEET 835SQFT P30,**CHARMIN** 30/213 SHEET 835SQFT P30,14,29.99,29.99,1.0
2024-12-31,21133400700932412311221,BAYONNE,Sales,343332,/1773119,,,14,0.0,-6.0,-1.0
2024-12-31,21133400700932412311221,BAYONNE,Sales,1391546,BAGEL CHIPS,SCHWARTZ 425G P324 SL90,BAGEL CHIPS SCHWARTZ 425G P324 SL90,13,7.99,7.99,1.0
2024-12-31,21133400700932412311221,BAYONNE,Sales,23011,ORGANIC WING,SADDLEPACK,ORGANIC WING SADDLEPACK,61,3.99,18.27,1.0
2024-12-31,21133400700932412311221,BAYONNE,Sales,720650,MINI CUKES,680 G / 1.5 LB,MINI CUKES 680 G / 1.5 LB,65,6.99,6.99,1.0
2024-12-31,21133400700932412311221,BAYONNE,Sales,6659,4LB HONYCRSP,,,65,9.99,9.99,1.0
2024-12-31,21133400700932412311221,BAYONNE,Sales,5276,RED GRAPES,1.36 KG / 3 LB,RED GRAPES 1.36 KG / 3 LB,65,6.99,6.99,1.0
2024-12-31,21133400700932412311221,BAYONNE,Sales,7367,LOLLIPEPPERS,680 G / 1.5 LB,LOLLIPEPPERS 680 G / 1.5 LB,65,5.99,5.99,1.0
2024-12-31,21133400700932412311221,BAYONNE,Sales,1068080,PASTURE EGGS,2DZ GRADE A P360/300 SL22,PASTURE EGGS 2DZ GRADE A P360/300 SL22,17,8.49,8.49,1.0
2024-10-15,21133400600482410151124,BAYONNE,Sales,1068080,PASTURE EGGS,2DZ GRADE A P360/300 SL22,PASTURE EGGS 2DZ GRADE A P360/300 SL22,17,8.49,8.49,1.0
2024-10-15,21133400600482410151124,BAYONNE,Sales,21046,TOMATO MEDLE,,,65,6.59,6.59,1.0
2024-10-15,21133400600482410151124,BAYONNE,Sales,595006,TZATZIKI DIP,12/32 OZ   7T6H   SL50,TZATZIKI DIP 12/32 OZ   7T6H   SL50,19,7.89,7.89,1.0
2024-10-15,21133400600482410151124,BAYONNE,Sales,1199652,BUTER CROISS,,,62,5.99,5.99,1.0
2024-10-15,21133400600482410151124,BAYONNE,Sales,339830,/1199652,,,62,0.0,-1.0,-1.0
2024-10-15,21133400600482410151124,BAYONNE,Sales,993449,ORGANIC PSTA,ORGANIC PASTA SL365  P144,ORGANIC PSTA ORGANIC PASTA SL365  P144,13,9.59,9.59,1.0
2024-10-15,21133400600482410151124,BAYONNE,Sales,8258,ASIAN CASHEW,2PK,ASIAN CASHEW 2PK,65,6.99,6.99,1.0
2024-10-15,21133400600482410151124,BAYONNE,Sales,1258564,BEEFSTICKS,P360 T6H4 28/.5OX SL300,BEEFSTICKS P360 T6H4 28/.5OX SL300,12,16.79,16.79,1.0
2024-10-15,21133400600482410151124,BAYONNE,Sales,720650,MINI CUKES,680 G / 1.5 LB,MINI CUKES 680 G / 1.5 LB,65,6.79,6.79,1.0
2024-10-15,21133400600482410151124,BAYONNE,Sales,1364689,KS ORG WH MK,3/64 SL30 T33H4 P132,KS ORG WH MK 3/64 SL30 T33H4 P132,17,10.47,10.47,1.0
2024-10-15,21133400600482410151124,BAYONNE,Sales,703381,CHEDDAR SLCS,T10H5  SL120,CHEDDAR SLCS T10H5  SL120,17,7.99,7.99,1.0
2024-10-15,21133400600482410151124,BAYONNE,Sales,8370,ORG MEDITERR,2PK,ORG MEDITERR 2PK,65,8.99,8.99,1.0
2024-10-15,21133400600482410151124,BAYONNE,Sales,27003,STRAWBERRIES,908 G / 2 LB,STRAWBERRIES 908 G / 2 LB,65,5.79,5.79,1.0
2024-10-15,21133400600482410151124,BAYONNE,Sales,947880,HF NAT TRKEY,T6H4P216  SL30,HF NAT TRKEY T6H4P216  SL30,17,11.99,11.99,1.0
2024-10-15,21133400600482410151124,BAYONNE,Sales,337386,/947880,,,17,0.0,-3.2,-1.0
2026-02-14,21133400100602602141056,BAYONNE,Sales,22995,ORGANIC DRUM,SADDLEPACK,ORGANIC DRUM SADDLEPACK,61,1.99,9.69,1.0
2026-02-14,21133400100602602141056,BAYONNE,Sales,720650,MINI CUKES,680 G / 1.5 LB,MINI CUKES 680 G / 1.5 LB,65,6.49,6.49,1.0
2026-02-14,21133400100602602141056,BAYONNE,Sales,6659,4LB HONYCRSP,,,65,7.99,7.99,1.0
2026-02-14,21133400100602602141056,BAYONNE,Sales,2585,HYDRO STRAW,2LB / 907 G,HYDRO STRAW 2LB / 907 G,65,10.99,10.99,1.0
2026-02-14,21133400100602602141056,BAYONNE,Sales,60357,MIXED PEPPER,6-PACK,MIXED PEPPER 6-PACK,65,7.49,7.49,1.0
2026-02-14,21133400100602602141056,BAYONNE,Sales,2233,NECTARINE,,,65,6.29,6.29,1.0
2026-02-14,21133400100602602141056,BAYONNE,Sales,83505,RED POTATOES,4.54 KG / 10 LB,RED POTATOES 4.54 KG / 10 LB,65,6.99,6.99,1.0
2026-02-14,21133400100602602141056,BAYONNE,Sales,61576,SWEET POTATO,5 LBS,SWEET POTATO 5 LBS,65,4.99,4.99,1.0
2026-02-14,21133400100602602141056,BAYONNE,Sales,33845,FRYER THIGHS,,,61,1.79,18.6,1.0
2026-02-14,21133400100602602141056,BAYONNE,Sales,1462714,KS ORG A2 PR,3/64OZ SL30 33X4 P132,KS ORG A2 PR 3/64OZ SL30 33X4 P132,17,12.99,12.99,1.0
2026-02-14,21133400100602602141056,BAYONNE,Sales,464292,YAKISOBA,T6H7 P336,YAKISOBA T6H7 P336,18,15.99,15.99,1.0
2026-02-14,21133400100602602141056,BAYONNE,Sales,1998135,G/P POPCORN,14Z LESSEREVIL P108 SL180,G/P POPCORN 14Z LESSEREVIL P108 SL180,12,5.99,5.99,1.0
2026-02-14,21133400100602602141056,BAYONNE,Sales,521658,FERRERO 48CT,T6H6 P288/576/T30 SL120,FERRERO 48CT T6H6 P288/576/T30 SL120,12,17.99,17.99,1.0
2026-02-14,21133400100602602141056,BAYONNE,Sales,21046,TOMATO MEDLE,,,65,7.99,7.99,1.0
2026-02-14,21133400100602602141056,BAYONNE,Sales,119754,BARILLA VAR,FAR/ELBOW/ROTINI P=114,BARILLA VAR FAR/ELBOW/ROTINI P=114,13,8.99,8.99,1.0
2026-02-14,21133400100602602141056,BAYONNE,Sales,1794528,BLULANDDISH,110CT 26Z PCH C8T10H4P320,BLULANDDISH 110CT 26Z PCH C8T10H4P320,14,24.99,24.99,1.0
2026-02-14,21133400100602602141056,BAYONNE,Sales,512599,**KS TOWEL**,P45 FQ/P20 W/US P54,**KS TOWEL** P45 FQ/P20 W/US P54,14,20.79,20.79,1.0
2026-02-14,21133400100602602141056,BAYONNE,Sales,1969040,BHHANDSOAP,4/19.5 FL OZ P175,BHHANDSOAP 4/19.5 FL OZ P175,20,12.99,12.99,1.0
2026-02-14,21133400100602602141056,BAYONNE,Sales,1930531,BUTTER CHK,2-18 OZ T9H3 SL80,BUTTER CHK 2-18 OZ T9H3 SL80,19,15.99,15.99,1.0
2026-02-14,21133400100602602141056,BAYONNE,Sales,512447,DAVE'S 21 WG,BREAD    SL10    P180,DAVE'S 21 WG BREAD    SL10    P180,13,8.99,8.99,1.0
2023-03-24,21133401100522303241037,BAYONNE,Sales,1290439,KS NUTBUTTER,765G T10H6 P720,KS NUTBUTTER 765G T10H6 P720,13,6.99,13.98,2.0
2023-03-24,21133401100522303241037,BAYONNE,Sales,1461056,BABY CUKE,,,65,5.99,5.99,1.0
2023-03-24,21133401100522303241037,BAYONNE,Sales,1364689,KS ORG WH MK,3/64 SL30 T33H4 P132,KS ORG WH MK 3/64 SL30 T33H4 P132,17,12.69,12.69,1.0
2023-03-24,21133401100522303241037,BAYONNE,Sales,1391546,BAGEL CHIPS,SCHWARTZ 425G P324 SL90,BAGEL CHIPS SCHWARTZ 425G P324 SL90,13,7.99,7.99,1.0
2023-03-24,21133401100522303241037,BAYONNE,Sales,1150189,ORG SKINYPOP,T34H3 P102 SL110,ORG SKINYPOP T34H3 P102 SL110,12,7.49,7.49,1.0
2023-03-24,21133401100522303241037,BAYONNE,Sales,297191,/1150189,,,12,0.0,-2.5,-1.0
2023-03-24,21133401100522303241037,BAYONNE,Sales,260509,POLYO STRCHZ,10/48Z P450 T9H5     SL45,POLYO STRCHZ 10/48Z P450 T9H5     SL45,17,11.49,11.49,1.0
2023-03-24,21133401100522303241037,BAYONNE,Sales,303285,FOUR CHEESE,16/2LBS SL90    T10H5,FOUR CHEESE 16/2LBS SL90    T10H5,19,10.49,10.49,1.0
2023-03-24,21133401100522303241037,BAYONNE,Sales,27003,STRAWBERRIES,908 G / 2 LB,STRAWBERRIES 908 G / 2 LB,65,4.99,4.99,1.0
2023-03-24,21133401100522303241037,BAYONNE,Sales,60357,MIXED PEPPER,6-PACK,MIXED PEPPER 6-PACK,65,7.49,7.49,1.0
2023-03-24,21133401100522303241037,BAYONNE,Sales,1542061,LACOLMCLDBRW,2/42OZ C6T6H3 SL60 P108,LACOLMCLDBRW 2/42OZ C6T6H3 SL60 P108,17,9.49,9.49,1.0
2023-03-24,21133401100522303241037,BAYONNE,Sales,298576,/1542061,,,17,0.0,-3.5,-1.0
2023-03-24,21133401100522303241037,BAYONNE,Sales,21046,TOMATO MEDLE,,,65,6.69,6.69,1.0
2023-03-24,21133401100522303241037,BAYONNE,Sales,782796,***KSWTR40PK,P48=SE   P56=PR,***KSWTR40PK P48=SE   P56=PR,14,3.99,3.99,1.0
2026-01-17,21133400200742601171115,BAYONNE,Sales,21046,TOMATO MEDLE,,,65,7.99,7.99,1.0
2026-01-17,21133400200742601171115,BAYONNE,Sales,27003,STRAWBERRIES,908 G / 2 LB,STRAWBERRIES 908 G / 2 LB,65,6.99,6.99,1.0
2026-01-17,21133400200742601171115,BAYONNE,Sales,1830455,KS BAGUETTE,,,62,4.99,4.99,1.0
2026-01-17,21133400200742601171115,BAYONNE,Sales,9218,RED ONIONS,5 LBS,RED ONIONS 5 LBS,65,4.99,4.99,1.0
2026-01-17,21133400200742601171115,BAYONNE,Sales,1953897,TUSCAN WHITE,BREAD 2/27OZ,TUSCAN WHITE BREAD 2/27OZ,13,8.89,8.89,1.0
2026-01-17,21133400200742601171115,BAYONNE,Sales,1462714,KS ORG A2 PR,3/64OZ SL30 33X4 P132,KS ORG A2 PR 3/64OZ SL30 33X4 P132,17,12.99,12.99,1.0
2026-01-17,21133400200742601171115,BAYONNE,Sales,953258,SQUISHMALLOW,P60,SQUISHMALLOW P60,28,12.99,12.99,1.0
2026-01-17,21133400200742601171115,BAYONNE,Sales,5623,BROCCOLI,1.36 KG / 3 LB,BROCCOLI 1.36 KG / 3 LB,65,7.99,7.99,1.0
2026-01-17,21133400200742601171115,BAYONNE,Sales,703381,CHEDDAR SLCS,T9H3P270 SL120,CHEDDAR SLCS T9H3P270 SL120,17,8.69,8.69,1.0
2026-01-17,21133400200742601171115,BAYONNE,Sales,1984539,*CHARMINBLU*,30/213 SHEET 835SQFT P30,*CHARMINBLU* 30/213 SHEET 835SQFT P30,14,32.99,32.99,1.0
2026-01-17,21133400200742601171115,BAYONNE,Sales,368179,/ 1984539,,,14,0.0,-6.6,-1.0
2026-01-17,21133400200742601171115,BAYONNE,Sales,983491,CRUNCHY BUTR,CRNCHY T120H5 P600,CRUNCHY BUTR CRNCHY T120H5 P600,13,15.89,15.89,1.0
2026-01-17,21133400200742601171115,BAYONNE,Sales,1073013,KS 100% OJ,T10H5C4 P200 SL45 DOM70,KS 100% OJ T10H5C4 P200 SL45 DOM70,17,14.99,14.99,1.0
2026-01-17,21133400200742601171115,BAYONNE,Sales,842994,ORG MANGOS,,,65,9.99,9.99,1.0
2026-01-17,21133400200742601171115,BAYONNE,Sales,6660,ORG DANJOU,4LB BAG,ORG DANJOU 4LB BAG,65,8.99,8.99,1.0
2026-01-17,21133400200742601171115,BAYONNE,Sales,1961681,LEGO SPEED,FALL P230,LEGO SPEED FALL P230,28,21.99,21.99,1.0
2026-01-17,21133400200742601171115,BAYONNE,Sales,1267000,KS SALMON,SL30 CHILEAN SLMN 10X5,KS SALMON SL30 CHILEAN SLMN 10X5,19,23.99,23.99,1.0
2026-01-17,21133400200742601171115,BAYONNE,Sales,720650,MINI CUKES,680 G / 1.5 LB,MINI CUKES 680 G / 1.5 LB,65,6.49,6.49,1.0
2026-01-17,21133400200742601171115,BAYONNE,Sales,36886,ORGANIC GT,,,61,19.99,19.99,1.0
2026-01-17,21133400200742601171115,BAYONNE,Sales,1302599,PALEOSAUSAGE,12/36 OZ   14T4H   SL45,PALEOSAUSAGE 12/36 OZ   14T4H   SL45,19,14.99,14.99,1.0
2026-01-17,21133400200742601171115,BAYONNE,Sales,1388332,COCONUT ROLL,11 OZ  P380      SL270,COCONUT ROLL 11 OZ  P380      SL270,12,8.59,8.59,1.0
2026-01-17,21133400200742601171115,BAYONNE,Sales,367900,/ 1388332,,,12,0.0,-2.6,-1.0
2025-09-27,21133400800142509271103,BAYONNE,Sales,1763823,DRD JACKFRT,PHONOMENAL C12T6H4P288,DRD JACKFRT PHONOMENAL C12T6H4P288,12,9.99,9.99,1.0
2025-09-27,21133400800142509271103,BAYONNE,Sales,1773119,**CHARMIN**,30/213 SHEET 835SQFT P30,**CHARMIN** 30/213 SHEET 835SQFT P30,14,30.89,30.89,1.0
2025-09-27,21133400800142509271103,BAYONNE,Sales,521658,FERRERO 48CT,T6H6 P288/576/T30 SL120,FERRERO 48CT T6H6 P288/576/T30 SL120,12,17.99,17.99,1.0
2025-09-27,21133400800142509271103,BAYONNE,Sales,1893314,MUDDY BITES,P400 T5H4 SL273,MUDDY BITES P400 T5H4 SL273,12,4.97,4.97,1.0
2025-09-27,21133400800142509271103,BAYONNE,Sales,6995,GOLD KIWI,3 LBS,GOLD KIWI 3 LBS,65,12.39,12.39,1.0
2025-09-27,21133400800142509271103,BAYONNE,Sales,983491,CRUNCHY BUTR,CRNCHY T120H5 P600,CRUNCHY BUTR CRNCHY T120H5 P600,13,14.99,29.98,2.0
2025-09-27,21133400800142509271103,BAYONNE,Sales,1967992,TIM TAMS,P270  SL360,TIM TAMS P270  SL360,12,13.99,13.99,1.0
2025-09-27,21133400800142509271103,BAYONNE,Sales,106173,CHKN SAUSAGE,12/3 LBS    9T5H    SL90,CHKN SAUSAGE 12/3 LBS    9T5H    SL90,19,14.99,14.99,1.0
2025-09-27,21133400800142509271103,BAYONNE,Sales,260509,POLYO STRCHZ,10/48Z P450 T9H5     SL45,POLYO STRCHZ 10/48Z P450 T9H5     SL45,17,11.99,11.99,1.0
2025-09-27,21133400800142509271103,BAYONNE,Sales,1753372,ROMA PIZZA,C10 T10H5 SL12,ROMA PIZZA C10 T10H5 SL12,19,14.99,14.99,1.0
2025-09-27,21133400800142509271103,BAYONNE,Sales,720650,MINI CUKES,680 G / 1.5 LB,MINI CUKES 680 G / 1.5 LB,65,6.49,6.49,1.0
2025-09-27,21133400800142509271103,BAYONNE,Sales,1474436,KS TRAIL MIX,SL150 C10T6H4 P240,KS TRAIL MIX SL150 C10T6H4 P240,12,14.49,14.49,1.0
2025-09-27,21133400800142509271103,BAYONNE,Sales,11448,TENDERLOIN,CHICKEN TENDERLOIN,TENDERLOIN CHICKEN TENDERLOIN,61,3.29,29.15,1.0
2025-09-27,21133400800142509271103,BAYONNE,Sales,364091,/TENDERS,,,61,0.0,-5.0,-1.0
2025-09-27,21133400800142509271103,BAYONNE,Sales,1830455,KS BAGUETTE,,,62,4.99,4.99,1.0
2025-09-27,21133400800142509271103,BAYONNE,Sales,1068080,PASTURE EGGS,2DZ GRADE A P360/300 SL22,PASTURE EGGS 2DZ GRADE A P360/300 SL22,17,7.99,7.99,1.0
2025-09-27,21133400800142509271103,BAYONNE,Sales,1267000,KS SALMON,SL30 CHILEAN SLMN 10X5,KS SALMON SL30 CHILEAN SLMN 10X5,19,23.99,23.99,1.0
2025-09-27,21133400800142509271103,BAYONNE,Sales,60357,MIXED PEPPER,6-PACK,MIXED PEPPER 6-PACK,65,6.99,6.99,1.0
2025-09-27,21133400800142509271103,BAYONNE,Sales,910270,ORG GRE BEAN,,,65,7.49,7.49,1.0
2025-09-27,21133400800142509271103,BAYONNE,Sales,9877788,KS ORG TOFU,8/4-16OZ T7H5 SL45,KS ORG TOFU 8/4-16OZ T7H5 SL45,19,5.69,5.69,1.0
2025-09-27,21133400800142509271103,BAYONNE,Sales,5938,POTATOES,4.54 KG / 10 LB,POTATOES 4.54 KG / 10 LB,65,5.99,5.99,1.0
2025-09-27,21133400800142509271103,BAYONNE,Sales,21046,TOMATO MEDLE,,,65,7.99,7.99,1.0
2025-09-27,21133400800142509271103,BAYONNE,Sales,251680,ORG RASPBERY,340 G / 12 OZ,ORG RASPBERY 340 G / 12 OZ,65,5.79,5.79,1.0
2025-10-04,21133400900892510041133,BAYONNE,Sales,1830455,KS BAGUETTE,,,62,4.99,4.99,1.0
2025-10-04,21133400900892510041133,BAYONNE,Sales,9218,RED ONIONS,5 LBS,RED ONIONS 5 LBS,65,4.99,4.99,1.0
2025-10-04,21133400900892510041133,BAYONNE,Sales,425983,SUNCHIP CHED,21.6OZ P120 SL50,SUNCHIP CHED 21.6OZ P120 SL50,12,7.99,7.99,1.0
2025-10-04,21133400900892510041133,BAYONNE,Sales,1462714,KS ORG A2 PR,3/64OZ SL30 33X4 P132,KS ORG A2 PR 3/64OZ SL30 33X4 P132,17,12.99,12.99,1.0
2025-10-04,21133400900892510041133,BAYONNE,Sales,910270,ORG GRE BEAN,,,65,7.49,7.49,1.0
2025-10-04,21133400900892510041133,BAYONNE,Sales,25107,GRLCPEPWINGS,PARTY WINGS,GRLCPEPWINGS PARTY WINGS,63,3.99,20.35,1.0
2025-10-04,21133400900892510041133,BAYONNE,Sales,1073013,KS 100% OJ,T10H5C4 P200 SL45 DOM70,KS 100% OJ T10H5C4 P200 SL45 DOM70,17,14.99,14.99,1.0
2025-10-04,21133400900892510041133,BAYONNE,Sales,1742523,GIMMESEAWEED,GIMME CSALT/TERI T4H4P112,GIMMESEAWEED GIMME CSALT/TERI T4H4P112,13,11.49,11.49,1.0
2025-10-04,21133400900892510041133,BAYONNE,Sales,362921,/1742523,,,13,0.0,-2.5,-1.0
2025-10-04,21133400900892510041133,BAYONNE,Sales,21046,TOMATO MEDLE,,,65,7.99,7.99,1.0
2025-10-04,21133400900892510041133,BAYONNE,Sales,6659,4LB HONYCRSP,,,65,7.99,7.99,1.0
2025-10-04,21133400900892510041133,BAYONNE,Sales,29820,AHI TUNA,,,61,16.99,35.51,1.0
2025-10-04,21133400900892510041133,BAYONNE,Sales,10912,SOCK SALMON,FILLET PREVIOUSLY FROZEN,SOCK SALMON FILLET PREVIOUSLY FROZEN,61,13.99,16.93,1.0
2025-10-04,21133400900892510041133,BAYONNE,Sales,720650,MINI CUKES,680 G / 1.5 LB,MINI CUKES 680 G / 1.5 LB,65,6.49,12.98,2.0
2025-10-04,21133400900892510041133,BAYONNE,Sales,4102,"8"" TORTILLAS",SL10  70OZ,"8"" TORTILLAS SL10  70OZ",13,5.99,5.99,1.0
2025-10-04,21133400900892510041133,BAYONNE,Sales,61576,SWEET POTATO,5 LBS,SWEET POTATO 5 LBS,65,5.49,5.49,1.0
2025-10-04,21133400900892510041133,BAYONNE,Sales,121288,ORG BELLAS,,,65,5.99,5.99,1.0
2023-09-29,21133400700362309291259,BAYONNE,Sales,2619,ORG BANANAS,3 LB / 1.36 KG,ORG BANANAS 3 LB / 1.36 KG,65,1.99,1.99,1.0
2023-09-29,21133400700362309291259,BAYONNE,Sales,36886,ORGANIC GT,,,61,19.99,19.99,1.0
2023-09-29,21133400700362309291259,BAYONNE,Sales,47825,GREEN GRAPES,1.36 KG / 3 LB,GREEN GRAPES 1.36 KG / 3 LB,65,6.49,6.49,1.0
2023-09-29,21133400700362309291259,BAYONNE,Sales,106173,CHKN SAUSAGE,12/3 LBS    9T5H    SL90,CHKN SAUSAGE 12/3 LBS    9T5H    SL90,19,14.99,14.99,1.0
2023-09-29,21133400700362309291259,BAYONNE,Sales,1267000,KS SALMON,SL30 CHILEAN SLMN 10X5,KS SALMON SL30 CHILEAN SLMN 10X5,19,23.99,23.99,1.0
2023-09-29,21133400700362309291259,BAYONNE,Sales,1231917,ROJO CORN,12/32 OZ   T8H7   SL45,ROJO CORN 12/32 OZ   T8H7   SL45,19,8.89,8.89,1.0
2023-09-29,21133400700362309291259,BAYONNE,Sales,703381,CHEDDAR SLCS,T10H5  SL120,CHEDDAR SLCS T10H5  SL120,17,7.99,7.99,1.0
2023-09-29,21133400700362309291259,BAYONNE,Sales,993207,BARLEY SOUP,8/2-32 OZ    8T5H    SL45,BARLEY SOUP 8/2-32 OZ    8T5H    SL45,19,11.99,11.99,1.0
2023-09-29,21133400700362309291259,BAYONNE,Sales,60357,MIXED PEPPER,6-PACK,MIXED PEPPER 6-PACK,65,6.69,6.69,1.0
2023-09-29,21133400700362309291259,BAYONNE,Sales,36494,PERCH FILLET,FILLET,PERCH FILLET FILLET,61,5.99,7.68,1.0
2023-09-29,21133400700362309291259,BAYONNE,Sales,568915,ORG CUCUMBER,,,65,5.99,5.99,1.0
2023-09-29,21133400700362309291259,BAYONNE,Sales,21046,TOMATO MEDLE,,,65,6.59,6.59,1.0
2023-09-29,21133400700362309291259,BAYONNE,Sales,1266604,647 ITALIAN,LOW CARB BREAD,647 ITALIAN LOW CARB BREAD,13,6.69,6.69,1.0
2023-09-29,21133400700362309291259,BAYONNE,Sales,1726318,SALMON SUSHI,HANA SL1D 30C 4T2H 240P,SALMON SUSHI HANA SL1D 30C 4T2H 240P,19,16.79,16.79,1.0
2023-09-29,21133400700362309291259,BAYONNE,Sales,30548,ORGANIC DRUM,SADDLEPACK,ORGANIC DRUM SADDLEPACK,61,1.99,12.4,1.0
2023-09-29,21133400700362309291259,BAYONNE,Sales,633561,KS DICED TOM,P240,KS DICED TOM P240,13,7.99,7.99,1.0
2023-09-29,21133400700362309291259,BAYONNE,Sales,782796,***KSWTR40PK,P48=SE   P56=PR,***KSWTR40PK P48=SE   P56=PR,14,3.99,3.99,1.0
2023-09-29,21133400700362309291259,BAYONNE,Sales,8297,MEX STR CORN,2PK,MEX STR CORN 2PK,65,7.99,7.99,1.0
2023-09-29,21133400700362309291259,BAYONNE,Sales,983491,CRUNCHY BUTR,CRUNCHY TX480  P600 SL365,CRUNCHY BUTR CRUNCHY TX480  P600 SL365,13,14.99,14.99,1.0
2023-09-29,21133400700362309291259,BAYONNE,Sales,18600,MANDARINS,2.27 KG / 5 LBS,MANDARINS 2.27 KG / 5 LBS,65,7.39,7.39,1.0
2023-09-29,21133400700362309291259,BAYONNE,Sales,5850,SWEETKALEDUO,2 X 14 OZ,SWEETKALEDUO 2 X 14 OZ,65,3.99,3.99,1.0
2023-09-29,21133400700362309291259,BAYONNE,Sales,833684,KS TORT CHIP,P96 T32H3   SL120,KS TORT CHIP P96 T32H3   SL120,12,6.79,6.79,1.0
2023-09-29,21133400700362309291259,BAYONNE,Sales,1060788,PRETZEL CRSP,P176 T44H4 SL210,PRETZEL CRSP P176 T44H4 SL210,12,8.99,8.99,1.0
2023-09-29,21133400700362309291259,BAYONNE,Sales,1136340,ORG DIS APPL,GALA,ORG DIS APPL GALA,65,4.49,4.49,1.0
2023-09-29,21133400700362309291259,BAYONNE,Sales,8258,ASIAN CASHEW,2PK,ASIAN CASHEW 2PK,65,6.99,6.99,1.0
2023-09-29,21133400700362309291259,BAYONNE,Sales,1263833,D&W ORG TURK,C=14 4T11H SL=35,D&W ORG TURK C=14 4T11H SL=35,17,18.99,18.99,1.0
2023-09-29,21133400700362309291259,BAYONNE,Sales,647465,AVOCADOS,6 COUNT,AVOCADOS 6 COUNT,65,6.59,6.59,1.0
2023-09-29,21133400700362309291259,BAYONNE,Sales,26802,CRUMBLD FETA,LACTALIS T6H6 SL60,CRUMBLD FETA LACTALIS T6H6 SL60,19,7.59,7.59,1.0
2023-09-29,21133400700362309291259,BAYONNE,Sales,1258564,BEEFSTICKS,P360 T6H4 28/.5OX SL300,BEEFSTICKS P360 T6H4 28/.5OX SL300,12,16.79,16.79,1.0
2023-09-29,21133400700362309291259,BAYONNE,Sales,310576,/1258564,,,12,0.0,-4.3,-1.0
2023-09-29,21133400700362309291259,BAYONNE,Sales,45694,BAGUETTE,2 PACK,BAGUETTE 2 PACK,62,5.99,5.99,1.0
2023-04-02,21133400904002304021558,BAYONNE,Sales,18600,MANDARINS,2.27 KG / 5 LBS,MANDARINS 2.27 KG / 5 LBS,65,6.29,6.29,1.0
2023-04-02,21133400904002304021558,BAYONNE,Sales,782796,***KSWTR40PK,P48=SE   P56=PR,***KSWTR40PK P48=SE   P56=PR,14,3.99,7.98,2.0
2023-04-02,21133400904002304021558,BAYONNE,Sales,60357,MIXED PEPPER,6-PACK,MIXED PEPPER 6-PACK,65,7.49,7.49,1.0
2023-04-02,21133400904002304021558,BAYONNE,Sales,21046,TOMATO MEDLE,,,65,6.69,6.69,1.0
2023-04-02,21133400904002304021558,BAYONNE,Sales,1461056,BABY CUKE,,,65,5.99,5.99,1.0
2023-04-02,21133400904002304021558,BAYONNE,Sales,106173,CHKN SAUSAGE,12/3 LBS    9T5H    SL90,CHKN SAUSAGE 12/3 LBS    9T5H    SL90,19,14.99,14.99,1.0
2023-04-02,21133400904002304021558,BAYONNE,Sales,5276,RED GRAPES,1.36 KG / 3 LB,RED GRAPES 1.36 KG / 3 LB,65,5.29,5.29,1.0
2023-04-02,21133400904002304021558,BAYONNE,Sales,30669,BANANAS,3 LB / 1.36 KG,BANANAS 3 LB / 1.36 KG,65,1.49,1.49,1.0
2023-04-02,21133400904002304021558,BAYONNE,Sales,1364689,KS ORG WH MK,3/64 SL30 T33H4 P132,KS ORG WH MK 3/64 SL30 T33H4 P132,17,12.69,12.69,1.0
2023-11-13,21133400701852311131401,BAYONNE,Sales,45694,BAGUETTE,2 PACK,BAGUETTE 2 PACK,62,5.99,5.99,1.0
2023-11-13,21133400701852311131401,BAYONNE,Sales,782796,***KSWTR40PK,P48=SE   P56=PR,***KSWTR40PK P48=SE   P56=PR,14,3.99,7.98,2.0
2023-11-13,21133400701852311131401,BAYONNE,Sales,427381,KS ORG EGGS,GRADE AA  P360/300  SL26,KS ORG EGGS GRADE AA  P360/300  SL26,17,7.49,7.49,1.0
2023-11-13,21133400701852311131401,BAYONNE,Sales,384962,KS U/S QTRS,TE9X5 SL90,KS U/S QTRS TE9X5 SL90,17,13.99,13.99,1.0
2023-11-13,21133400701852311131401,BAYONNE,Sales,2619,ORG BANANAS,3 LB / 1.36 KG,ORG BANANAS 3 LB / 1.36 KG,65,1.99,1.99,1.0
2023-11-13,21133400701852311131401,BAYONNE,Sales,5276,RED GRAPES,1.36 KG / 3 LB,RED GRAPES 1.36 KG / 3 LB,65,7.49,7.49,1.0
2023-11-13,21133400701852311131401,BAYONNE,Sales,568915,ORG CUCUMBER,,,65,5.99,5.99,1.0
2023-11-13,21133400701852311131401,BAYONNE,Sales,1126125,PULL-UPSPLUS,BOY/GIRL P40,PULL-UPSPLUS BOY/GIRL P40,20,41.99,41.99,1.0
2023-11-13,21133400701852311131401,BAYONNE,Sales,21046,TOMATO MEDLE,,,65,6.59,6.59,1.0
2023-11-13,21133400701852311131401,BAYONNE,Sales,1142830,ORG MEDITERR,,,65,7.99,7.99,1.0
2023-11-13,21133400701852311131401,BAYONNE,Sales,8297,MEX STR CORN,2PK,MEX STR CORN 2PK,65,7.99,7.99,1.0
2023-11-13,21133400701852311131401,BAYONNE,Sales,1364689,KS ORG WH MK,3/64 SL30 T33H4 P132,KS ORG WH MK 3/64 SL30 T33H4 P132,17,11.99,11.99,1.0
2023-11-13,21133400701852311131401,BAYONNE,Sales,647465,AVOCADOS,6 COUNT,AVOCADOS 6 COUNT,65,6.29,6.29,1.0
2025-09-03,21133400502172509031348,BAYONNE,Sales,1146505,HEARTY ROLL,WHTE BUN 12CT / 30 OZ,HEARTY ROLL WHTE BUN 12CT / 30 OZ,13,4.59,4.59,1.0
2025-09-03,21133400502172509031348,BAYONNE,Sales,21046,TOMATO MEDLE,,,65,7.99,7.99,1.0
2025-09-03,21133400502172509031348,BAYONNE,Sales,1920239,FVR TREE VTY,VTY PK 15/8.45 FL OZ,FVR TREE VTY VTY PK 15/8.45 FL OZ,14,16.99,16.99,1.0
2025-09-03,21133400502172509031348,BAYONNE,Sales,361875,/1920239,,,14,0.0,-4.0,-1.0
2025-09-03,21133400502172509031348,BAYONNE,Sales,519638,ORG BLUES,510 G / 18 OZ,ORG BLUES 510 G / 18 OZ,65,6.99,6.99,1.0
2025-09-03,21133400502172509031348,BAYONNE,Sales,1207907,UNSLT BUTTER,4-8OZ C15 T9H5 SL90,UNSLT BUTTER 4-8OZ C15 T9H5 SL90,17,16.99,16.99,1.0
2025-09-03,21133400502172509031348,BAYONNE,Sales,1899656,GREEN PEAS,P288 T9H4,GREEN PEAS P288 T9H4,18,8.99,8.99,1.0
2025-09-03,21133400502172509031348,BAYONNE,Sales,545345,KS PISTACHIO,C13T6H4 P312 SL300,KS PISTACHIO C13T6H4 P312 SL300,12,15.99,15.99,1.0
2025-09-03,21133400502172509031348,BAYONNE,Sales,1961020,BUBBACHICKEN,CHICKEN BURGER 4LBS/16CT,BUBBACHICKEN CHICKEN BURGER 4LBS/16CT,18,16.49,16.49,1.0
2025-09-03,21133400502172509031348,BAYONNE,Sales,512599,**KS TOWEL**,P45 FQ/P20 W/US P54,**KS TOWEL** P45 FQ/P20 W/US P54,14,20.49,20.49,1.0
2025-09-03,21133400502172509031348,BAYONNE,Sales,1302599,PALEOSAUSAGE,12/36 OZ   14T4H   SL45,PALEOSAUSAGE 12/36 OZ   14T4H   SL45,19,14.99,14.99,1.0
2025-09-03,21133400502172509031348,BAYONNE,Sales,8370,ORG MEDITERR,2PK,ORG MEDITERR 2PK,65,8.99,8.99,1.0
2025-09-03,21133400502172509031348,BAYONNE,Sales,1963893,MISSVICKIE,22 OZ P=138,MISSVICKIE 22 OZ P=138,12,6.99,6.99,1.0
2025-09-03,21133400502172509031348,BAYONNE,Sales,1103106,SNAPWARE18PC,FOOD STORAGE SET FY21 P75,SNAPWARE18PC FOOD STORAGE SET FY21 P75,32,24.99,24.99,1.0
2025-09-03,21133400502172509031348,BAYONNE,Sales,1212860,KS S&C GRNLA,CHOC GRANOLA P252 SL270,KS S&C GRNLA CHOC GRANOLA P252 SL270,12,11.59,11.59,1.0
2026-03-28,21133400603682603281738,BAYONNE,Sales,119754,BARILLA VAR,FAR/ELBOW/ROTINI P=114,BARILLA VAR FAR/ELBOW/ROTINI P=114,13,8.99,8.99,1.0
2026-03-28,21133400603682603281738,BAYONNE,Sales,376880,/  119754,,,13,0.0,-2.0,-1.0
2026-03-28,21133400603682603281738,BAYONNE,Sales,1707643,DOUBLE DARK,SL140 P210 T30H7,DOUBLE DARK SL140 P210 T30H7,12,12.79,12.79,1.0
2026-03-28,21133400603682603281738,BAYONNE,Sales,376622,/ 1707643,,,12,0.0,-3.3,-1.0
2026-03-28,21133400603682603281738,BAYONNE,Sales,2300,ORRI MAND,3 LBS,ORRI MAND 3 LBS,65,3.99,3.99,1.0
2026-03-28,21133400603682603281738,BAYONNE,Sales,6659,4LB HONYCRSP,,,65,8.99,8.99,1.0
2026-03-28,21133400603682603281738,BAYONNE,Sales,720650,MINI CUKES,680 G / 1.5 LB,MINI CUKES 680 G / 1.5 LB,65,6.49,6.49,1.0
2026-03-28,21133400603682603281738,BAYONNE,Sales,1830455,KS BAGUETTE,,,62,4.99,4.99,1.0
2026-03-28,21133400603682603281738,BAYONNE,Sales,5623,BROCCOLI,1.36 KG / 3 LB,BROCCOLI 1.36 KG / 3 LB,65,5.99,5.99,1.0
2026-03-28,21133400603682603281738,BAYONNE,Sales,1462714,KS ORG A2 PR,3/64OZ SL30 33X4 P132,KS ORG A2 PR 3/64OZ SL30 33X4 P132,17,12.99,12.99,1.0
2026-03-28,21133400603682603281738,BAYONNE,Sales,21046,TOMATO MEDLE,,,65,7.99,7.99,1.0
2026-03-28,21133400603682603281738,BAYONNE,Sales,33845,FRYER THIGHS,,,61,1.79,21.98,1.0
2026-03-28,21133400603682603281738,BAYONNE,Sales,1388332,COCONUT ROLL,11 OZ  P380      SL270,COCONUT ROLL 11 OZ  P380      SL270,12,8.79,8.79,1.0
2026-03-28,21133400603682603281738,BAYONNE,Sales,376616,/ 1388332,,,12,0.0,-2.0,-1.0
2025-08-25,21133400601012508251337,BAYONNE,Sales,595006,TZATZIKI DIP,12/32 OZ   7T6H   SL50,TZATZIKI DIP 12/32 OZ   7T6H   SL50,19,7.89,7.89,1.0
2025-08-25,21133400601012508251337,BAYONNE,Sales,21046,TOMATO MEDLE,,,65,6.59,6.59,1.0
2025-08-25,21133400601012508251337,BAYONNE,Sales,637598,KS CAGE FREE,SL21 T20H18 P360/P300,KS CAGE FREE SL21 T20H18 P360/P300,17,5.29,5.29,1.0
2025-08-25,21133400601012508251337,BAYONNE,Sales,2475,PEACHES,1.81 KG / 4 LB,PEACHES 1.81 KG / 4 LB,65,8.99,8.99,1.0
2025-08-25,21133400601012508251337,BAYONNE,Sales,7950,4LB COSMIC,,,65,5.99,5.99,1.0
2025-08-25,21133400601012508251337,BAYONNE,Sales,7367,LOLLIPEPPERS,680 G / 1.5 LB,LOLLIPEPPERS 680 G / 1.5 LB,65,6.99,6.99,1.0
2025-08-25,21133400601012508251337,BAYONNE,Sales,1462714,KS ORG A2 PR,3/64OZ SL30 33X4 P132,KS ORG A2 PR 3/64OZ SL30 33X4 P132,17,12.99,12.99,1.0
2025-08-25,21133400601012508251337,BAYONNE,Sales,57554,BLUEBERRIES,510 G / 18 OZ,BLUEBERRIES 510 G / 18 OZ,65,4.99,4.99,1.0
2025-08-25,21133400601012508251337,BAYONNE,Sales,1363689,TURKEY BACON,COLUMBUS SL30 T6H5 P300,TURKEY BACON COLUMBUS SL30 T6H5 P300,17,14.99,14.99,1.0
2025-08-25,21133400601012508251337,BAYONNE,Sales,702669,BLACKBERRIES,340 G / 12 OZ,BLACKBERRIES 340 G / 12 OZ,65,4.99,4.99,1.0
2025-08-25,21133400601012508251337,BAYONNE,Sales,720650,MINI CUKES,680 G / 1.5 LB,MINI CUKES 680 G / 1.5 LB,65,5.99,5.99,1.0
2025-08-25,21133400601012508251337,BAYONNE,Sales,206364,SLICED MOZZ,00509 SL45 T10H8,SLICED MOZZ 00509 SL45 T10H8,19,8.69,8.69,1.0
2025-08-25,21133400601012508251337,BAYONNE,Sales,518161,BAR SPAGHETI,P=224   T28H8,BAR SPAGHETI P=224   T28H8,13,9.99,9.99,1.0
2025-08-25,21133400601012508251337,BAYONNE,Sales,360412,/518161,,,13,0.0,-2.0,-1.0
2025-08-25,21133400601012508251337,BAYONNE,Sales,1798199,DURIAN,12.35OZ (0.772 LBS) SL270,DURIAN 12.35OZ (0.772 LBS) SL270,13,11.39,11.39,1.0
2025-08-25,21133400601012508251337,BAYONNE,Sales,360901,/1798199,,,13,0.0,-3.5,-1.0
2025-08-25,21133400601012508251337,BAYONNE,Sales,1474436,KS TRAIL MIX,SL150 C10T6H4 P240,KS TRAIL MIX SL150 C10T6H4 P240,12,14.49,14.49,1.0
2025-08-25,21133400601012508251337,BAYONNE,Sales,1116045,PRAWN HACAO,2.45LBS 8X4 P512,PRAWN HACAO 2.45LBS 8X4 P512,18,15.49,15.49,1.0
2025-08-25,21133400601012508251337,BAYONNE,Sales,359658,/1116045,,,18,0.0,-4.0,-1.0
2025-08-25,21133400601012508251337,BAYONNE,Sales,1830455,KS BAGUETTE,,,62,4.99,4.99,1.0
2025-08-25,21133400601012508251337,BAYONNE,Sales,27003,STRAWBERRIES,908 G / 2 LB,STRAWBERRIES 908 G / 2 LB,65,3.99,3.99,1.0
2025-08-25,21133400601012508251337,BAYONNE,Sales,26281,MINI MELON,,,65,5.99,5.99,1.0
2025-08-25,21133400601012508251337,BAYONNE,Sales,910270,ORG GRE BEAN,,,65,7.99,7.99,1.0
2025-08-25,21133400601012508251337,BAYONNE,Sales,22967,ORGNC BS THG,FRESH SADDLEPACK,ORGNC BS THG FRESH SADDLEPACK,61,5.99,26.54,1.0
2023-02-20,21133400700992302201213,BAYONNE,Sales,106173,CHKN SAUSAGE,12/3 LBS    9T5H    SL90,CHKN SAUSAGE 12/3 LBS    9T5H    SL90,19,14.99,14.99,1.0
2023-02-20,21133400700992302201213,BAYONNE,Sales,1043301,NOOSA YOGHUR,T28H7P196      DOM45/SL28,NOOSA YOGHUR T28H7P196      DOM45/SL28,17,9.69,9.69,1.0
2023-02-20,21133400700992302201213,BAYONNE,Sales,295366,/1043301,,,17,0.0,-3.3,-1.0
2023-02-20,21133400700992302201213,BAYONNE,Sales,1538556,PINEBERRY,283 G / 10 OZ,PINEBERRY 283 G / 10 OZ,65,5.99,5.99,1.0
2023-02-20,21133400700992302201213,BAYONNE,Sales,47292,SOCK SALMON,FILLET PREVIOUSLY FROZEN,SOCK SALMON FILLET PREVIOUSLY FROZEN,61,13.99,17.63,1.0
2023-02-20,21133400700992302201213,BAYONNE,Sales,6995,GOLD KIWI,3 LBS,GOLD KIWI 3 LBS,65,10.49,10.49,1.0
2023-02-20,21133400700992302201213,BAYONNE,Sales,46481,GP WINGS,PARTY WINGS,GP WINGS PARTY WINGS,63,6.99,12.16,1.0
2023-02-20,21133400700992302201213,BAYONNE,Sales,1364689,KS ORG WH MK,3/64 SL30 T33H4 P132,KS ORG WH MK 3/64 SL30 T33H4 P132,17,12.69,12.69,1.0
2023-02-20,21133400700992302201213,BAYONNE,Sales,9929,KS CHIC TORT,2/830ML CNSL50  SL60 10X4,KS CHIC TORT 2/830ML CNSL50  SL60 10X4,19,10.49,10.49,1.0
2023-02-20,21133400700992302201213,BAYONNE,Sales,427381,KS ORG EGGS,GRADE AA  P360/300  SL26,KS ORG EGGS GRADE AA  P360/300  SL26,17,7.89,7.89,1.0
2023-02-20,21133400700992302201213,BAYONNE,Sales,303285,FOUR CHEESE,16/2LBS SL90    T10H5,FOUR CHEESE 16/2LBS SL90    T10H5,19,10.49,10.49,1.0
2023-02-20,21133400700992302201213,BAYONNE,Sales,45694,BAGUETTE,2 PACK,BAGUETTE 2 PACK,62,5.99,5.99,1.0
2023-02-20,21133400700992302201213,BAYONNE,Sales,702669,BLACKBERRIES,340 G / 12 OZ,BLACKBERRIES 340 G / 12 OZ,65,3.89,3.89,1.0
2023-02-20,21133400700992302201213,BAYONNE,Sales,2619,ORG BANANAS,3 LB / 1.36 KG,ORG BANANAS 3 LB / 1.36 KG,65,2.39,2.39,1.0
2026-05-11,21133400201692605111319,BAYONNE,Sales,720650,MINI CUKES,680 G / 1.5 LB,MINI CUKES 680 G / 1.5 LB,65,6.99,6.99,1.0
2026-05-11,21133400201692605111319,BAYONNE,Sales,6659,4LB HONYCRSP,,,65,8.99,8.99,1.0
2026-05-11,21133400201692605111319,BAYONNE,Sales,1194639,CALFLWR PIZA,MILTON 2PK T6H4 P192 D,CALFLWR PIZA MILTON 2PK T6H4 P192 D,18,13.99,13.99,1.0
2026-05-11,21133400201692605111319,BAYONNE,Sales,512447,DAVE'S 21 WG,BREAD    SL10    P180,DAVE'S 21 WG BREAD    SL10    P180,13,8.99,8.99,1.0
2026-05-11,21133400201692605111319,BAYONNE,Sales,910270,ORG GRE BEAN,,,65,7.99,7.99,1.0
2026-05-11,21133400201692605111319,BAYONNE,Sales,1462714,KS ORG A2 PR,3/64OZ SL30 33X4 P132,KS ORG A2 PR 3/64OZ SL30 33X4 P132,17,12.99,12.99,1.0
2026-05-11,21133400201692605111319,BAYONNE,Sales,61576,SWEET POTATO,5 LBS,SWEET POTATO 5 LBS,65,5.99,5.99,1.0
2026-05-11,21133400201692605111319,BAYONNE,Sales,993449,ORGANIC PSTA,ORGANIC PASTA SL365  P144,ORGANIC PSTA ORGANIC PASTA SL365  P144,13,10.59,10.59,1.0
2026-05-11,21133400201692605111319,BAYONNE,Sales,306221,TOSTISCOOPS,P114 SL49,TOSTISCOOPS P114 SL49,12,5.99,5.99,1.0
2026-05-11,21133400201692605111319,BAYONNE,Sales,21046,TOMATO MEDLE,,,65,7.99,7.99,1.0
2026-05-11,21133400201692605111319,BAYONNE,Sales,8139,ORG BART PEA,4LB BOX,ORG BART PEA 4LB BOX,65,7.99,7.99,1.0
2026-05-11,21133400201692605111319,BAYONNE,Sales,60357,MIXED PEPPER,6-PACK,MIXED PEPPER 6-PACK,65,6.69,6.69,1.0
2026-05-11,21133400201692605111319,BAYONNE,Sales,96716,ORG SPINACH,453 G / 16 OZ,ORG SPINACH 453 G / 16 OZ,65,4.99,4.99,1.0
2026-05-11,21133400201692605111319,BAYONNE,Sales,87745,ROTISSERIE,USDA GRADE A,ROTISSERIE USDA GRADE A,63,4.99,4.99,1.0
2026-05-11,21133400201692605111319,BAYONNE,Sales,1199652,BUTER CROISS,,,62,5.99,5.99,1.0
2026-05-11,21133400201692605111319,BAYONNE,Sales,703381,CHEDDAR SLCS,C10T9H3P270 SL120,CHEDDAR SLCS C10T9H3P270 SL120,17,8.69,8.69,1.0
2026-05-11,21133400201692605111319,BAYONNE,Sales,58685,4C BR CRUMBS,C3T10H5 P150,4C BR CRUMBS C3T10H5 P150,13,8.59,8.59,1.0
2026-05-11,21133400201692605111319,BAYONNE,Sales,47292,SOCK SALMON,FILLET PREVIOUSLY FROZEN,SOCK SALMON FILLET PREVIOUSLY FROZEN,61,13.99,25.6,1.0
2026-05-11,21133400201692605111319,BAYONNE,Sales,1801,MANDARINS,3 LBS,MANDARINS 3 LBS,65,3.99,3.99,1.0
2023-12-02,21133400702742312021429,BAYONNE,Sales,46481,GP WINGS,SEASONED PARTY WINGS,GP WINGS SEASONED PARTY WINGS,63,6.49,18.76,1.0
2023-12-02,21133400702742312021429,BAYONNE,Sales,30217,FRUITCHEESE,,,63,4.99,34.39,2.0
2023-12-02,21133400702742312021429,BAYONNE,Sales,1343114,CHOC CAKE,WITH CHOCOLATE MOUSSE,CHOC CAKE WITH CHOCOLATE MOUSSE,62,15.99,15.99,1.0
2023-12-02,21133400702742312021429,BAYONNE,Sales,1751095,COLORCOOKIES,WRAPPED CHRISTMAS COOKIE,COLORCOOKIES WRAPPED CHRISTMAS COOKIE,12,11.99,11.99,1.0
2023-12-02,21133400702742312021429,BAYONNE,Sales,1601785,BISCOFF SNDW,31.74 OZ  P270,BISCOFF SNDW 31.74 OZ  P270,12,11.69,11.69,1.0
2023-12-02,21133400702742312021429,BAYONNE,Sales,1767519,NAAN CRISPS,28 OZ  P210,NAAN CRISPS 28 OZ  P210,12,9.49,9.49,1.0
2023-12-02,21133400702742312021429,BAYONNE,Sales,2619,ORG BANANAS,3 LB / 1.36 KG,ORG BANANAS 3 LB / 1.36 KG,65,1.99,1.99,1.0
2023-12-02,21133400702742312021429,BAYONNE,Sales,1406552,4 FRUITS,STRW+CHRY+RSPBY+CURRANT,4 FRUITS STRW+CHRY+RSPBY+CURRANT,13,10.99,10.99,1.0
2023-12-02,21133400702742312021429,BAYONNE,Sales,1364689,KS ORG WH MK,3/64 SL30 T33H4 P132,KS ORG WH MK 3/64 SL30 T33H4 P132,17,11.99,11.99,1.0
2023-12-02,21133400702742312021429,BAYONNE,Sales,1481558,SUNCHIPS VTY,VTY P48 T12H4,SUNCHIPS VTY VTY P48 T12H4,12,19.39,19.39,1.0
2023-12-02,21133400702742312021429,BAYONNE,Sales,8258,ASIAN CASHEW,2PK,ASIAN CASHEW 2PK,65,6.99,6.99,1.0
2023-12-02,21133400702742312021429,BAYONNE,Sales,1448111,SANPELL ESS,P104,SANPELL ESS P104,14,15.79,15.79,1.0
2023-12-02,21133400702742312021429,BAYONNE,Sales,315712,/1448111,,,14,0.0,-4.4,-1.0
2023-12-02,21133400702742312021429,BAYONNE,Sales,1767735,GRAZING MIX,P400 SL300,GRAZING MIX P400 SL300,12,11.99,11.99,1.0
2024-08-25,21133400800712408251121,BAYONNE,Sales,2619,ORG BANANAS,3 LB / 1.36 KG,ORG BANANAS 3 LB / 1.36 KG,65,2.19,2.19,1.0
2024-08-25,21133400800712408251121,BAYONNE,Sales,1717856,3M SONGE X24,SCRUB SPONGE 24CT P=300,3M SONGE X24 SCRUB SPONGE 24CT P=300,14,14.99,14.99,1.0
2024-08-25,21133400800712408251121,BAYONNE,Sales,332194,/1717856,,,14,0.0,-4.0,-1.0
2024-08-25,21133400800712408251121,BAYONNE,Sales,647465,AVOCADOS,6 COUNT,AVOCADOS 6 COUNT,65,9.99,9.99,1.0
2024-08-25,21133400800712408251121,BAYONNE,Sales,1775302,KS PARM SSG,9/48Z T8H8 SL40 PEPP/PARM,KS PARM SSG 9/48Z T8H8 SL40 PEPP/PARM,19,11.99,11.99,1.0
2024-08-25,21133400800712408251121,BAYONNE,Sales,6659,4LB HONYCRSP,,,65,8.49,8.49,1.0
2024-08-25,21133400800712408251121,BAYONNE,Sales,1823420,RUSTIC ITALN,,,62,5.99,5.99,1.0
2024-08-25,21133400800712408251121,BAYONNE,Sales,30548,ORGANIC DRUM,SADDLEPACK,ORGANIC DRUM SADDLEPACK,61,1.99,10.59,1.0
2024-08-25,21133400800712408251121,BAYONNE,Sales,370,ORG EVERYTHG,CHOP SALAD KIT 2PK,ORG EVERYTHG CHOP SALAD KIT 2PK,65,8.99,8.99,1.0
2024-08-25,21133400800712408251121,BAYONNE,Sales,1298989,CANDY SNAP,3LB SEEDLESS,CANDY SNAP 3LB SEEDLESS,65,7.99,7.99,1.0
2024-08-25,21133400800712408251121,BAYONNE,Sales,60357,MIXED PEPPER,6-PACK,MIXED PEPPER 6-PACK,65,6.59,6.59,1.0
2024-08-25,21133400800712408251121,BAYONNE,Sales,864984,SUMMER PASTA,SUMMER VTY 6/1.1LB   P144,SUMMER PASTA SUMMER VTY 6/1.1LB   P144,13,9.99,9.99,1.0
2024-08-25,21133400800712408251121,BAYONNE,Sales,1068083,ORG FR EGGS,GRADE A T20H18 P360 SL23,ORG FR EGGS GRADE A T20H18 P360 SL23,17,7.99,7.99,1.0
2024-08-25,21133400800712408251121,BAYONNE,Sales,1364689,KS ORG WH MK,3/64 SL30 T33H4 P132,KS ORG WH MK 3/64 SL30 T33H4 P132,17,10.47,20.94,2.0
2024-08-25,21133400800712408251121,BAYONNE,Sales,595006,TZATZIKI DIP,12/32 OZ   7T6H   SL50,TZATZIKI DIP 12/32 OZ   7T6H   SL50,19,7.89,7.89,1.0
2024-08-25,21133400800712408251121,BAYONNE,Sales,512599,**KS TOWEL**,P45 FQ/P20 W/US P54,**KS TOWEL** P45 FQ/P20 W/US P54,14,19.99,19.99,1.0
2024-08-25,21133400800712408251121,BAYONNE,Sales,1467370,KS SHRIMP,CA 608G US 908G 6X6 P576,KS SHRIMP CA 608G US 908G 6X6 P576,18,21.49,21.49,1.0
2024-08-25,21133400800712408251121,BAYONNE,Sales,38742,SWEET CORN,8 PACK,SWEET CORN 8 PACK,65,6.99,6.99,1.0
2024-08-25,21133400800712408251121,BAYONNE,Sales,21046,TOMATO MEDLE,,,65,6.59,6.59,1.0
2024-08-25,21133400800712408251121,BAYONNE,Sales,703381,CHEDDAR SLCS,T10H5  SL120,CHEDDAR SLCS T10H5  SL120,17,7.99,7.99,1.0
2024-08-25,21133400800712408251121,BAYONNE,Sales,1267000,KS SALMON,SL30 CHILEAN SLMN 10X5,KS SALMON SL30 CHILEAN SLMN 10X5,19,22.99,22.99,1.0
2024-08-25,21133400800712408251121,BAYONNE,Sales,27003,STRAWBERRIES,908 G / 2 LB,STRAWBERRIES 908 G / 2 LB,65,4.79,4.79,1.0
2024-08-25,21133400800712408251121,BAYONNE,Sales,568915,ORG CUCUMBER,,,65,5.99,5.99,1.0
2024-08-25,21133400800712408251121,BAYONNE,Sales,4102,"8"" TORTILLAS",SL10  70OZ,"8"" TORTILLAS SL10  70OZ",13,5.99,5.99,1.0
2024-08-25,21133400800712408251121,BAYONNE,Sales,33977,BEEF FLANK,USDA CHOICE,BEEF FLANK USDA CHOICE,61,11.99,42.56,1.0
2024-08-25,21133400800712408251121,BAYONNE,Sales,5623,BROCCOLI,1.36 KG / 3 LB,BROCCOLI 1.36 KG / 3 LB,65,6.99,6.99,1.0
2024-08-25,21133400800712408251121,BAYONNE,Sales,983491,CRUNCHY BUTR,CRUNCHY TX480  P600 SL365,CRUNCHY BUTR CRUNCHY TX480  P600 SL365,13,14.99,29.98,2.0
2026-05-03,21133400602932605031526,BAYONNE,Sales,910270,ORG GRE BEAN,,,65,7.99,7.99,1.0
2026-05-03,21133400602932605031526,BAYONNE,Sales,647465,AVOCADOS,6 COUNT,AVOCADOS 6 COUNT,65,5.99,5.99,1.0
2026-05-03,21133400602932605031526,BAYONNE,Sales,21046,TOMATO MEDLE,,,65,7.99,7.99,1.0
2026-05-03,21133400602932605031526,BAYONNE,Sales,60357,MIXED PEPPER,6-PACK,MIXED PEPPER 6-PACK,65,7.49,7.49,1.0
2026-05-03,21133400602932605031526,BAYONNE,Sales,6659,4LB HONYCRSP,,,65,8.99,8.99,1.0
2026-05-03,21133400602932605031526,BAYONNE,Sales,38742,SWEET CORN,8 PACK,SWEET CORN 8 PACK,65,7.99,7.99,1.0
2026-05-03,21133400602932605031526,BAYONNE,Sales,512599,**KS TOWEL**,P45 FQ/P20 W/US P54,**KS TOWEL** P45 FQ/P20 W/US P54,14,20.79,20.79,1.0
2026-05-03,21133400602932605031526,BAYONNE,Sales,1462714,KS ORG A2 PR,3/64OZ SL30 33X4 P132,KS ORG A2 PR 3/64OZ SL30 33X4 P132,17,12.99,12.99,1.0
2026-05-03,21133400602932605031526,BAYONNE,Sales,947880,HF NAT TRKEY,T6H4P216  SL30,HF NAT TRKEY T6H4P216  SL30,17,12.89,12.89,1.0
2026-05-03,21133400602932605031526,BAYONNE,Sales,720650,MINI CUKES,680 G / 1.5 LB,MINI CUKES 680 G / 1.5 LB,65,6.99,6.99,1.0
2026-05-03,21133400602932605031526,BAYONNE,Sales,5938,POTATOES,4.54 KG / 10 LB,POTATOES 4.54 KG / 10 LB,65,5.99,5.99,1.0
2026-05-03,21133400602932605031526,BAYONNE,Sales,32729,POKE BWL SAL,,,63,18.99,18.99,1.0
2026-05-03,21133400602932605031526,BAYONNE,Sales,9218,RED ONIONS,5 LBS,RED ONIONS 5 LBS,65,4.89,4.89,1.0
2026-05-03,21133400602932605031526,BAYONNE,Sales,6704,BOSC PEARS,4LB BAG,BOSC PEARS 4LB BAG,65,5.59,5.59,1.0
2024-12-21,21133400502852412211644,BAYONNE,Sales,1808476,JOSEPHS PITA,P108 SL7,JOSEPHS PITA P108 SL7,13,5.99,5.99,1.0
2024-12-21,21133400502852412211644,BAYONNE,Sales,21046,TOMATO MEDLE,,,65,6.59,6.59,1.0
2024-12-21,21133400502852412211644,BAYONNE,Sales,637598,KS CAGE FREE,SL21 T20H18 P360/P300,KS CAGE FREE SL21 T20H18 P360/P300,17,5.99,5.99,1.0
2024-12-21,21133400502852412211644,BAYONNE,Sales,1199652,BUTER CROISS,,,62,5.99,5.99,1.0
2024-12-21,21133400502852412211644,BAYONNE,Sales,720650,MINI CUKES,680 G / 1.5 LB,MINI CUKES 680 G / 1.5 LB,65,6.99,6.99,1.0
2024-12-21,21133400502852412211644,BAYONNE,Sales,1364689,KS ORG WH MK,3/64 SL30 T33H4 P132,KS ORG WH MK 3/64 SL30 T33H4 P132,17,10.47,20.94,2.0
2024-12-21,21133400502852412211644,BAYONNE,Sales,30134,WRAPS,12 CT SL=10    8X15 P720,WRAPS 12 CT SL=10    8X15 P720,13,5.69,5.69,1.0
2024-12-21,21133400502852412211644,BAYONNE,Sales,60357,MIXED PEPPER,6-PACK,MIXED PEPPER 6-PACK,65,6.99,6.99,1.0
2024-12-21,21133400502852412211644,BAYONNE,Sales,1827786,CHPTLE RANCH,CHOP SALAD KIT,CHPTLE RANCH CHOP SALAD KIT,65,7.99,7.99,1.0
2024-12-21,21133400502852412211644,BAYONNE,Sales,1463855,SUGAR IN RAW,P210,SUGAR IN RAW P210,13,9.99,9.99,1.0
2024-12-21,21133400502852412211644,BAYONNE,Sales,47825,GREEN GRAPES,1.36 KG / 3 LB,GREEN GRAPES 1.36 KG / 3 LB,65,6.99,6.99,1.0
2023-04-20,21133400903382304201530,BAYONNE,Sales,1461056,BABY CUKE,,,65,5.99,5.99,1.0
2023-04-20,21133400903382304201530,BAYONNE,Sales,303285,FOUR CHEESE,16/2LBS SL90    T10H5,FOUR CHEESE 16/2LBS SL90    T10H5,19,10.29,10.29,1.0
2023-04-20,21133400903382304201530,BAYONNE,Sales,260509,POLYO STRCHZ,10/48Z P450 T9H5     SL45,POLYO STRCHZ 10/48Z P450 T9H5     SL45,17,11.49,11.49,1.0
2023-04-20,21133400903382304201530,BAYONNE,Sales,1364689,KS ORG WH MK,3/64 SL30 T33H4 P132,KS ORG WH MK 3/64 SL30 T33H4 P132,17,12.69,25.38,2.0
2023-04-20,21133400903382304201530,BAYONNE,Sales,512599,**KS TOWEL**,P24 FQ/P20,**KS TOWEL** P24 FQ/P20,14,19.99,19.99,1.0
2023-04-20,21133400903382304201530,BAYONNE,Sales,1150189,ORG SKINYPOP,T34H3 P102 SL110,ORG SKINYPOP T34H3 P102 SL110,12,7.49,7.49,1.0
2023-04-20,21133400903382304201530,BAYONNE,Sales,2619,ORG BANANAS,3 LB / 1.36 KG,ORG BANANAS 3 LB / 1.36 KG,65,2.39,2.39,1.0
2023-04-20,21133400903382304201530,BAYONNE,Sales,782796,***KSWTR40PK,P48=SE   P56=PR,***KSWTR40PK P48=SE   P56=PR,14,3.99,7.98,2.0
2023-04-20,21133400903382304201530,BAYONNE,Sales,21046,TOMATO MEDLE,,,65,6.69,6.69,1.0
2023-04-20,21133400903382304201530,BAYONNE,Sales,60357,MIXED PEPPER,6-PACK,MIXED PEPPER 6-PACK,65,7.49,7.49,1.0
2023-04-20,21133400903382304201530,BAYONNE,Sales,1529345,ALM TORTILLA,20CT T6H5 P540 SL60,ALM TORTILLA 20CT T6H5 P540 SL60,17,11.89,11.89,1.0
2023-04-20,21133400903382304201530,BAYONNE,Sales,7859,SMOKD SALMON,FOPPEN SL28 T8H5,SMOKD SALMON FOPPEN SL28 T8H5,19,12.99,12.99,1.0
2023-12-21,21133401001572312211341,BAYONNE,Sales,45694,BAGUETTE,2 PACK,BAGUETTE 2 PACK,62,5.99,5.99,1.0
2023-12-21,21133401001572312211341,BAYONNE,Sales,319788,/45694,,,62,0.0,-1.0,-1.0
2023-12-21,21133401001572312211341,BAYONNE,Sales,1391546,BAGEL CHIPS,SCHWARTZ 425G P324 SL90,BAGEL CHIPS SCHWARTZ 425G P324 SL90,13,7.99,7.99,1.0
2023-12-21,21133401001572312211341,BAYONNE,Sales,8258,ASIAN CASHEW,2PK,ASIAN CASHEW 2PK,65,6.99,6.99,1.0
2023-12-21,21133401001572312211341,BAYONNE,Sales,21046,TOMATO MEDLE,,,65,6.59,6.59,1.0
2023-12-21,21133401001572312211341,BAYONNE,Sales,703381,CHEDDAR SLCS,T10H5  SL120,CHEDDAR SLCS T10H5  SL120,17,7.99,7.99,1.0
2023-12-21,21133401001572312211341,BAYONNE,Sales,595006,TZATZIKI DIP,12/32 OZ   7T6H   SL50,TZATZIKI DIP 12/32 OZ   7T6H   SL50,19,7.89,7.89,1.0
2023-12-21,21133401001572312211341,BAYONNE,Sales,36958,CHOC PEPBARK,,,62,9.99,9.99,1.0
2023-12-21,21133401001572312211341,BAYONNE,Sales,320386,/  36958,,,62,0.0,-5.0,-1.0
2023-12-21,21133401001572312211341,BAYONNE,Sales,3923,LIMES 3 LB.,1.36 KG / 3 LB.,LIMES 3 LB. 1.36 KG / 3 LB.,65,5.99,5.99,1.0
2023-12-21,21133401001572312211341,BAYONNE,Sales,1364689,KS ORG WH MK,3/64 SL30 T33H4 P132,KS ORG WH MK 3/64 SL30 T33H4 P132,17,11.99,11.99,1.0
2023-12-21,21133401001572312211341,BAYONNE,Sales,568915,ORG CUCUMBER,,,65,5.99,5.99,1.0
2023-12-21,21133401001572312211341,BAYONNE,Sales,427381,KS ORG EGGS,GRADE AA  P360/300  SL26,KS ORG EGGS GRADE AA  P360/300  SL26,17,7.49,7.49,1.0
2023-12-21,21133401001572312211341,BAYONNE,Sales,782796,***KSWTR40PK,P48=SE   P56=PR,***KSWTR40PK P48=SE   P56=PR,14,3.99,3.99,1.0
2023-12-21,21133401001572312211341,BAYONNE,Sales,1298989,CANDY SNAP,3LB SEEDLESS,CANDY SNAP 3LB SEEDLESS,65,8.99,8.99,1.0
2023-12-21,21133401001572312211341,BAYONNE,Sales,647465,AVOCADOS,6 COUNT,AVOCADOS 6 COUNT,65,5.99,5.99,1.0
2023-12-21,21133401001572312211341,BAYONNE,Sales,121288,ORG BELLAS,,,65,5.99,5.99,1.0
2023-12-21,21133401001572312211341,BAYONNE,Sales,106173,CHKN SAUSAGE,12/3 LBS    9T5H    SL90,CHKN SAUSAGE 12/3 LBS    9T5H    SL90,19,14.99,14.99,1.0
2023-12-21,21133401001572312211341,BAYONNE,Sales,1267000,KS SALMON,SL30 CHILEAN SLMN 10X5,KS SALMON SL30 CHILEAN SLMN 10X5,19,23.99,23.99,1.0
2023-12-21,21133401001572312211341,BAYONNE,Sales,983491,CRUNCHY BUTR,CRUNCHY TX480  P600 SL365,CRUNCHY BUTR CRUNCHY TX480  P600 SL365,13,14.99,29.98,2.0
2023-12-21,21133401001572312211341,BAYONNE,Sales,1183857,ZIPLOC VTY,166CT 2/35 G 2/48 Q  P160,ZIPLOC VTY 166CT 2/35 G 2/48 Q  P160,14,16.99,16.99,1.0
2023-12-21,21133401001572312211341,BAYONNE,Sales,38742,SWEET CORN,8 PACK,SWEET CORN 8 PACK,65,6.99,6.99,1.0
2024-05-24,21133400402972405241458,BAYONNE,Sales,21046,TOMATO MEDLE,,,65,6.59,6.59,1.0
2024-05-24,21133400402972405241458,BAYONNE,Sales,568915,ORG CUCUMBER,,,65,6.99,6.99,1.0
2024-05-24,21133400402972405241458,BAYONNE,Sales,1195254,KS CALI EVOO,P540,KS CALI EVOO P540,13,11.99,11.99,1.0
2024-05-24,21133400402972405241458,BAYONNE,Sales,1190606,VICKY JALAPE,KETTL CHIP P138 T46H3,VICKY JALAPE KETTL CHIP P138 T46H3,12,4.97,4.97,1.0
2024-05-24,21133400402972405241458,BAYONNE,Sales,1555212,PIRATE CHED,18 OZ  T40H3 P120 SL 110,PIRATE CHED 18 OZ  T40H3 P120 SL 110,12,6.99,6.99,1.0
2024-05-24,21133400402972405241458,BAYONNE,Sales,2619,ORG BANANAS,3 LB / 1.36 KG,ORG BANANAS 3 LB / 1.36 KG,65,2.19,2.19,1.0
2024-05-24,21133400402972405241458,BAYONNE,Sales,45221,CHEEZ-IT 48Z,"#12203 SL120   T48H4 P192","CHEEZ-IT 48Z #12203 SL120   T48H4 P192",12,9.99,9.99,1.0
2024-05-24,21133400402972405241458,BAYONNE,Sales,327590,/45221,,,12,0.0,-3.0,-1.0
2024-05-24,21133400402972405241458,BAYONNE,Sales,1331709,AVOCADO OIL,CHOSEN FOODS SL420  P320,AVOCADO OIL CHOSEN FOODS SL420  P320,13,21.99,21.99,1.0
2024-05-24,21133400402972405241458,BAYONNE,Sales,1361170,THAT'S IT,24X20G   4T4H   C21  P336,THAT'S IT 24X20G   4T4H   C21  P336,12,13.99,13.99,1.0
2024-05-24,21133400402972405241458,BAYONNE,Sales,25949,FRESH GARLIC,907 G / 2 LB,FRESH GARLIC 907 G / 2 LB,65,6.59,6.59,1.0
2024-05-24,21133400402972405241458,BAYONNE,Sales,595006,TZATZIKI DIP,12/32 OZ   7T6H   SL50,TZATZIKI DIP 12/32 OZ   7T6H   SL50,19,7.89,7.89,1.0
2024-05-24,21133400402972405241458,BAYONNE,Sales,329603,/595006,,,19,0.0,-2.0,-1.0
2024-05-24,21133400402972405241458,BAYONNE,Sales,512599,**KS TOWEL**,P24 FQ/P20 W/US P54,**KS TOWEL** P24 FQ/P20 W/US P54,14,19.99,19.99,1.0
2024-05-24,21133400402972405241458,BAYONNE,Sales,669511,CHX GRILLERS,PORK FREE  T6H6 SL16,CHX GRILLERS PORK FREE  T6H6 SL16,19,10.99,10.99,1.0
2024-05-24,21133400402972405241458,BAYONNE,Sales,5623,BROCCOLI,1.36 KG / 3 LB,BROCCOLI 1.36 KG / 3 LB,65,6.99,6.99,1.0
2024-05-24,21133400402972405241458,BAYONNE,Sales,2585,HYDRO STRAW,2LB / 907 G,HYDRO STRAW 2LB / 907 G,65,6.99,6.99,1.0
2024-05-24,21133400402972405241458,BAYONNE,Sales,17368,STEELHEAD,FARM RAISED,STEELHEAD FARM RAISED,61,10.99,24.95,1.0
2024-05-24,21133400402972405241458,BAYONNE,Sales,8370,ORG MEDITERR,2PK,ORG MEDITERR 2PK,65,8.99,8.99,1.0
2024-05-24,21133400402972405241458,BAYONNE,Sales,30548,ORGANIC DRUM,SADDLEPACK,ORGANIC DRUM SADDLEPACK,61,1.99,10.21,1.0
2024-05-24,21133400402972405241458,BAYONNE,Sales,647465,AVOCADOS,6 COUNT,AVOCADOS 6 COUNT,65,7.99,7.99,1.0
2024-05-24,21133400402972405241458,BAYONNE,Sales,1773119,**CHARMIN**,30/213 SHEET 835SQFT P30,**CHARMIN** 30/213 SHEET 835SQFT P30,14,29.99,29.99,1.0
2024-05-24,21133400402972405241458,BAYONNE,Sales,328868,/1773119,,,14,0.0,-6.5,-1.0
2024-05-24,21133400402972405241458,BAYONNE,Sales,1364689,KS ORG WH MK,3/64 SL30 T33H4 P132,KS ORG WH MK 3/64 SL30 T33H4 P132,17,10.45,20.9,2.0
2024-05-24,21133400402972405241458,BAYONNE,Sales,1769227,FELON JERKY,12OZ P450 SL270,FELON JERKY 12OZ P450 SL270,12,13.99,13.99,1.0
2024-05-24,21133400402972405241458,BAYONNE,Sales,1267000,KS SALMON,SL30 CHILEAN SLMN 10X5,KS SALMON SL30 CHILEAN SLMN 10X5,19,22.99,22.99,1.0
2024-05-24,21133400402972405241458,BAYONNE,Sales,60357,MIXED PEPPER,6-PACK,MIXED PEPPER 6-PACK,65,6.99,6.99,1.0
2025-12-06,21133400800442512061058,BAYONNE,Sales,1448382,CAKE-VANILLA,VANILLA CHEESECAKE MOUSSE,CAKE-VANILLA VANILLA CHEESECAKE MOUSSE,62,17.99,17.99,1.0
2025-12-06,21133400800442512061058,BAYONNE,Sales,1830455,KS BAGUETTE,,,62,4.99,4.99,1.0
2025-12-06,21133400800442512061058,BAYONNE,Sales,1736931,KS LBC,LIGHTLY BREADED C8,KS LBC LIGHTLY BREADED C8,18,15.99,15.99,1.0
2025-12-06,21133400800442512061058,BAYONNE,Sales,368941,/1736931,,,18,0.0,-4.0,-1.0
2025-12-06,21133400800442512061058,BAYONNE,Sales,21046,TOMATO MEDLE,,,65,8.99,8.99,1.0
2025-12-06,21133400800442512061058,BAYONNE,Sales,61576,SWEET POTATO,5 LBS,SWEET POTATO 5 LBS,65,3.99,3.99,1.0
2025-12-06,21133400800442512061058,BAYONNE,Sales,906165,KS WATER 8OZ,,,14,8.99,8.99,1.0
2025-12-06,21133400800442512061058,BAYONNE,Sales,1627770,CLASSIC BLUE,T12H4 P48 SL50,CLASSIC BLUE T12H4 P48 SL50,12,19.99,19.99,1.0
2025-12-06,21133400800442512061058,BAYONNE,Sales,720650,MINI CUKES,680 G / 1.5 LB,MINI CUKES 680 G / 1.5 LB,65,6.49,6.49,1.0
2025-12-06,21133400800442512061058,BAYONNE,Sales,6659,4LB HONYCRSP,,,65,6.99,6.99,1.0
2025-12-06,21133400800442512061058,BAYONNE,Sales,2990,ORG HONEST K,JUICE SL90       P=105,ORG HONEST K JUICE SL90       P=105,13,13.99,13.99,1.0
2025-12-06,21133400800442512061058,BAYONNE,Sales,1343114,CHOC CAKE,WITH CHOCOLATE MOUSSE,CHOC CAKE WITH CHOCOLATE MOUSSE,62,17.99,17.99,1.0
2025-12-06,21133400800442512061058,BAYONNE,Sales,1462714,KS ORG A2 PR,3/64OZ SL30 33X4 P132,KS ORG A2 PR 3/64OZ SL30 33X4 P132,17,12.99,12.99,1.0
2025-12-06,21133400800442512061058,BAYONNE,Sales,60357,MIXED PEPPER,6-PACK,MIXED PEPPER 6-PACK,65,6.99,6.99,1.0
2025-12-06,21133400800442512061058,BAYONNE,Sales,36886,ORGANIC GT,,,61,19.99,19.99,1.0
2025-12-06,21133400800442512061058,BAYONNE,Sales,3732,CRMYDILLPCKL,2 PACK,CRMYDILLPCKL 2 PACK,65,7.99,7.99,1.0
2025-12-06,21133400800442512061058,BAYONNE,Sales,1374492,WELCH SNACKS,P150 T50H3 SL300,WELCH SNACKS P150 T50H3 SL300,12,13.59,13.59,1.0
2023-06-02,21133420300102306021013,BAYONNE,Sales,1634440,MIX BOUQUET,,,27,16.99,16.99,1.0
2023-06-02,21133420300102306021013,BAYONNE,Sales,1268182,NY PASTRAMI,MEAL MART T7H10 SL60,NY PASTRAMI MEAL MART T7H10 SL60,19,12.99,12.99,1.0
2023-06-02,21133420300102306021013,BAYONNE,Sales,2619,ORG BANANAS,3 LB / 1.36 KG,ORG BANANAS 3 LB / 1.36 KG,65,2.39,2.39,1.0
2025-11-23,21133412100382511231002,BAYONNE,Refund,6262016,**KS BATH**,1425 SQFT P30 W/US P66,**KS BATH** 1425 SQFT P30 W/US P66,14,20.99,-20.99,-1.0
2025-05-31,21133422600432505311134,BAYONNE,Sales,1830626,LEGO ROSES,P840 FY24,LEGO ROSES P840 FY24,28,18.99,18.99,1.0
2024-02-18,21133400402022402181504,BAYONNE,Sales,4102,"8"" TORTILLAS",SL10  70OZ,"8"" TORTILLAS SL10  70OZ",13,5.99,5.99,1.0
2024-02-18,21133400402022402181504,BAYONNE,Sales,384962,KS U/S QTRS,TE9X5 SL90,KS U/S QTRS TE9X5 SL90,17,12.99,12.99,1.0
2024-02-18,21133400402022402181504,BAYONNE,Sales,2619,ORG BANANAS,3 LB / 1.36 KG,ORG BANANAS 3 LB / 1.36 KG,65,2.19,2.19,1.0
2024-02-18,21133400402022402181504,BAYONNE,Sales,647465,AVOCADOS,6 COUNT,AVOCADOS 6 COUNT,65,6.49,6.49,1.0
2024-02-18,21133400402022402181504,BAYONNE,Sales,1364689,KS ORG WH MK,3/64 SL30 T33H4 P132,KS ORG WH MK 3/64 SL30 T33H4 P132,17,11.99,11.99,1.0
2024-02-18,21133400402022402181504,BAYONNE,Sales,48600,TURKEY,1.75 RW    T10H4    SL50,TURKEY 1.75 RW    T10H4    SL50,17,7.99,14.38,1.0
2024-02-18,21133400402022402181504,BAYONNE,Sales,1300591,CANDY DREAMS,1.36 KG / 3 LB,CANDY DREAMS 1.36 KG / 3 LB,65,7.99,7.99,1.0
2024-02-18,21133400402022402181504,BAYONNE,Sales,568915,ORG CUCUMBER,,,65,5.99,5.99,1.0
2024-02-18,21133400402022402181504,BAYONNE,Sales,1199652,BUTER CROISS,,,62,5.99,5.99,1.0
2024-02-18,21133400402022402181504,BAYONNE,Sales,1150189,ORG SKINYPOP,T34H3 P102 SL110,ORG SKINYPOP T34H3 P102 SL110,12,6.99,6.99,1.0
2024-02-18,21133400402022402181504,BAYONNE,Sales,323274,/1150189,,,12,0.0,-2.0,-1.0
2024-02-18,21133400402022402181504,BAYONNE,Sales,331100,POTATOES,2.27 KG / 5 LB,POTATOES 2.27 KG / 5 LB,65,8.29,8.29,1.0
2024-02-18,21133400402022402181504,BAYONNE,Sales,1172471,IRISH BUTTER,C15 T9H5 P675  SL90,IRISH BUTTER C15 T9H5 P675  SL90,17,14.49,14.49,1.0
2024-02-18,21133400402022402181504,BAYONNE,Sales,87745,ROTISSERIE,USDA GRADE A,ROTISSERIE USDA GRADE A,63,4.99,4.99,1.0
2024-02-18,21133400402022402181504,BAYONNE,Sales,21046,TOMATO MEDLE,,,65,6.59,6.59,1.0
2024-02-18,21133400402022402181504,BAYONNE,Sales,6659,4LB HONYCRSP,,,65,6.99,6.99,1.0
2024-02-18,21133400402022402181504,BAYONNE,Sales,38947,FLOUNDER FLT,FILLET,FLOUNDER FLT FILLET,61,9.99,26.07,1.0
2024-02-18,21133400402022402181504,BAYONNE,Sales,1674525,BANH MI,T10H8   SL 120,BANH MI T10H8   SL 120,19,9.99,9.99,1.0
2024-02-18,21133400402022402181504,BAYONNE,Sales,60357,MIXED PEPPER,6-PACK,MIXED PEPPER 6-PACK,65,7.49,7.49,1.0
2024-02-18,21133400402022402181504,BAYONNE,Sales,8370,ORG MEDITERR,2PK,ORG MEDITERR 2PK,65,8.99,8.99,1.0
2024-02-18,21133400402022402181504,BAYONNE,Sales,1645476,POMPEIAN EVO,EVOO 2L T80H4 SL435,POMPEIAN EVO EVOO 2L T80H4 SL435,13,18.99,18.99,1.0
2024-02-18,21133400402022402181504,BAYONNE,Sales,5623,BROCCOLI,1.36 KG / 3 LB,BROCCOLI 1.36 KG / 3 LB,65,4.89,4.89,1.0
2022-11-26,21133401003142211261759,BAYONNE,Sales,782796,***KSWTR40PK,P48=SE   P56=PR,***KSWTR40PK P48=SE   P56=PR,14,4.29,4.29,1.0
2022-11-26,21133401003142211261759,BAYONNE,Sales,1364689,KS ORG WH MK,3/64 SL30 T33H4 P132,KS ORG WH MK 3/64 SL30 T33H4 P132,17,11.49,11.49,1.0
2022-11-26,21133401003142211261759,BAYONNE,Sales,585434,ORGNC HUMMUS,CS12 T8H6  SL50,ORGNC HUMMUS CS12 T8H6  SL50,19,6.79,6.79,1.0
2022-11-26,21133401003142211261759,BAYONNE,Sales,45694,BAGUETTE,2 PACK,BAGUETTE 2 PACK,62,5.99,5.99,1.0
2022-11-26,21133401003142211261759,BAYONNE,Sales,1073013,KS 100% OJ,T10H5C4 P200 SL45 DOM70,KS 100% OJ T10H5C4 P200 SL45 DOM70,17,9.99,9.99,1.0
2022-11-26,21133401003142211261759,BAYONNE,Sales,897342,LACROIX VTY,LEMON GRAPEFRUIT P100,LACROIX VTY LEMON GRAPEFRUIT P100,14,8.99,8.99,1.0
2022-11-26,21133401003142211261759,BAYONNE,Sales,289387,/897342,,,14,0.0,-1.8,-1.0
2022-11-26,21133401003142211261759,BAYONNE,Sales,384962,KS U/S QTRS,TE9X5 SL90,KS U/S QTRS TE9X5 SL90,17,14.79,14.79,1.0
2022-11-26,21133401003142211261759,BAYONNE,Sales,21046,TOMATO MEDLE,,,65,6.69,6.69,1.0
2022-11-26,21133401003142211261759,BAYONNE,Sales,1391546,BAGEL CHIPS,SCHWARTZ 425G P324 SL90,BAGEL CHIPS SCHWARTZ 425G P324 SL90,13,7.99,7.99,1.0
2022-11-26,21133401003142211261759,BAYONNE,Sales,440586,SPANAKOPITA,US 3LB CN 1.36KG,SPANAKOPITA US 3LB CN 1.36KG,18,16.59,16.59,1.0
2022-11-26,21133401003142211261759,BAYONNE,Sales,1306598,FREE RNG XL,GRADE A T20H18 P360 SL23,FREE RNG XL GRADE A T20H18 P360 SL23,17,7.59,7.59,1.0
2022-11-26,21133401003142211261759,BAYONNE,Sales,27003,STRAWBERRIES,908 G / 2 LB,STRAWBERRIES 908 G / 2 LB,65,9.59,9.59,1.0
2022-11-26,21133401003142211261759,BAYONNE,Sales,19808,SMOKD SALMON,30/16 OZ SL=28 T7X7,SMOKD SALMON 30/16 OZ SL=28 T7X7,19,16.79,16.79,1.0
2022-11-26,21133401003142211261759,BAYONNE,Sales,936226,GRAPE LEAVES,CEDARLANE  12T4H     SL30,GRAPE LEAVES CEDARLANE  12T4H     SL30,19,10.79,10.79,1.0
2023-05-15,21133401101632305151238,BAYONNE,Sales,19808,SMOKD SALMON,30/16 OZ SL=28 T7X7,SMOKD SALMON 30/16 OZ SL=28 T7X7,19,16.79,16.79,1.0
2023-05-15,21133401101632305151238,BAYONNE,Sales,29819,FLOUNDER FLT,FILLET,FLOUNDER FLT FILLET,61,9.99,18.08,1.0
2023-05-15,21133401101632305151238,BAYONNE,Sales,782796,***KSWTR40PK,P48=SE   P56=PR,***KSWTR40PK P48=SE   P56=PR,14,3.99,7.98,2.0
2023-05-15,21133401101632305151238,BAYONNE,Sales,1364689,KS ORG WH MK,3/64 SL30 T33H4 P132,KS ORG WH MK 3/64 SL30 T33H4 P132,17,12.69,25.38,2.0
2023-05-15,21133401101632305151238,BAYONNE,Sales,1126125,PULL-UPSPLUS,BOY/GIRL P40,PULL-UPSPLUS BOY/GIRL P40,20,41.99,41.99,1.0
2023-05-15,21133401101632305151238,BAYONNE,Sales,17767,KS COFFEE,1.36K GROUND P252,KS COFFEE 1.36K GROUND P252,13,13.99,13.99,1.0
2023-05-15,21133401101632305151238,BAYONNE,Sales,5720,HH STRAW,795 G / 1.75 LB,HH STRAW 795 G / 1.75 LB,65,9.99,9.99,1.0
2023-05-15,21133401101632305151238,BAYONNE,Sales,460862,VAR SLICED,ANDERSON T7H10 SL90,VAR SLICED ANDERSON T7H10 SL90,19,9.79,9.79,1.0
2023-05-15,21133401101632305151238,BAYONNE,Sales,96716,ORG SPINACH,453 G / 16 OZ,ORG SPINACH 453 G / 16 OZ,65,4.49,4.49,1.0
2023-05-15,21133401101632305151238,BAYONNE,Sales,1632656,POPCORNERS,P48 T12H4 SL75,POPCORNERS P48 T12H4 SL75,12,13.99,13.99,1.0
2023-05-15,21133401101632305151238,BAYONNE,Sales,1142830,ORG MEDITERR,,,65,8.49,8.49,1.0
2023-05-15,21133401101632305151238,BAYONNE,Sales,427381,KS ORG EGGS,GRADE AA  P360/300  SL26,KS ORG EGGS GRADE AA  P360/300  SL26,17,7.89,7.89,1.0
2023-05-15,21133401101632305151238,BAYONNE,Sales,1169942,GINGER BEER,12/9.3OZ          P156,GINGER BEER 12/9.3OZ          P156,14,15.99,15.99,1.0
2023-05-15,21133401101632305151238,BAYONNE,Sales,864984,SUMMER PASTA,SUMMER VTY 6/1.1LB   P144,SUMMER PASTA SUMMER VTY 6/1.1LB   P144,13,10.69,10.69,1.0
2023-07-03,21133400802672307031432,BAYONNE,Sales,306221,TOSTISCOOPS,P114 SL49,TOSTISCOOPS P114 SL49,12,5.99,5.99,1.0
2023-07-03,21133400802672307031432,BAYONNE,Sales,305794,/ 306221,,,12,0.0,-2.0,-1.0
2023-07-03,21133400802672307031432,BAYONNE,Sales,1267000,KS SALMON,SL30 CHILEAN SLMN 10X5,KS SALMON SL30 CHILEAN SLMN 10X5,19,23.99,23.99,1.0
2023-07-03,21133400802672307031432,BAYONNE,Sales,1142830,ORG MEDITERR,,,65,8.49,8.49,1.0
2023-07-03,21133400802672307031432,BAYONNE,Sales,60357,MIXED PEPPER,6-PACK,MIXED PEPPER 6-PACK,65,7.49,7.49,1.0
2023-07-03,21133400802672307031432,BAYONNE,Sales,1169942,GINGER BEER,12/9.3OZ          P156,GINGER BEER 12/9.3OZ          P156,14,15.99,15.99,1.0
2023-07-03,21133400802672307031432,BAYONNE,Sales,305546,/1169942,,,14,0.0,-5.0,-1.0
2023-07-03,21133400802672307031432,BAYONNE,Sales,19927,CAESAR SALAD,CROUTONS LEMONS,CAESAR SALAD CROUTONS LEMONS,63,4.49,9.25,1.0
2023-07-03,21133400802672307031432,BAYONNE,Sales,813734,POTATO ROLL,16 CT 30 OZ,POTATO ROLL 16 CT 30 OZ,13,6.89,6.89,1.0
2023-07-03,21133400802672307031432,BAYONNE,Sales,782796,***KSWTR40PK,P48=SE   P56=PR,***KSWTR40PK P48=SE   P56=PR,14,3.99,3.99,1.0
2023-07-03,21133400802672307031432,BAYONNE,Sales,669511,CHX GRILLERS,PORK FREE  T6H6 SL16,CHX GRILLERS PORK FREE  T6H6 SL16,19,10.99,10.99,1.0
2023-07-03,21133400802672307031432,BAYONNE,Sales,427381,KS ORG EGGS,GRADE AA  P360/300  SL26,KS ORG EGGS GRADE AA  P360/300  SL26,17,7.89,7.89,1.0
2023-07-03,21133400802672307031432,BAYONNE,Sales,6652,VIDALIA ONIO,2.27 KG / 5 LBS,VIDALIA ONIO 2.27 KG / 5 LBS,65,5.49,5.49,1.0
2023-07-03,21133400802672307031432,BAYONNE,Sales,2619,ORG BANANAS,3 LB / 1.36 KG,ORG BANANAS 3 LB / 1.36 KG,65,2.39,2.39,1.0
2023-07-03,21133400802672307031432,BAYONNE,Sales,1636598,**CHARMIN**,30/205 SHEET,**CHARMIN** 30/205 SHEET,14,26.49,26.49,1.0
2023-07-03,21133400802672307031432,BAYONNE,Sales,1342708,LA COLM VRTY,P168,LA COLM VRTY P168,14,18.49,18.49,1.0
2023-07-03,21133400802672307031432,BAYONNE,Sales,1364689,KS ORG WH MK,3/64 SL30 T33H4 P132,KS ORG WH MK 3/64 SL30 T33H4 P132,17,12.49,12.49,1.0
2023-07-03,21133400802672307031432,BAYONNE,Sales,1231917,ROJO CORN,12/32 OZ   T8H7   SL45,ROJO CORN 12/32 OZ   T8H7   SL45,19,8.89,8.89,1.0
2023-07-03,21133400802672307031432,BAYONNE,Sales,305532,/1231917,,,19,0.0,-2.2,-1.0
2023-07-03,21133400802672307031432,BAYONNE,Sales,512599,**KS TOWEL**,P24 FQ/P20,**KS TOWEL** P24 FQ/P20,14,19.99,19.99,1.0
2023-07-03,21133400802672307031432,BAYONNE,Sales,96493,B/S ATL SALM,FILLET FARM RAISED,B/S ATL SALM FILLET FARM RAISED,61,10.99,21.21,1.0
2023-07-03,21133400802672307031432,BAYONNE,Sales,983491,CRUNCHY BUTR,CRUNCHY TX480  P600 SL365,CRUNCHY BUTR CRUNCHY TX480  P600 SL365,13,14.99,29.98,2.0
2023-07-03,21133400802672307031432,BAYONNE,Sales,16594,SALMON BURGR,12/3LBS TRIDENT 6T8H P576,SALMON BURGR 12/3LBS TRIDENT 6T8H P576,18,18.99,18.99,1.0
2023-07-03,21133400802672307031432,BAYONNE,Sales,857880,POTATO ROLLS,ROLL 2/8PKS 30OZ TOTAL,POTATO ROLLS ROLL 2/8PKS 30OZ TOTAL,13,6.89,6.89,1.0
2023-07-03,21133400802672307031432,BAYONNE,Sales,519964,CHINET CUP,10 OZ / 150 CT  T34H3P102,CHINET CUP 10 OZ / 150 CT  T34H3P102,14,10.99,10.99,1.0
2023-07-03,21133400802672307031432,BAYONNE,Sales,568915,ORG CUCUMBER,,,65,5.99,5.99,1.0
2023-07-03,21133400802672307031432,BAYONNE,Sales,782294,POWER GREENS,454 G / 1.5 LBS,POWER GREENS 454 G / 1.5 LBS,65,6.99,6.99,1.0
2023-07-03,21133400802672307031432,BAYONNE,Sales,21046,TOMATO MEDLE,,,65,6.69,6.69,1.0
2023-05-02,21133400903832305021717,BAYONNE,Sales,1142830,ORG MEDITERR,,,65,8.49,8.49,1.0
2023-05-02,21133400903832305021717,BAYONNE,Sales,1364689,KS ORG WH MK,3/64 SL30 T33H4 P132,KS ORG WH MK 3/64 SL30 T33H4 P132,17,12.69,12.69,1.0
2023-05-02,21133400903832305021717,BAYONNE,Sales,1636598,**CHARMIN**,30/205 SHEET,**CHARMIN** 30/205 SHEET,14,26.49,26.49,1.0
2023-05-02,21133400903832305021717,BAYONNE,Sales,21046,TOMATO MEDLE,,,65,6.69,6.69,1.0
2023-05-02,21133400903832305021717,BAYONNE,Sales,301541,/21046,,,65,0.0,-1.5,-1.0
2023-05-02,21133400903832305021717,BAYONNE,Sales,5623,BROCCOLI,1.36 KG / 3 LB,BROCCOLI 1.36 KG / 3 LB,65,6.29,6.29,1.0
2023-05-02,21133400903832305021717,BAYONNE,Sales,5850,SWEETKALEDUO,2 X 14 OZ,SWEETKALEDUO 2 X 14 OZ,65,6.99,6.99,1.0
2024-05-11,21133401103032405111432,BAYONNE,Sales,595006,TZATZIKI DIP,12/32 OZ   7T6H   SL50,TZATZIKI DIP 12/32 OZ   7T6H   SL50,19,7.89,7.89,1.0
2024-05-11,21133401103032405111432,BAYONNE,Sales,1073013,KS 100% OJ,T10H5C4 P200 SL45 DOM70,KS 100% OJ T10H5C4 P200 SL45 DOM70,17,13.69,13.69,1.0
2024-05-11,21133401103032405111432,BAYONNE,Sales,17368,STEELHEAD,FARM RAISED,STEELHEAD FARM RAISED,61,10.99,34.62,1.0
2024-05-11,21133401103032405111432,BAYONNE,Sales,1011378,CHICK PEAS,P240 .,CHICK PEAS P240 .,13,7.99,7.99,1.0
2024-05-11,21133401103032405111432,BAYONNE,Sales,5623,BROCCOLI,1.36 KG / 3 LB,BROCCOLI 1.36 KG / 3 LB,65,6.99,6.99,1.0
2024-05-11,21133401103032405111432,BAYONNE,Sales,1615722,HOT HONEY,24 OZ P800,HOT HONEY 24 OZ P800,13,6.97,6.97,1.0
2024-05-11,21133401103032405111432,BAYONNE,Sales,1364689,KS ORG WH MK,3/64 SL30 T33H4 P132,KS ORG WH MK 3/64 SL30 T33H4 P132,17,11.99,11.99,1.0
2024-05-11,21133401103032405111432,BAYONNE,Sales,703381,CHEDDAR SLCS,T10H5  SL120,CHEDDAR SLCS T10H5  SL120,17,7.99,7.99,1.0
2024-05-11,21133401103032405111432,BAYONNE,Sales,1634440,MIX BOUQUET,,,27,16.99,50.97,3.0
2024-05-11,21133401103032405111432,BAYONNE,Sales,1672408,BK:READER,HARPERCOLLINS/,BK:READER HARPERCOLLINS/,36,8.79,8.79,1.0
2024-05-11,21133401103032405111432,BAYONNE,Sales,1467370,KS SHRIMP,CA 608G US 908G 6X6 P576,KS SHRIMP CA 608G US 908G 6X6 P576,18,21.49,21.49,1.0
2024-05-11,21133401103032405111432,BAYONNE,Sales,21046,TOMATO MEDLE,,,65,6.59,6.59,1.0
2024-05-11,21133401103032405111432,BAYONNE,Sales,833684,KS TORT CHIP,P96 T32H3   SL120,KS TORT CHIP P96 T32H3   SL120,12,6.49,6.49,1.0
2024-05-11,21133401103032405111432,BAYONNE,Sales,60357,MIXED PEPPER,6-PACK,MIXED PEPPER 6-PACK,65,7.39,7.39,1.0
2024-05-11,21133401103032405111432,BAYONNE,Sales,1504495,CREST CMPLTE,5-PACK X 8.2 OZ      P300,CREST CMPLTE 5-PACK X 8.2 OZ      P300,20,15.49,15.49,1.0
2024-05-11,21133401103032405111432,BAYONNE,Sales,2619,ORG BANANAS,3 LB / 1.36 KG,ORG BANANAS 3 LB / 1.36 KG,65,2.19,2.19,1.0
2024-05-11,21133401103032405111432,BAYONNE,Sales,2585,HYDRO STRAW,2LB / 907 G,HYDRO STRAW 2LB / 907 G,65,6.99,6.99,1.0
2024-05-11,21133401103032405111432,BAYONNE,Sales,22967,ORGNC BS THG,FRESH SADDLEPACK,ORGNC BS THG FRESH SADDLEPACK,61,5.99,30.97,1.0
2024-05-11,21133401103032405111432,BAYONNE,Sales,568915,ORG CUCUMBER,,,65,6.99,6.99,1.0
2024-05-11,21133401103032405111432,BAYONNE,Sales,647465,AVOCADOS,6 COUNT,AVOCADOS 6 COUNT,65,7.99,7.99,1.0
2024-05-11,21133401103032405111432,BAYONNE,Sales,427381,KS ORG EGGS,GRADE AA  P360/300  SL26,KS ORG EGGS GRADE AA  P360/300  SL26,17,7.59,7.59,1.0
2024-05-11,21133401103032405111432,BAYONNE,Sales,18600,MANDARINS,2.27 KG / 5 LBS,MANDARINS 2.27 KG / 5 LBS,65,6.99,6.99,1.0
2023-11-19,21133400800542311191117,BAYONNE,Sales,48600,TURKEY,1.75 RW    T10H4    SL50,TURKEY 1.75 RW    T10H4    SL50,17,7.99,13.9,1.0
2023-11-19,21133400800542311191117,BAYONNE,Sales,1267000,KS SALMON,SL30 CHILEAN SLMN 10X5,KS SALMON SL30 CHILEAN SLMN 10X5,19,23.99,23.99,1.0
2023-11-19,21133400800542311191117,BAYONNE,Sales,703381,CHEDDAR SLCS,T10H5  SL120,CHEDDAR SLCS T10H5  SL120,17,7.99,7.99,1.0
2023-11-19,21133400800542311191117,BAYONNE,Sales,782796,***KSWTR40PK,P48=SE   P56=PR,***KSWTR40PK P48=SE   P56=PR,14,3.99,3.99,1.0
2023-11-19,21133400800542311191117,BAYONNE,Sales,983491,CRUNCHY BUTR,CRUNCHY TX480  P600 SL365,CRUNCHY BUTR CRUNCHY TX480  P600 SL365,13,14.99,29.98,2.0
2023-11-19,21133400800542311191117,BAYONNE,Sales,18600,MANDARINS,2.27 KG / 5 LBS,MANDARINS 2.27 KG / 5 LBS,65,6.99,6.99,1.0
2023-11-19,21133400800542311191117,BAYONNE,Sales,833684,KS TORT CHIP,P96 T32H3   SL120,KS TORT CHIP P96 T32H3   SL120,12,5.99,5.99,1.0
2023-11-19,21133400800542311191117,BAYONNE,Sales,1773119,**CHARMIN**,30/213 SHEET 835SQFT P30,**CHARMIN** 30/213 SHEET 835SQFT P30,14,29.99,29.99,1.0
2023-11-19,21133400800542311191117,BAYONNE,Sales,87745,ROTISSERIE,USDA GRADE A,ROTISSERIE USDA GRADE A,63,4.99,4.99,1.0
2023-11-19,21133400800542311191117,BAYONNE,Sales,1136340,ORG DIS APPL,GALA,ORG DIS APPL GALA,65,4.99,4.99,1.0
2023-11-19,21133400800542311191117,BAYONNE,Sales,315684,/1136340,,,65,0.0,-1.0,-1.0
2023-11-19,21133400800542311191117,BAYONNE,Sales,1684499,KSBLUEDISH,DISH SOAP 90OZ    P240,KSBLUEDISH DISH SOAP 90OZ    P240,14,7.99,7.99,1.0
2023-11-19,21133400800542311191117,BAYONNE,Sales,1474436,KS TRAIL MIX,SL150 C10T6H4 P240,KS TRAIL MIX SL150 C10T6H4 P240,12,12.49,12.49,1.0
2023-11-19,21133400800542311191117,BAYONNE,Sales,8297,MEX STR CORN,2PK,MEX STR CORN 2PK,65,7.99,7.99,1.0
2023-11-19,21133400800542311191117,BAYONNE,Sales,1742835,**KS TOWEL**,P20/P40/P54 NO INNER POLY,**KS TOWEL** P20/P40/P54 NO INNER POLY,14,19.49,19.49,1.0
2023-11-19,21133400800542311191117,BAYONNE,Sales,1391546,BAGEL CHIPS,SCHWARTZ 425G P324 SL90,BAGEL CHIPS SCHWARTZ 425G P324 SL90,13,7.99,7.99,1.0
2023-11-19,21133400800542311191117,BAYONNE,Sales,2619,ORG BANANAS,3 LB / 1.36 KG,ORG BANANAS 3 LB / 1.36 KG,65,1.99,1.99,1.0
2023-11-19,21133400800542311191117,BAYONNE,Sales,43221,ATL COD,FILLET,ATL COD FILLET,61,9.99,25.97,1.0
2023-11-19,21133400800542311191117,BAYONNE,Sales,27003,STRAWBERRIES,908 G / 2 LB,STRAWBERRIES 908 G / 2 LB,65,6.49,6.49,1.0
2023-11-19,21133400800542311191117,BAYONNE,Sales,1364689,KS ORG WH MK,3/64 SL30 T33H4 P132,KS ORG WH MK 3/64 SL30 T33H4 P132,17,11.99,11.99,1.0
2023-11-19,21133400800542311191117,BAYONNE,Sales,595006,TZATZIKI DIP,12/32 OZ   7T6H   SL50,TZATZIKI DIP 12/32 OZ   7T6H   SL50,19,7.89,7.89,1.0
2023-11-19,21133400800542311191117,BAYONNE,Sales,1266604,647 ITALIAN,LOW CARB BREAD,647 ITALIAN LOW CARB BREAD,13,6.69,6.69,1.0
2025-05-25,21133400701712505251307,BAYONNE,Sales,1267000,KS SALMON,SL30 CHILEAN SLMN 10X5,KS SALMON SL30 CHILEAN SLMN 10X5,19,22.99,22.99,1.0
2025-05-25,21133400701712505251307,BAYONNE,Sales,720650,MINI CUKES,680 G / 1.5 LB,MINI CUKES 680 G / 1.5 LB,65,5.99,5.99,1.0
2025-05-25,21133400701712505251307,BAYONNE,Sales,355155,/720650,,,65,0.0,-1.5,-1.0
2025-05-25,21133400701712505251307,BAYONNE,Sales,1462040,KS ARG SHRMP,CA 608G US 908G 6X6 P576,KS ARG SHRMP CA 608G US 908G 6X6 P576,18,21.49,21.49,1.0
2025-05-25,21133400701712505251307,BAYONNE,Sales,17767,KS COFFEE,1.36K GROUND P252,KS COFFEE 1.36K GROUND P252,13,19.99,19.99,1.0
2025-05-25,21133400701712505251307,BAYONNE,Sales,21046,TOMATO MEDLE,,,65,6.59,6.59,1.0
2025-05-25,21133400701712505251307,BAYONNE,Sales,1199652,BUTER CROISS,,,62,5.99,5.99,1.0
2025-05-25,21133400701712505251307,BAYONNE,Sales,2619,ORG BANANAS,3 LB / 1.36 KG,ORG BANANAS 3 LB / 1.36 KG,65,2.19,2.19,1.0
2025-05-25,21133400701712505251307,BAYONNE,Sales,1336632,BEAN SALAD,T8H6  C12  SL28,BEAN SALAD T8H6  C12  SL28,19,9.89,9.89,1.0
2025-05-25,21133400701712505251307,BAYONNE,Sales,354580,/1336632,,,19,0.0,-2.0,-1.0
2025-05-25,21133400701712505251307,BAYONNE,Sales,6130,4LB WILDTWST,,,65,8.49,8.49,1.0
2025-05-25,21133400701712505251307,BAYONNE,Sales,7169,PEACHES,3LB,PEACHES 3LB,65,6.99,6.99,1.0
2025-05-25,21133400701712505251307,BAYONNE,Sales,1150189,ORG SKINYPOP,T34H3 P102 SL110,ORG SKINYPOP T34H3 P102 SL110,12,6.99,6.99,1.0
2025-05-25,21133400701712505251307,BAYONNE,Sales,44796,BRANZINO,FARM RAISED,BRANZINO FARM RAISED,61,8.99,29.04,1.0
2025-05-25,21133400701712505251307,BAYONNE,Sales,1212860,KS S&C GRNLA,CHOC GRANOLA P252 SL270,KS S&C GRNLA CHOC GRANOLA P252 SL270,12,11.59,11.59,1.0
2025-05-25,21133400701712505251307,BAYONNE,Sales,1068080,PASTURE EGGS,2DZ GRADE A P360/300 SL22,PASTURE EGGS 2DZ GRADE A P360/300 SL22,17,8.19,8.19,1.0
2025-05-25,21133400701712505251307,BAYONNE,Sales,362996,TERRA DLYSSA,ORGANIC OLIVE OIL    P336,TERRA DLYSSA ORGANIC OLIVE OIL    P336,13,14.99,14.99,1.0
2025-05-25,21133400701712505251307,BAYONNE,Sales,2585,HYDRO STRAW,2LB / 907 G,HYDRO STRAW 2LB / 907 G,65,6.49,6.49,1.0
2025-10-19,21133400901722510191458,BAYONNE,Sales,384962,KS U/S QTRS,SL90,KS U/S QTRS SL90,17,11.99,11.99,1.0
2025-10-19,21133400901722510191458,BAYONNE,Sales,720650,MINI CUKES,680 G / 1.5 LB,MINI CUKES 680 G / 1.5 LB,65,6.49,6.49,1.0
2025-10-19,21133400901722510191458,BAYONNE,Sales,21046,TOMATO MEDLE,,,65,7.99,7.99,1.0
2025-10-19,21133400901722510191458,BAYONNE,Sales,703381,CHEDDAR SLCS,T10H5  SL120,CHEDDAR SLCS T10H5  SL120,17,7.99,7.99,1.0
2025-10-19,21133400901722510191458,BAYONNE,Sales,1116045,PRAWN HACAO,2.45LBS 8X4 P512,PRAWN HACAO 2.45LBS 8X4 P512,18,15.49,15.49,1.0
2025-10-19,21133400901722510191458,BAYONNE,Sales,595006,TZATZIKI DIP,12/32 OZ   7T6H   SL50,TZATZIKI DIP 12/32 OZ   7T6H   SL50,19,7.89,7.89,1.0
2025-10-19,21133400901722510191458,BAYONNE,Sales,364865,/  595006,,,19,0.0,-1.9,-1.0
2025-10-19,21133400901722510191458,BAYONNE,Sales,21020,VINE TOMATO,,,65,8.99,8.99,1.0
2025-10-19,21133400901722510191458,BAYONNE,Sales,1794528,BLULANDDISH,110CT 26Z PCH C8T10H4P320,BLULANDDISH 110CT 26Z PCH C8T10H4P320,14,24.99,24.99,1.0
2025-10-19,21133400901722510191458,BAYONNE,Sales,5623,BROCCOLI,1.36 KG / 3 LB,BROCCOLI 1.36 KG / 3 LB,65,6.99,6.99,1.0
2025-10-19,21133400901722510191458,BAYONNE,Sales,316689,BRN RICE RMN,850G LOTUS FOODS P240,BRN RICE RMN 850G LOTUS FOODS P240,13,10.39,10.39,1.0
2025-10-19,21133400901722510191458,BAYONNE,Sales,20522,BUTTERNUT SQ,FRESH CUT 2 LBS,BUTTERNUT SQ FRESH CUT 2 LBS,65,6.99,6.99,1.0
2025-10-19,21133400901722510191458,BAYONNE,Sales,6659,4LB HONYCRSP,,,65,6.99,6.99,1.0
2025-10-19,21133400901722510191458,BAYONNE,Sales,633561,KS DICED TOM,P240 SL180,KS DICED TOM P240 SL180,13,8.99,8.99,1.0
2025-10-19,21133400901722510191458,BAYONNE,Sales,33845,FRYER THIGHS,,,61,1.79,20.23,1.0
2025-10-19,21133400901722510191458,BAYONNE,Sales,518161,BAR SPAGHETI,P=224   T28H8,BAR SPAGHETI P=224   T28H8,13,9.99,9.99,1.0
2025-10-19,21133400901722510191458,BAYONNE,Sales,36886,ORGANIC GT,,,61,19.99,19.99,1.0
2025-10-19,21133400901722510191458,BAYONNE,Sales,6995,GOLD KIWI,3 LBS,GOLD KIWI 3 LBS,65,12.39,12.39,1.0
2025-10-19,21133400901722510191458,BAYONNE,Sales,7554,SARDINES,6/4.37 OZ  P650,SARDINES 6/4.37 OZ  P650,13,10.69,10.69,1.0
2025-10-19,21133400901722510191458,BAYONNE,Sales,206364,SLICED MOZZ,00509 SL45 T10H8,SLICED MOZZ 00509 SL45 T10H8,19,8.69,8.69,1.0
2025-10-19,21133400901722510191458,BAYONNE,Sales,103431,PENNE PASTA,P=114,PENNE PASTA P=114,13,10.49,10.49,1.0
2025-10-19,21133400901722510191458,BAYONNE,Sales,910270,ORG GRE BEAN,,,65,7.49,7.49,1.0
2025-10-19,21133400901722510191458,BAYONNE,Sales,7725,APPLE PECAN,,,65,8.99,8.99,1.0
2025-10-19,21133400901722510191458,BAYONNE,Sales,427381,KS ORG EGGS,GRADE AA  P360/300  SL26,KS ORG EGGS GRADE AA  P360/300  SL26,17,7.49,7.49,1.0
2025-10-19,21133400901722510191458,BAYONNE,Sales,1830455,KS BAGUETTE,,,62,4.99,4.99,1.0
2025-10-19,21133400901722510191458,BAYONNE,Sales,106173,CHKN SAUSAGE,12/3 LBS    9T5H    SL90,CHKN SAUSAGE 12/3 LBS    9T5H    SL90,19,14.99,14.99,1.0
2025-10-19,21133400901722510191458,BAYONNE,Sales,61576,SWEET POTATO,5 LBS,SWEET POTATO 5 LBS,65,3.99,3.99,1.0
2025-10-19,21133400901722510191458,BAYONNE,Sales,60357,MIXED PEPPER,6-PACK,MIXED PEPPER 6-PACK,65,6.99,6.99,1.0
2025-10-19,21133400901722510191458,BAYONNE,Sales,1462714,KS ORG A2 PR,3/64OZ SL30 33X4 P132,KS ORG A2 PR 3/64OZ SL30 33X4 P132,17,12.99,12.99,1.0
2025-10-19,21133400901722510191458,BAYONNE,Sales,10912,SOCK SALMON,FILLET PREVIOUSLY FROZEN,SOCK SALMON FILLET PREVIOUSLY FROZEN,61,13.99,17.91,1.0
2023-02-05,21133400700152302051034,BAYONNE,Sales,106173,CHKN SAUSAGE,12/3 LBS    9T5H    SL90,CHKN SAUSAGE 12/3 LBS    9T5H    SL90,19,14.99,14.99,1.0
2023-02-05,21133400700152302051034,BAYONNE,Sales,800182,BREAD ITALIA,SCHMIDT         SL9,BREAD ITALIA SCHMIDT         SL9,13,3.99,3.99,1.0
2023-02-05,21133400700152302051034,BAYONNE,Sales,782796,***KSWTR40PK,P48=SE   P56=PR,***KSWTR40PK P48=SE   P56=PR,14,3.99,3.99,1.0
2023-02-05,21133400700152302051034,BAYONNE,Sales,17387,"MSN FLOUR 8""",BBS SL 45 DAYS,"MSN FLOUR 8"" BBS SL 45 DAYS",13,4.99,4.99,1.0
2023-02-05,21133400700152302051034,BAYONNE,Sales,1461056,BABY CUKE,,,65,6.99,6.99,1.0
2023-02-05,21133400700152302051034,BAYONNE,Sales,1290439,KS NUTBUTTER,765G T10H6 P720,KS NUTBUTTER 765G T10H6 P720,13,6.99,13.98,2.0
2023-02-05,21133400700152302051034,BAYONNE,Sales,27003,STRAWBERRIES,908 G / 2 LB,STRAWBERRIES 908 G / 2 LB,65,7.49,7.49,1.0
2023-02-05,21133400700152302051034,BAYONNE,Sales,1267000,KS SALMON,SL30 CHILEAN SLMN 10X5,KS SALMON SL30 CHILEAN SLMN 10X5,19,20.99,20.99,1.0
2023-02-05,21133400700152302051034,BAYONNE,Sales,1364689,KS ORG WH MK,3/64 SL30 T33H4 P132,KS ORG WH MK 3/64 SL30 T33H4 P132,17,12.69,12.69,1.0
2023-02-05,21133400700152302051034,BAYONNE,Sales,2619,ORG BANANAS,3 LB / 1.36 KG,ORG BANANAS 3 LB / 1.36 KG,65,2.39,2.39,1.0
2023-02-05,21133400700152302051034,BAYONNE,Sales,5623,BROCCOLI,1.36 KG / 3 LB,BROCCOLI 1.36 KG / 3 LB,65,6.29,6.29,1.0
2023-02-05,21133400700152302051034,BAYONNE,Sales,47739,DRUMSTICKS,,,61,0.99,9.06,1.0
2023-02-05,21133400700152302051034,BAYONNE,Sales,1136340,ORG DIS APPL,GALA,ORG DIS APPL GALA,65,5.39,5.39,1.0
2023-02-05,21133400700152302051034,BAYONNE,Sales,60357,MIXED PEPPER,6-PACK,MIXED PEPPER 6-PACK,65,7.49,7.49,1.0
2025-08-02,21133400701322508021205,BAYONNE,Sales,2585,HYDRO STRAW,2LB / 907 G,HYDRO STRAW 2LB / 907 G,65,6.99,6.99,1.0
2025-08-02,21133400701322508021205,BAYONNE,Sales,121288,ORG BELLAS,,,65,5.99,5.99,1.0
2025-08-02,21133400701322508021205,BAYONNE,Sales,21046,TOMATO MEDLE,,,65,6.59,6.59,1.0
2025-08-02,21133400701322508021205,BAYONNE,Sales,703381,CHEDDAR SLCS,T10H5  SL120,CHEDDAR SLCS T10H5  SL120,17,7.99,7.99,1.0
2025-08-02,21133400701322508021205,BAYONNE,Sales,1462040,KS ARG SHRMP,CA 608G US 908G 6X6 P576,KS ARG SHRMP CA 608G US 908G 6X6 P576,18,21.99,21.99,1.0
2025-08-02,21133400701322508021205,BAYONNE,Sales,30124,SNAPPER,,,61,9.99,39.96,1.0
2025-08-02,21133400701322508021205,BAYONNE,Sales,1619921,SPINDRIFT,LIME/GFRUIT/LEMN,SPINDRIFT LIME/GFRUIT/LEMN,14,18.99,18.99,1.0
2025-08-02,21133400701322508021205,BAYONNE,Sales,2475,PEACHES,1.81 KG / 4 LB,PEACHES 1.81 KG / 4 LB,65,6.69,6.69,1.0
2025-08-02,21133400701322508021205,BAYONNE,Sales,362996,TERRA DLYSSA,ORGANIC OLIVE OIL    P336,TERRA DLYSSA ORGANIC OLIVE OIL    P336,13,16.69,16.69,1.0
2025-08-02,21133400701322508021205,BAYONNE,Sales,1462714,KS ORG A2 PR,3/64OZ SL30 33X4 P132,KS ORG A2 PR 3/64OZ SL30 33X4 P132,17,12.99,12.99,1.0
2025-08-02,21133400701322508021205,BAYONNE,Sales,983491,CRUNCHY BUTR,CRNCHY T120H5 P600,CRUNCHY BUTR CRNCHY T120H5 P600,13,14.99,29.98,2.0
2025-08-02,21133400701322508021205,BAYONNE,Sales,60357,MIXED PEPPER,6-PACK,MIXED PEPPER 6-PACK,65,6.99,6.99,1.0
2025-08-02,21133400701322508021205,BAYONNE,Sales,1183861,SKINNY CHEDD,P102 SL110,SKINNY CHEDD P102 SL110,12,6.49,6.49,1.0
2025-08-02,21133400701322508021205,BAYONNE,Sales,6659,4LB HONYCRSP,,,65,12.99,12.99,1.0
2025-08-02,21133400701322508021205,BAYONNE,Sales,1146505,HEARTY ROLL,WHTE BUN 12CT / 30 OZ,HEARTY ROLL WHTE BUN 12CT / 30 OZ,13,4.59,4.59,1.0
2025-08-02,21133400701322508021205,BAYONNE,Sales,669511,CHX GRILLERS,PORK FREE  T6H6 SL16,CHX GRILLERS PORK FREE  T6H6 SL16,19,10.99,10.99,1.0
2025-08-02,21133400701322508021205,BAYONNE,Sales,1773119,**CHARMIN**,30/213 SHEET 835SQFT P30,**CHARMIN** 30/213 SHEET 835SQFT P30,14,30.89,30.89,1.0
2025-08-02,21133400701322508021205,BAYONNE,Sales,357732,/1773119,,,14,0.0,-6.0,-1.0
2025-08-02,21133400701322508021205,BAYONNE,Sales,720650,MINI CUKES,680 G / 1.5 LB,MINI CUKES 680 G / 1.5 LB,65,5.99,5.99,1.0
2025-08-02,21133400701322508021205,BAYONNE,Sales,38742,SWEET CORN,8 PACK,SWEET CORN 8 PACK,65,6.99,6.99,1.0
2025-08-02,21133400701322508021205,BAYONNE,Sales,1842988,ORG FR EGGS,CONTENTED HEN GRADEA P360,ORG FR EGGS CONTENTED HEN GRADEA P360,17,7.49,7.49,1.0
2025-08-02,21133400701322508021205,BAYONNE,Sales,35586,LOBSTER TAIL,TAILS PREVIOUSLY FROZEN,LOBSTER TAIL TAILS PREVIOUSLY FROZEN,61,26.99,44.8,1.0
2025-08-02,21133400701322508021205,BAYONNE,Sales,910270,ORG GRE BEAN,,,65,6.99,6.99,1.0
2025-08-02,21133400701322508021205,BAYONNE,Sales,1920239,FVR TREE VTY,VTY PK 15/8.45 FL OZ,FVR TREE VTY VTY PK 15/8.45 FL OZ,14,18.99,18.99,1.0
2025-08-02,21133400701322508021205,BAYONNE,Sales,19927,CAESAR SALAD,CROUTONS LEMONS,CAESAR SALAD CROUTONS LEMONS,63,4.49,8.62,1.0
2025-03-15,21133400902152503151313,BAYONNE,Sales,60357,MIXED PEPPER,6-PACK,MIXED PEPPER 6-PACK,65,6.99,6.99,1.0
2025-03-15,21133400902152503151313,BAYONNE,Sales,1462714,KS ORG A2 PR,3/64OZ SL30 33X4 P132,KS ORG A2 PR 3/64OZ SL30 33X4 P132,17,10.47,10.47,1.0
2025-03-15,21133400902152503151313,BAYONNE,Sales,38742,SWEET CORN,8 PACK,SWEET CORN 8 PACK,65,6.99,6.99,1.0
2025-03-15,21133400902152503151313,BAYONNE,Sales,7949,4LB PINK LDY,,,65,6.49,6.49,1.0
2025-03-15,21133400902152503151313,BAYONNE,Sales,362996,TERRA DLYSSA,ORGANIC OLIVE OIL    P336,TERRA DLYSSA ORGANIC OLIVE OIL    P336,13,14.99,14.99,1.0
2025-03-15,21133400902152503151313,BAYONNE,Sales,1830455,KS BAGUETTE,,,62,4.99,4.99,1.0
2025-03-15,21133400902152503151313,BAYONNE,Sales,21046,TOMATO MEDLE,,,65,6.59,6.59,1.0
2025-03-15,21133400902152503151313,BAYONNE,Sales,5850,SWEETKALEDUO,2 X 14 OZ,SWEETKALEDUO 2 X 14 OZ,65,6.99,6.99,1.0
2025-03-15,21133400902152503151313,BAYONNE,Sales,7552,WILD ALBACOR,SL360           P528,WILD ALBACOR SL360           P528,13,15.99,15.99,1.0
2025-03-15,21133400902152503151313,BAYONNE,Sales,2585,HYDRO STRAW,2LB / 907 G,HYDRO STRAW 2LB / 907 G,65,8.49,8.49,1.0
2025-03-15,21133400902152503151313,BAYONNE,Sales,720650,MINI CUKES,680 G / 1.5 LB,MINI CUKES 680 G / 1.5 LB,65,5.99,5.99,1.0
2025-03-15,21133400902152503151313,BAYONNE,Sales,595006,TZATZIKI DIP,12/32 OZ   7T6H   SL50,TZATZIKI DIP 12/32 OZ   7T6H   SL50,19,7.89,7.89,1.0
2025-03-15,21133400902152503151313,BAYONNE,Sales,350147,/ 595006,,,19,0.0,-2.0,-1.0
2025-03-15,21133400902152503151313,BAYONNE,Sales,19452,ORG CHKTENDR,TENDERLOIN SADDLEPACK,ORG CHKTENDR TENDERLOIN SADDLEPACK,61,5.99,27.73,1.0
2025-03-15,21133400902152503151313,BAYONNE,Sales,1540707,ORANGE GUAVA,NECTAR 128OZ SL243,ORANGE GUAVA NECTAR 128OZ SL243,13,5.99,5.99,1.0
2025-03-15,21133400902152503151313,BAYONNE,Sales,1710454,KEW MAYO,T10H5  SL 270  P800,KEW MAYO T10H5  SL 270  P800,13,6.49,6.49,1.0
2025-03-15,21133400902152503151313,BAYONNE,Sales,106173,CHKN SAUSAGE,12/3 LBS    9T5H    SL90,CHKN SAUSAGE 12/3 LBS    9T5H    SL90,19,14.99,14.99,1.0
2025-03-15,21133400902152503151313,BAYONNE,Sales,789551,SALTED CARM,MILK CHOC/ P480   SL285,SALTED CARM MILK CHOC/ P480   SL285,12,12.49,12.49,1.0
2025-03-15,21133400902152503151313,BAYONNE,Sales,348894,/SANDERS,,,12,0.0,-3.8,-1.0
2025-03-15,21133400902152503151313,BAYONNE,Sales,47292,SOCK SALMON,FILLET PREVIOUSLY FROZEN,SOCK SALMON FILLET PREVIOUSLY FROZEN,61,12.99,24.81,1.0
2026-01-04,21133420202482601041734,BAYONNE,Sales,1347776,KS WD FL HNY,P360 SL584,KS WD FL HNY P360 SL584,13,12.99,12.99,1.0
2026-01-04,21133420202482601041734,BAYONNE,Sales,384732,KS PURE SALT,850G,KS PURE SALT 850G,13,3.49,3.49,1.0
2026-01-04,21133420202482601041734,BAYONNE,Sales,39054,SWEET ONION,2.27 KG / 5 LBS,SWEET ONION 2.27 KG / 5 LBS,65,5.49,5.49,1.0
2026-01-04,21133420202482601041734,BAYONNE,Sales,720650,MINI CUKES,680 G / 1.5 LB,MINI CUKES 680 G / 1.5 LB,65,6.49,6.49,1.0
2026-01-04,21133420202482601041734,BAYONNE,Sales,1830455,KS BAGUETTE,,,62,4.99,4.99,1.0
2026-01-04,21133420202482601041734,BAYONNE,Sales,1949060,GRAZA HUMMUS,C20 9T5H  SL65,GRAZA HUMMUS C20 9T5H  SL65,19,7.49,7.49,1.0
2026-01-04,21133420202482601041734,BAYONNE,Sales,3732,CRMYDILLPCKL,2 PACK,CRMYDILLPCKL 2 PACK,65,7.99,7.99,1.0
2026-01-04,21133420202482601041734,BAYONNE,Sales,27003,STRAWBERRIES,908 G / 2 LB,STRAWBERRIES 908 G / 2 LB,65,6.99,6.99,1.0
2024-02-03,21133400801242402031217,BAYONNE,Sales,1266604,647 ITALIAN,LOW CARB BREAD,647 ITALIAN LOW CARB BREAD,13,6.99,6.99,1.0
2024-02-03,21133400801242402031217,BAYONNE,Sales,30548,ORGANIC DRUM,SADDLEPACK,ORGANIC DRUM SADDLEPACK,61,1.99,9.61,1.0
2024-02-03,21133400801242402031217,BAYONNE,Sales,17767,KS COFFEE,1.36K GROUND P252,KS COFFEE 1.36K GROUND P252,13,12.99,12.99,1.0
2024-02-03,21133400801242402031217,BAYONNE,Sales,38742,SWEET CORN,8 PACK,SWEET CORN 8 PACK,65,6.99,6.99,1.0
2024-02-03,21133400801242402031217,BAYONNE,Sales,647465,AVOCADOS,6 COUNT,AVOCADOS 6 COUNT,65,6.49,6.49,1.0
2024-02-03,21133400801242402031217,BAYONNE,Sales,1747982,LESSER EVIL,ORG POPCORN P108 SL180,LESSER EVIL ORG POPCORN P108 SL180,12,5.99,5.99,1.0
2024-02-03,21133400801242402031217,BAYONNE,Sales,45694,BAGUETTE,2 PACK,BAGUETTE 2 PACK,62,5.99,5.99,1.0
2024-02-03,21133400801242402031217,BAYONNE,Sales,1267000,KS SALMON,SL30 CHILEAN SLMN 10X5,KS SALMON SL30 CHILEAN SLMN 10X5,19,23.99,23.99,1.0
2024-02-03,21133400801242402031217,BAYONNE,Sales,568915,ORG CUCUMBER,,,65,5.99,5.99,1.0
2024-02-03,21133400801242402031217,BAYONNE,Sales,2619,ORG BANANAS,3 LB / 1.36 KG,ORG BANANAS 3 LB / 1.36 KG,65,2.19,2.19,1.0
2024-02-03,21133400801242402031217,BAYONNE,Sales,617686,SOFTSOAP,2X2.36L P128,SOFTSOAP 2X2.36L P128,20,11.99,11.99,1.0
2024-02-03,21133400801242402031217,BAYONNE,Sales,1300591,CANDY DREAMS,1.36 KG / 3 LB,CANDY DREAMS 1.36 KG / 3 LB,65,5.99,5.99,1.0
2024-02-03,21133400801242402031217,BAYONNE,Sales,8424,THAI CHILI,SALAD KIT 2PK,THAI CHILI SALAD KIT 2PK,65,7.99,7.99,1.0
2024-02-03,21133400801242402031217,BAYONNE,Sales,1364689,KS ORG WH MK,3/64 SL30 T33H4 P132,KS ORG WH MK 3/64 SL30 T33H4 P132,17,11.99,23.98,2.0
2024-02-03,21133400801242402031217,BAYONNE,Sales,87745,ROTISSERIE,USDA GRADE A,ROTISSERIE USDA GRADE A,63,4.99,4.99,1.0
2024-02-03,21133400801242402031217,BAYONNE,Sales,1779161,CHILI CRISP,10 OZ SL182 P240,CHILI CRISP 10 OZ SL182 P240,13,14.79,14.79,1.0
2024-02-03,21133400801242402031217,BAYONNE,Sales,322535,/1779161,,,13,0.0,-3.0,-1.0
2024-02-03,21133400801242402031217,BAYONNE,Sales,427381,KS ORG EGGS,GRADE AA  P360/300  SL26,KS ORG EGGS GRADE AA  P360/300  SL26,17,7.59,7.59,1.0
2024-02-03,21133400801242402031217,BAYONNE,Sales,106173,CHKN SAUSAGE,12/3 LBS    9T5H    SL90,CHKN SAUSAGE 12/3 LBS    9T5H    SL90,19,14.99,14.99,1.0
2024-02-03,21133400801242402031217,BAYONNE,Sales,21046,TOMATO MEDLE,,,65,6.59,6.59,1.0
2024-02-03,21133400801242402031217,BAYONNE,Sales,1391546,BAGEL CHIPS,SCHWARTZ 425G P324 SL90,BAGEL CHIPS SCHWARTZ 425G P324 SL90,13,7.99,7.99,1.0
2024-02-03,21133400801242402031217,BAYONNE,Sales,22093,KS SHRP CHDR,EC20T9H5 W12T13H5   SL130,KS SHRP CHDR EC20T9H5 W12T13H5   SL130,17,4.99,4.99,1.0
2024-02-03,21133400801242402031217,BAYONNE,Sales,1729556,KS COLD&FLU,CPLT 168CT     T4H6 MPK30,KS COLD&FLU CPLT 168CT     T4H6 MPK30,93,9.99,9.99,1.0
2024-02-03,21133400801242402031217,BAYONNE,Sales,782796,***KSWTR40PK,P48=SE   P56=PR,***KSWTR40PK P48=SE   P56=PR,14,3.99,7.98,2.0
2024-02-03,21133400801242402031217,BAYONNE,Sales,983491,CRUNCHY BUTR,CRUNCHY TX480  P600 SL365,CRUNCHY BUTR CRUNCHY TX480  P600 SL365,13,14.99,29.98,2.0
2023-01-06,21133400700452301061128,BAYONNE,Sales,897342,LACROIX VTY,LEMON GRAPEFRUIT P100,LACROIX VTY LEMON GRAPEFRUIT P100,14,8.99,8.99,1.0
2023-01-06,21133400700452301061128,BAYONNE,Sales,17387,"MSN FLOUR 8""",BBS SL 45 DAYS,"MSN FLOUR 8"" BBS SL 45 DAYS",13,4.99,4.99,1.0
2023-01-06,21133400700452301061128,BAYONNE,Sales,7859,SMOKD SALMON,FOPPEN SL28 T8H5,SMOKD SALMON FOPPEN SL28 T8H5,19,10.99,10.99,1.0
2023-01-06,21133400700452301061128,BAYONNE,Sales,782796,***KSWTR40PK,P48=SE   P56=PR,***KSWTR40PK P48=SE   P56=PR,14,4.29,8.58,2.0
2023-01-06,21133400700452301061128,BAYONNE,Sales,702669,BLACKBERRIES,340 G / 12 OZ,BLACKBERRIES 340 G / 12 OZ,65,3.29,3.29,1.0
2023-01-06,21133400700452301061128,BAYONNE,Sales,1364689,KS ORG WH MK,3/64 SL30 T33H4 P132,KS ORG WH MK 3/64 SL30 T33H4 P132,17,12.69,25.38,2.0
2023-01-06,21133400700452301061128,BAYONNE,Sales,1632656,POPCORNERS,P48 T12H4 SL75,POPCORNERS P48 T12H4 SL75,12,12.99,12.99,1.0
2023-01-06,21133400700452301061128,BAYONNE,Sales,1298989,CANDY SNAP,3LB SEEDLESS,CANDY SNAP 3LB SEEDLESS,65,7.99,7.99,1.0
2023-01-06,21133400700452301061128,BAYONNE,Sales,841948,UTZHNYWHTPRZ,BRAIDED PRETZEL P115 SL98,UTZHNYWHTPRZ BRAIDED PRETZEL P115 SL98,12,9.49,9.49,1.0
2023-01-06,21133400700452301061128,BAYONNE,Sales,106173,CHKN SAUSAGE,12/3 LBS    9T5H    SL90,CHKN SAUSAGE 12/3 LBS    9T5H    SL90,19,14.99,14.99,1.0
2023-01-06,21133400700452301061128,BAYONNE,Sales,1636598,**CHARMIN**,30/205 SHEET,**CHARMIN** 30/205 SHEET,14,26.49,26.49,1.0
2023-01-06,21133400700452301061128,BAYONNE,Sales,294196,/1636598,,,14,0.0,-5.8,-1.0
2023-01-06,21133400700452301061128,BAYONNE,Sales,1461056,BABY CUKE,,,65,6.99,6.99,1.0
2023-01-06,21133400700452301061128,BAYONNE,Sales,2619,ORG BANANAS,3 LB / 1.36 KG,ORG BANANAS 3 LB / 1.36 KG,65,2.39,2.39,1.0
2023-01-06,21133400700452301061128,BAYONNE,Sales,1290439,KS NUTBUTTER,765G T10H6 P720,KS NUTBUTTER 765G T10H6 P720,13,6.99,6.99,1.0
2025-11-01,21133400901802511011539,BAYONNE,Sales,1474436,KS TRAIL MIX,SL150 C10T6H4 P240,KS TRAIL MIX SL150 C10T6H4 P240,12,14.49,14.49,1.0
2025-11-01,21133400901802511011539,BAYONNE,Sales,5623,BROCCOLI,1.36 KG / 3 LB,BROCCOLI 1.36 KG / 3 LB,65,6.99,6.99,1.0
2025-11-01,21133400901802511011539,BAYONNE,Sales,6659,4LB HONYCRSP,,,65,6.99,6.99,1.0
2025-11-01,21133400901802511011539,BAYONNE,Sales,1830455,KS BAGUETTE,,,62,4.99,4.99,1.0
2025-11-01,21133400901802511011539,BAYONNE,Sales,1363689,TURKEY BACON,COLUMBUS SL30 T6H5 P300,TURKEY BACON COLUMBUS SL30 T6H5 P300,17,14.99,14.99,1.0
2025-11-01,21133400901802511011539,BAYONNE,Sales,637598,KS CAGE FREE,SL21 T20H18 P360/P300,KS CAGE FREE SL21 T20H18 P360/P300,17,3.89,3.89,1.0
2025-11-01,21133400901802511011539,BAYONNE,Sales,1388332,COCONUT ROLL,11 OZ  P380      SL270,COCONUT ROLL 11 OZ  P380      SL270,12,8.79,8.79,1.0
2025-11-01,21133400901802511011539,BAYONNE,Sales,21046,TOMATO MEDLE,,,65,8.99,8.99,1.0
2025-11-01,21133400901802511011539,BAYONNE,Sales,703381,CHEDDAR SLCS,T10H5  SL120,CHEDDAR SLCS T10H5  SL120,17,7.99,7.99,1.0
2025-11-01,21133400901802511011539,BAYONNE,Sales,2251987,ORG HUMMUS,12/34 OZ   8T6H   SL50,ORG HUMMUS 12/34 OZ   8T6H   SL50,19,5.89,5.89,1.0
2025-11-01,21133400901802511011539,BAYONNE,Sales,20522,BUTTERNUT SQ,FRESH CUT 2 LBS,BUTTERNUT SQ FRESH CUT 2 LBS,65,6.99,6.99,1.0
2025-11-01,21133400901802511011539,BAYONNE,Sales,1172471,IRISH BUTTER,C15 T9H5 P675  SL90,IRISH BUTTER C15 T9H5 P675  SL90,17,16.99,16.99,1.0
2025-11-01,21133400901802511011539,BAYONNE,Sales,720650,MINI CUKES,680 G / 1.5 LB,MINI CUKES 680 G / 1.5 LB,65,6.49,6.49,1.0
2025-11-01,21133400901802511011539,BAYONNE,Sales,366136,/  720650,,,65,0.0,-1.5,-1.0
2025-11-01,21133400901802511011539,BAYONNE,Sales,1958861,JAL CHED BRD,WITH ROASTED PEPPERS,JAL CHED BRD WITH ROASTED PEPPERS,62,9.99,9.99,1.0
2025-11-01,21133400901802511011539,BAYONNE,Sales,910270,ORG GRE BEAN,,,65,7.49,7.49,1.0
2025-11-01,21133400901802511011539,BAYONNE,Sales,362996,TERRA DLYSSA,ORGANIC OLIVE OIL    P336,TERRA DLYSSA ORGANIC OLIVE OIL    P336,13,17.89,17.89,1.0
2025-11-01,21133400901802511011539,BAYONNE,Sales,1462040,KS ARG SHRMP,CA 608G US 908G 6X6 P576,KS ARG SHRMP CA 608G US 908G 6X6 P576,18,19.99,19.99,1.0
2025-11-01,21133400901802511011539,BAYONNE,Sales,1785461,LOBSTER RAV,2/13OZ CS14 T4H5 SL40,LOBSTER RAV 2/13OZ CS14 T4H5 SL40,19,13.99,13.99,1.0
2025-11-01,21133400901802511011539,BAYONNE,Sales,1859326,GRAZA EVOO,C12T10H4 P480  SL540,GRAZA EVOO C12T10H4 P480  SL540,13,12.99,12.99,1.0
2025-11-01,21133400901802511011539,BAYONNE,Sales,3732,CRMYDILLPCKL,2 PACK,CRMYDILLPCKL 2 PACK,65,7.99,7.99,1.0
2025-11-01,21133400901802511011539,BAYONNE,Sales,91610,FROSTED FLKS,KELLOGG'S  SL 365     P90,FROSTED FLKS KELLOGG'S  SL 365     P90,13,9.29,9.29,1.0
2024-04-16,21133401002512404161421,BAYONNE,Sales,703381,CHEDDAR SLCS,T10H5  SL120,CHEDDAR SLCS T10H5  SL120,17,7.99,7.99,1.0
2024-04-16,21133401002512404161421,BAYONNE,Sales,1364689,KS ORG WH MK,3/64 SL30 T33H4 P132,KS ORG WH MK 3/64 SL30 T33H4 P132,17,11.99,23.98,2.0
2024-04-16,21133401002512404161421,BAYONNE,Sales,1060788,PRETZEL CRSP,P176 T44H4 SL210,PRETZEL CRSP P176 T44H4 SL210,12,8.99,8.99,1.0
2024-04-16,21133401002512404161421,BAYONNE,Sales,1136340,3LB ORG GALA,,,65,4.49,4.49,1.0
2024-04-16,21133401002512404161421,BAYONNE,Sales,21046,TOMATO MEDLE,,,65,6.59,6.59,1.0
2024-04-16,21133401002512404161421,BAYONNE,Sales,2619,ORG BANANAS,3 LB / 1.36 KG,ORG BANANAS 3 LB / 1.36 KG,65,2.19,2.19,1.0
2024-04-16,21133401002512404161421,BAYONNE,Sales,376052,KS CHOCALMND,T6H5  P360 SL292,KS CHOCALMND T6H5  P360 SL292,12,14.79,14.79,1.0
2024-04-16,21133401002512404161421,BAYONNE,Sales,60357,MIXED PEPPER,6-PACK,MIXED PEPPER 6-PACK,65,7.39,7.39,1.0
2024-04-16,21133401002512404161421,BAYONNE,Sales,5850,SWEETKALEDUO,2 X 14 OZ,SWEETKALEDUO 2 X 14 OZ,65,6.99,6.99,1.0
2024-04-16,21133401002512404161421,BAYONNE,Sales,861784,SWT POTATOES,,,65,6.49,6.49,1.0
2023-10-10,21133400802962310101633,BAYONNE,Sales,18600,MANDARINS,2.27 KG / 5 LBS,MANDARINS 2.27 KG / 5 LBS,65,7.39,7.39,1.0
2023-10-10,21133400802962310101633,BAYONNE,Sales,1266604,647 ITALIAN,LOW CARB BREAD,647 ITALIAN LOW CARB BREAD,13,6.69,6.69,1.0
2023-10-10,21133400802962310101633,BAYONNE,Sales,427381,KS ORG EGGS,GRADE AA  P360/300  SL26,KS ORG EGGS GRADE AA  P360/300  SL26,17,7.49,7.49,1.0
2023-10-10,21133400802962310101633,BAYONNE,Sales,96716,ORG SPINACH,453 G / 16 OZ,ORG SPINACH 453 G / 16 OZ,65,4.49,4.49,1.0
2023-10-10,21133400802962310101633,BAYONNE,Sales,5850,SWEETKALEDUO,2 X 14 OZ,SWEETKALEDUO 2 X 14 OZ,65,6.99,6.99,1.0
2023-10-10,21133400802962310101633,BAYONNE,Sales,647465,AVOCADOS,6 COUNT,AVOCADOS 6 COUNT,65,6.99,6.99,1.0
2023-10-10,21133400802962310101633,BAYONNE,Sales,5623,BROCCOLI,1.36 KG / 3 LB,BROCCOLI 1.36 KG / 3 LB,65,6.99,6.99,1.0
2023-10-10,21133400802962310101633,BAYONNE,Sales,8297,MEX STR CORN,2PK,MEX STR CORN 2PK,65,7.99,7.99,1.0
2023-10-10,21133400802962310101633,BAYONNE,Sales,87745,ROTISSERIE,USDA GRADE A,ROTISSERIE USDA GRADE A,63,4.99,4.99,1.0
2023-10-10,21133400802962310101633,BAYONNE,Sales,260509,POLYO STRCHZ,10/48Z P450 T9H5     SL45,POLYO STRCHZ 10/48Z P450 T9H5     SL45,17,11.49,11.49,1.0
2023-10-10,21133400802962310101633,BAYONNE,Sales,1461056,BABY CUKE,,,65,5.99,5.99,1.0
2023-10-10,21133400802962310101633,BAYONNE,Sales,595006,TZATZIKI DIP,12/32 OZ   7T6H   SL50,TZATZIKI DIP 12/32 OZ   7T6H   SL50,19,7.89,7.89,1.0
2023-10-10,21133400802962310101633,BAYONNE,Sales,782796,***KSWTR40PK,P48=SE   P56=PR,***KSWTR40PK P48=SE   P56=PR,14,3.99,7.98,2.0
2023-10-10,21133400802962310101633,BAYONNE,Sales,2619,ORG BANANAS,3 LB / 1.36 KG,ORG BANANAS 3 LB / 1.36 KG,65,1.99,1.99,1.0
2023-10-10,21133400802962310101633,BAYONNE,Sales,1364689,KS ORG WH MK,3/64 SL30 T33H4 P132,KS ORG WH MK 3/64 SL30 T33H4 P132,17,11.99,23.98,2.0
2023-10-10,21133400802962310101633,BAYONNE,Sales,21046,TOMATO MEDLE,,,65,6.59,6.59,1.0
2023-10-10,21133400802962310101633,BAYONNE,Sales,1529345,ALM TORTILLA,20CT T8H5 P720 SL45,ALM TORTILLA 20CT T8H5 P720 SL45,17,11.89,11.89,1.0
2023-10-10,21133400802962310101633,BAYONNE,Sales,312808,/1529345,,,17,0.0,-3.0,-1.0
2023-10-10,21133400802962310101633,BAYONNE,Sales,757263,CHEX MIX,T50H3  P150 SL149,CHEX MIX T50H3  P150 SL149,12,7.49,7.49,1.0
2023-10-10,21133400802962310101633,BAYONNE,Sales,45579,CANDY HEART,1.36 KG / 3 LB,CANDY HEART 1.36 KG / 3 LB,65,7.99,7.99,1.0
2023-10-10,21133400802962310101633,BAYONNE,Sales,60357,MIXED PEPPER,6-PACK,MIXED PEPPER 6-PACK,65,6.69,6.69,1.0
2023-10-10,21133400802962310101633,BAYONNE,Sales,1011378,CHICK PEAS,P240 .,CHICK PEAS P240 .,13,7.99,7.99,1.0
2025-06-09,21133400104792506091706,BAYONNE,Sales,1843108,KS FRZ GAL,DOUBLE ZIPPER 28X3 P84,KS FRZ GAL DOUBLE ZIPPER 28X3 P84,14,13.99,13.99,1.0
2025-06-09,21133400104792506091706,BAYONNE,Sales,1462714,KS ORG A2 PR,3/64OZ SL30 33X4 P132,KS ORG A2 PR 3/64OZ SL30 33X4 P132,17,10.76,10.76,1.0
2025-06-09,21133400104792506091706,BAYONNE,Sales,1298989,CANDY SNAP,3LB SEEDLESS,CANDY SNAP 3LB SEEDLESS,65,7.99,7.99,1.0
2025-06-09,21133400104792506091706,BAYONNE,Sales,96716,ORG SPINACH,453 G / 16 OZ,ORG SPINACH 453 G / 16 OZ,65,4.49,4.49,1.0
2025-06-09,21133400104792506091706,BAYONNE,Sales,992756,PARMESAN,P360  T10H3      SL105,PARMESAN P360  T10H3      SL105,13,9.59,9.59,1.0
2025-06-09,21133400104792506091706,BAYONNE,Sales,720650,MINI CUKES,680 G / 1.5 LB,MINI CUKES 680 G / 1.5 LB,65,5.99,5.99,1.0
2025-06-09,21133400104792506091706,BAYONNE,Sales,1068080,PASTURE EGGS,2DZ GRADE A P360/300 SL22,PASTURE EGGS 2DZ GRADE A P360/300 SL22,17,7.99,7.99,1.0
2025-06-09,21133400104792506091706,BAYONNE,Sales,910270,ORG GRE BEAN,,,65,6.99,6.99,1.0
2025-06-09,21133400104792506091706,BAYONNE,Sales,947880,HF NAT TRKEY,T6H4P216  SL30,HF NAT TRKEY T6H4P216  SL30,17,12.89,12.89,1.0
2025-06-09,21133400104792506091706,BAYONNE,Sales,356354,/ 947880,,,17,0.0,-3.2,-1.0
2025-06-09,21133400104792506091706,BAYONNE,Sales,60357,MIXED PEPPER,6-PACK,MIXED PEPPER 6-PACK,65,6.99,6.99,1.0
2025-06-09,21133400104792506091706,BAYONNE,Sales,142819,TUSCAN MELON,,,65,8.99,8.99,1.0
2025-06-09,21133400104792506091706,BAYONNE,Sales,1199652,BUTER CROISS,,,62,5.99,5.99,1.0
2025-06-09,21133400104792506091706,BAYONNE,Sales,6659,4LB HONYCRSP,,,65,11.99,11.99,1.0
2025-06-09,21133400104792506091706,BAYONNE,Sales,518161,BAR SPAGHETI,P=224   T28H8,BAR SPAGHETI P=224   T28H8,13,9.99,9.99,1.0
2025-06-09,21133400104792506091706,BAYONNE,Sales,21046,TOMATO MEDLE,,,65,6.59,6.59,1.0
2025-06-09,21133400104792506091706,BAYONNE,Sales,1897829,MEYERS SOAP,HAND SOAP SET P210,MEYERS SOAP HAND SOAP SET P210,20,17.99,17.99,1.0
2025-06-09,21133400104792506091706,BAYONNE,Sales,38742,SWEET CORN,8 PACK,SWEET CORN 8 PACK,65,5.99,5.99,1.0
2025-11-30,21133400602652511301506,BAYONNE,Sales,1068083,ORG FR EGGS,GRADE A T20H18 P360 SL23,ORG FR EGGS GRADE A T20H18 P360 SL23,17,7.69,7.69,1.0
2025-11-30,21133400602652511301506,BAYONNE,Sales,17767,KS COFFEE,1.36K GROUND P252,KS COFFEE 1.36K GROUND P252,13,20.99,20.99,1.0
2025-11-30,21133400602652511301506,BAYONNE,Sales,107699,DUMPLINGS,10/36CT  (39.6 OZ)  7X3 S,DUMPLINGS 10/36CT  (39.6 OZ)  7X3 S,18,13.69,13.69,1.0
2025-11-30,21133400602652511301506,BAYONNE,Sales,3732,CRMYDILLPCKL,2 PACK,CRMYDILLPCKL 2 PACK,65,7.99,7.99,1.0
2025-11-30,21133400602652511301506,BAYONNE,Sales,60357,MIXED PEPPER,6-PACK,MIXED PEPPER 6-PACK,65,6.99,6.99,1.0
2025-11-30,21133400602652511301506,BAYONNE,Sales,1830455,KS BAGUETTE,,,62,4.99,4.99,1.0
2025-11-30,21133400602652511301506,BAYONNE,Sales,1542070,GOLDFISH 66Z,CRACKERS 66OZ P120 SL140,GOLDFISH 66Z CRACKERS 66OZ P120 SL140,12,12.49,12.49,1.0
2025-11-30,21133400602652511301506,BAYONNE,Sales,9820887,KS CHS PIZZA,P108 6TX3H,KS CHS PIZZA P108 6TX3H,18,11.79,11.79,1.0
2025-11-30,21133400602652511301506,BAYONNE,Sales,21046,TOMATO MEDLE,,,65,8.99,8.99,1.0
2025-11-30,21133400602652511301506,BAYONNE,Sales,1388332,COCONUT ROLL,11 OZ  P380      SL270,COCONUT ROLL 11 OZ  P380      SL270,12,8.79,8.79,1.0
2025-11-30,21133400602652511301506,BAYONNE,Sales,6659,4LB HONYCRSP,,,65,7.99,7.99,1.0
2025-11-30,21133400602652511301506,BAYONNE,Sales,1331709,AVOCADO OIL,CHOSEN FOODS C8T10H4P320,AVOCADO OIL CHOSEN FOODS C8T10H4P320,13,25.99,25.99,1.0
2025-11-30,21133400602652511301506,BAYONNE,Sales,3987,GRAPEFRUIT,2.27KG/5LB,GRAPEFRUIT 2.27KG/5LB,65,5.99,5.99,1.0
2025-11-30,21133400602652511301506,BAYONNE,Sales,20522,BUTTERNUT SQ,FRESH CUT 2 LBS,BUTTERNUT SQ FRESH CUT 2 LBS,65,6.99,6.99,1.0
2025-11-30,21133400602652511301506,BAYONNE,Sales,1391546,BAGEL CHIPS,SCHWARTZ 425G P324 SL90,BAGEL CHIPS SCHWARTZ 425G P324 SL90,13,7.99,7.99,1.0
2025-11-30,21133400602652511301506,BAYONNE,Sales,181679,KS COOK TIN,COOKIE TIN P200,KS COOK TIN COOKIE TIN P200,12,19.99,19.99,1.0
2025-11-30,21133400602652511301506,BAYONNE,Sales,1380620,ORGANIC OATS,2.27KG P180,ORGANIC OATS 2.27KG P180,13,9.99,9.99,1.0
2025-11-30,21133400602652511301506,BAYONNE,Sales,973920,DAVE'S WHITE,WHITE BRD DONE RIGHT SL10,DAVE'S WHITE WHITE BRD DONE RIGHT SL10,13,8.99,8.99,1.0
2025-11-30,21133400602652511301506,BAYONNE,Sales,938492,KS KETTLE,PINK SALT P120 T40H3,KS KETTLE PINK SALT P120 T40H3,12,5.99,5.99,1.0
2025-11-30,21133400602652511301506,BAYONNE,Sales,96716,ORG SPINACH,453 G / 16 OZ,ORG SPINACH 453 G / 16 OZ,65,4.29,4.29,1.0
2025-11-30,21133400602652511301506,BAYONNE,Sales,720650,MINI CUKES,680 G / 1.5 LB,MINI CUKES 680 G / 1.5 LB,65,6.49,6.49,1.0
2025-11-30,21133400602652511301506,BAYONNE,Sales,33845,FRYER THIGHS,,,61,1.79,21.71,1.0
2025-06-28,21133400401612506281206,BAYONNE,Sales,61576,SWEET POTATO,5 LBS,SWEET POTATO 5 LBS,65,4.89,4.89,1.0
2025-06-28,21133400401612506281206,BAYONNE,Sales,5001,WHITE PEACH,1.81 KG / 4 LB,WHITE PEACH 1.81 KG / 4 LB,65,11.99,11.99,1.0
2025-06-28,21133400401612506281206,BAYONNE,Sales,21046,TOMATO MEDLE,,,65,6.59,6.59,1.0
2025-06-28,21133400401612506281206,BAYONNE,Sales,96716,ORG SPINACH,453 G / 16 OZ,ORG SPINACH 453 G / 16 OZ,65,4.49,4.49,1.0
2025-06-28,21133400401612506281206,BAYONNE,Sales,1068080,PASTURE EGGS,2DZ GRADE A P360/300 SL22,PASTURE EGGS 2DZ GRADE A P360/300 SL22,17,7.99,7.99,1.0
2025-06-28,21133400401612506281206,BAYONNE,Sales,34289,PRIME TENDER,STEAK  USDA PRIME,PRIME TENDER STEAK  USDA PRIME,61,25.99,56.4,1.0
2025-06-28,21133400401612506281206,BAYONNE,Sales,1883227,LEGO SPEED,P304 FY25,LEGO SPEED P304 FY25,28,21.99,21.99,1.0
2025-06-28,21133400401612506281206,BAYONNE,Sales,3013,NECTARINE,1.81 KG / 4 LB,NECTARINE 1.81 KG / 4 LB,65,9.99,9.99,1.0
2025-06-28,21133400401612506281206,BAYONNE,Sales,18600,MANDARINS,2.27 KG / 5 LBS,MANDARINS 2.27 KG / 5 LBS,65,7.49,7.49,1.0
2025-06-28,21133400401612506281206,BAYONNE,Sales,595006,TZATZIKI DIP,12/32 OZ   7T6H   SL50,TZATZIKI DIP 12/32 OZ   7T6H   SL50,19,7.89,7.89,1.0
2025-06-28,21133400401612506281206,BAYONNE,Sales,22967,ORGNC BS THG,FRESH SADDLEPACK,ORGNC BS THG FRESH SADDLEPACK,61,5.99,33.36,1.0
2025-06-28,21133400401612506281206,BAYONNE,Sales,1462040,KS ARG SHRMP,CA 608G US 908G 6X6 P576,KS ARG SHRMP CA 608G US 908G 6X6 P576,18,21.49,21.49,1.0
2025-06-28,21133400401612506281206,BAYONNE,Sales,1634440,MIX BOUQUET,,,27,17.99,17.99,1.0
2025-06-28,21133400401612506281206,BAYONNE,Sales,1199652,BUTER CROISS,,,62,5.99,5.99,1.0
2025-06-28,21133400401612506281206,BAYONNE,Sales,1462714,KS ORG A2 PR,3/64OZ SL30 33X4 P132,KS ORG A2 PR 3/64OZ SL30 33X4 P132,17,12.99,12.99,1.0
2025-06-28,21133400401612506281206,BAYONNE,Sales,1886106,ORALB FLOSS,6PK P540,ORALB FLOSS 6PK P540,20,14.99,14.99,1.0
2025-06-28,21133400401612506281206,BAYONNE,Sales,6659,4LB HONYCRSP,,,65,12.99,12.99,1.0
2025-06-28,21133400401612506281206,BAYONNE,Sales,720650,MINI CUKES,680 G / 1.5 LB,MINI CUKES 680 G / 1.5 LB,65,5.99,5.99,1.0
2025-06-28,21133400401612506281206,BAYONNE,Sales,106173,CHKN SAUSAGE,12/3 LBS    9T5H    SL90,CHKN SAUSAGE 12/3 LBS    9T5H    SL90,19,14.99,14.99,1.0
2025-06-28,21133400401612506281206,BAYONNE,Sales,355301,/ 106173,,,19,0.0,-4.5,-1.0
2026-01-31,21133400600552601311058,BAYONNE,Sales,947880,HF NAT TRKEY,T6H4P216  SL30,HF NAT TRKEY T6H4P216  SL30,17,12.89,12.89,1.0
2026-01-31,21133400600552601311058,BAYONNE,Sales,783131,CHOC COOKIES,21OZ (60X5) P300   SL135,CHOC COOKIES 21OZ (60X5) P300   SL135,12,9.99,9.99,1.0
2026-01-31,21133400600552601311058,BAYONNE,Sales,5623,BROCCOLI,1.36 KG / 3 LB,BROCCOLI 1.36 KG / 3 LB,65,5.29,5.29,1.0
2026-01-31,21133400600552601311058,BAYONNE,Sales,206364,SLICED MOZZ,00509 SL45 T10H8,SLICED MOZZ 00509 SL45 T10H8,19,8.49,8.49,1.0
2026-01-31,21133400600552601311058,BAYONNE,Sales,8789,PINEAPPLE,EACH,PINEAPPLE EACH,65,3.49,3.49,1.0
2026-01-31,21133400600552601311058,BAYONNE,Sales,720650,MINI CUKES,680 G / 1.5 LB,MINI CUKES 680 G / 1.5 LB,65,6.49,6.49,1.0
2026-01-31,21133400600552601311058,BAYONNE,Sales,38479,ORGNC BS BST,BREAST SADDLEPACK,ORGNC BS BST BREAST SADDLEPACK,61,5.99,5.17,1.0
2026-01-31,21133400600552601311058,BAYONNE,Sales,1199652,BUTER CROISS,,,62,5.99,5.99,1.0
2026-01-31,21133400600552601311058,BAYONNE,Sales,30134,WRAPS,12 CT SL=10    8X15 P720,WRAPS 12 CT SL=10    8X15 P720,13,5.69,5.69,1.0
2026-01-31,21133400600552601311058,BAYONNE,Sales,2251987,ORG HUMMUS,12/34 OZ   8T6H   SL50,ORG HUMMUS 12/34 OZ   8T6H   SL50,19,5.89,5.89,1.0
2026-01-31,21133400600552601311058,BAYONNE,Sales,2534,CHERRIES,907 G / 2 LB,CHERRIES 907 G / 2 LB,65,9.99,9.99,1.0
2026-01-31,21133400600552601311058,BAYONNE,Sales,1747982,LESSER EVIL,LESSER EVIL P108 SL180,LESSER EVIL LESSER EVIL P108 SL180,12,5.99,5.99,1.0
2026-01-31,21133400600552601311058,BAYONNE,Sales,372789,/1747982,,,12,0.0,-1.5,-1.0
2026-01-31,21133400600552601311058,BAYONNE,Sales,362996,TERRA DLYSSA,ORGANIC OLIVE OIL    P336,TERRA DLYSSA ORGANIC OLIVE OIL    P336,13,17.89,17.89,1.0
2026-01-31,21133400600552601311058,BAYONNE,Sales,61576,SWEET POTATO,5 LBS,SWEET POTATO 5 LBS,65,4.99,4.99,1.0
2026-01-31,21133400600552601311058,BAYONNE,Sales,1363689,TURKEY BACON,COLUMBUS SL30 T6H5 P300,TURKEY BACON COLUMBUS SL30 T6H5 P300,17,15.99,15.99,1.0
2026-01-31,21133400600552601311058,BAYONNE,Sales,1895,CHERRY TOV,680 G / 1.5 LB,CHERRY TOV 680 G / 1.5 LB,65,7.99,7.99,1.0
2026-01-31,21133400600552601311058,BAYONNE,Sales,545345,KS PISTACHIO,C13T6H4 P312 SL300,KS PISTACHIO C13T6H4 P312 SL300,12,16.99,16.99,1.0
2026-01-31,21133400600552601311058,BAYONNE,Sales,595006,TZATZIKI DIP,12/32 OZ   7T6H   SL50,TZATZIKI DIP 12/32 OZ   7T6H   SL50,19,7.89,7.89,1.0
2026-01-31,21133400600552601311058,BAYONNE,Sales,512447,DAVE'S 21 WG,BREAD    SL10    P180,DAVE'S 21 WG BREAD    SL10    P180,13,8.99,8.99,1.0
2026-01-31,21133400600552601311058,BAYONNE,Sales,1710454,KEW MAYO,C16T10H5P800 SL270,KEW MAYO C16T10H5P800 SL270,13,6.39,6.39,1.0
2026-01-31,21133400600552601311058,BAYONNE,Sales,60357,MIXED PEPPER,6-PACK,MIXED PEPPER 6-PACK,65,7.49,7.49,1.0
2026-01-31,21133400600552601311058,BAYONNE,Sales,6660,ORG DANJOU,4LB BAG,ORG DANJOU 4LB BAG,65,9.49,9.49,1.0
2026-01-31,21133400600552601311058,BAYONNE,Sales,1068083,ORG FR EGGS,GRADE A T20H18 P360 SL23,ORG FR EGGS GRADE A T20H18 P360 SL23,17,7.69,7.69,1.0
2026-01-31,21133400600552601311058,BAYONNE,Sales,1462714,KS ORG A2 PR,3/64OZ SL30 33X4 P132,KS ORG A2 PR 3/64OZ SL30 33X4 P132,17,12.99,12.99,1.0
2026-01-31,21133400600552601311058,BAYONNE,Sales,2001805,SURFSNX STIK,12CT/1 OZ P480 T5H4 SL210,SURFSNX STIK 12CT/1 OZ P480 T5H4 SL210,12,17.99,17.99,1.0
2025-11-16,21133400601612511161259,BAYONNE,Sales,7725,APPLE PECAN,,,65,8.99,8.99,1.0
2025-11-16,21133400601612511161259,BAYONNE,Sales,6659,4LB HONYCRSP,,,65,6.99,6.99,1.0
2025-11-16,21133400601612511161259,BAYONNE,Sales,595006,TZATZIKI DIP,12/32 OZ   7T6H   SL50,TZATZIKI DIP 12/32 OZ   7T6H   SL50,19,7.89,7.89,1.0
2025-11-16,21133400601612511161259,BAYONNE,Sales,60357,MIXED PEPPER,6-PACK,MIXED PEPPER 6-PACK,65,6.99,6.99,1.0
2025-11-16,21133400601612511161259,BAYONNE,Sales,720650,MINI CUKES,680 G / 1.5 LB,MINI CUKES 680 G / 1.5 LB,65,6.49,12.98,2.0
2025-11-16,21133400601612511161259,BAYONNE,Sales,1830455,KS BAGUETTE,,,62,4.99,4.99,1.0
2025-11-16,21133400601612511161259,BAYONNE,Sales,21046,TOMATO MEDLE,,,65,8.99,8.99,1.0
2025-11-16,21133400601612511161259,BAYONNE,Sales,36886,ORGANIC GT,,,61,19.99,19.99,1.0
2025-11-16,21133400601612511161259,BAYONNE,Sales,6262016,**KS BATH**,1425 SQFT P30 W/US P66,**KS BATH** 1425 SQFT P30 W/US P66,14,20.99,20.99,1.0
2025-11-16,21133400601612511161259,BAYONNE,Sales,1011378,CHICK PEAS,P240 SL1095,CHICK PEAS P240 SL1095,13,7.99,7.99,1.0
2025-11-16,21133400601612511161259,BAYONNE,Sales,910270,ORG GRE BEAN,,,65,7.49,7.49,1.0
2025-11-16,21133400601612511161259,BAYONNE,Sales,519638,ORG BLUES,510 G / 18 OZ,ORG BLUES 510 G / 18 OZ,65,9.79,9.79,1.0
2025-11-16,21133400601612511161259,BAYONNE,Sales,106173,CHKN SAUSAGE,12/3 LBS    9T5H    SL90,CHKN SAUSAGE 12/3 LBS    9T5H    SL90,19,14.99,14.99,1.0
2025-11-16,21133400601612511161259,BAYONNE,Sales,1462714,KS ORG A2 PR,3/64OZ SL30 33X4 P132,KS ORG A2 PR 3/64OZ SL30 33X4 P132,17,12.99,12.99,1.0
2025-11-16,21133400601612511161259,BAYONNE,Sales,1710454,KEW MAYO,C16T10H5P800 SL270,KEW MAYO C16T10H5P800 SL270,13,6.39,6.39,1.0
2025-11-16,21133400601612511161259,BAYONNE,Sales,1068083,ORG FR EGGS,GRADE A T20H18 P360 SL23,ORG FR EGGS GRADE A T20H18 P360 SL23,17,7.69,7.69,1.0
2025-06-12,21133420201072506121555,BAYONNE,Sales,1023251,DRZZPOPCORN,POPCORN 17OZ P180 S270,DRZZPOPCORN POPCORN 17OZ P180 S270,12,6.99,6.99,1.0
2025-06-12,21133420201072506121555,BAYONNE,Sales,833684,KS TORT CHIP,P96 T32H3   SL120,KS TORT CHIP P96 T32H3   SL120,12,6.39,6.39,1.0
2025-06-12,21133420201072506121555,BAYONNE,Sales,1524407,WAGYU BEEF,1/3 LB WAGYU,WAGYU BEEF 1/3 LB WAGYU,18,25.49,25.49,1.0
2025-06-12,21133420201072506121555,BAYONNE,Sales,1883197,LEGO SUNNY,10347 FY25 P270,LEGO SUNNY 10347 FY25 P270,28,21.99,21.99,1.0
2025-06-12,21133420201072506121555,BAYONNE,Sales,1146505,HEARTY ROLL,WHTE BUN 12CT / 30 OZ,HEARTY ROLL WHTE BUN 12CT / 30 OZ,13,4.59,4.59,1.0
2025-06-12,21133420201072506121555,BAYONNE,Sales,355855,/1146505,,,13,0.0,-1.2,-1.0
2025-06-12,21133420201072506121555,BAYONNE,Sales,407600,SPIN PARM DP,PARM  T7H8  SL32,SPIN PARM DP PARM  T7H8  SL32,19,9.69,9.69,1.0
2025-06-12,21133420201072506121555,BAYONNE,Sales,1232616,TURKEY BURGR,10/5.3OZ (3.3 LBS) T8X5,TURKEY BURGR 10/5.3OZ (3.3 LBS) T8X5,18,9.99,9.99,1.0
2025-06-12,21133420201072506121555,BAYONNE,Sales,868210,HAM ROLLS,36OZ 16CT  SL9,HAM ROLLS 36OZ 16CT  SL9,13,3.79,3.79,1.0
2025-05-19,21133400202202505191324,BAYONNE,Sales,1011378,CHICK PEAS,P240 SL1095,CHICK PEAS P240 SL1095,13,7.99,7.99,1.0
2025-05-19,21133400202202505191324,BAYONNE,Sales,1199652,BUTER CROISS,,,62,5.99,5.99,1.0
2025-05-19,21133400202202505191324,BAYONNE,Sales,7812,YELLOW ONION,5 LBS,YELLOW ONION 5 LBS,65,3.99,3.99,1.0
2025-05-19,21133400202202505191324,BAYONNE,Sales,21046,TOMATO MEDLE,,,65,6.59,6.59,1.0
2025-05-19,21133400202202505191324,BAYONNE,Sales,61576,SWEET POTATO,5 LBS,SWEET POTATO 5 LBS,65,4.89,4.89,1.0
2025-05-19,21133400202202505191324,BAYONNE,Sales,43565,WHOLE DUCK,MAPLE LEAF 9X5,WHOLE DUCK MAPLE LEAF 9X5,18,3.79,19.78,1.0
2025-05-19,21133400202202505191324,BAYONNE,Sales,720650,MINI CUKES,680 G / 1.5 LB,MINI CUKES 680 G / 1.5 LB,65,5.99,5.99,1.0
2025-05-19,21133400202202505191324,BAYONNE,Sales,355155,/720650,,,65,0.0,-1.5,-1.0
2025-05-19,21133400202202505191324,BAYONNE,Sales,947880,HF NAT TRKEY,T6H4P216  SL30,HF NAT TRKEY T6H4P216  SL30,17,12.89,12.89,1.0
2025-05-19,21133400202202505191324,BAYONNE,Sales,6659,4LB HONYCRSP,,,65,11.99,11.99,1.0
2025-05-19,21133400202202505191324,BAYONNE,Sales,647465,AVOCADOS,6 COUNT,AVOCADOS 6 COUNT,65,9.59,9.59,1.0
2025-05-19,21133400202202505191324,BAYONNE,Sales,1462714,KS ORG A2 PR,3/64OZ SL30 33X4 P132,KS ORG A2 PR 3/64OZ SL30 33X4 P132,17,10.79,10.79,1.0
2025-05-19,21133400202202505191324,BAYONNE,Sales,47825,GREEN GRAPES,1.36 KG / 3 LB,GREEN GRAPES 1.36 KG / 3 LB,65,7.99,7.99,1.0
2025-05-19,21133400202202505191324,BAYONNE,Sales,5623,BROCCOLI,1.36 KG / 3 LB,BROCCOLI 1.36 KG / 3 LB,65,5.39,5.39,1.0
2025-05-19,21133400202202505191324,BAYONNE,Sales,384732,KS PURE SALT,850G,KS PURE SALT 850G,13,3.39,3.39,1.0
2025-05-19,21133400202202505191324,BAYONNE,Sales,121288,ORG BELLAS,,,65,5.99,5.99,1.0
2025-05-19,21133400202202505191324,BAYONNE,Sales,56366,RASPBERRIES,340 G / 12 OZ,RASPBERRIES 340 G / 12 OZ,65,5.49,5.49,1.0
2025-05-19,21133400202202505191324,BAYONNE,Sales,7552,WILD ALBACOR,SL360           P528,WILD ALBACOR SL360           P528,13,15.99,15.99,1.0
2024-09-13,21133400700242409131059,BAYONNE,Sales,1775302,KS PARM SSG,9/48Z T8H8 SL40 PEPP/PARM,KS PARM SSG 9/48Z T8H8 SL40 PEPP/PARM,19,11.99,11.99,1.0
2024-09-13,21133400700242409131059,BAYONNE,Sales,60357,MIXED PEPPER,6-PACK,MIXED PEPPER 6-PACK,65,6.59,6.59,1.0
2024-09-13,21133400700242409131059,BAYONNE,Sales,720650,MINI CUKES,680 G / 1.5 LB,MINI CUKES 680 G / 1.5 LB,65,6.99,6.99,1.0
2024-09-13,21133400700242409131059,BAYONNE,Sales,1258564,BEEFSTICKS,P360 T6H4 28/.5OX SL300,BEEFSTICKS P360 T6H4 28/.5OX SL300,12,16.79,16.79,1.0
2024-09-13,21133400700242409131059,BAYONNE,Sales,336535,/1258564,,,12,0.0,-3.8,-1.0
2024-09-13,21133400700242409131059,BAYONNE,Sales,18600,MANDARINS,2.27 KG / 5 LBS,MANDARINS 2.27 KG / 5 LBS,65,6.49,6.49,1.0
2024-09-13,21133400700242409131059,BAYONNE,Sales,1231917,ROJO CORN,12/32 OZ   T8H7   SL45,ROJO CORN 12/32 OZ   T8H7   SL45,19,8.89,8.89,1.0
2024-09-13,21133400700242409131059,BAYONNE,Sales,336925,/1231917,,,19,0.0,-2.3,-1.0
2024-09-13,21133400700242409131059,BAYONNE,Sales,1068083,ORG FR EGGS,GRADE A T20H18 P360 SL23,ORG FR EGGS GRADE A T20H18 P360 SL23,17,7.99,7.99,1.0
2024-09-13,21133400700242409131059,BAYONNE,Sales,703381,CHEDDAR SLCS,T10H5  SL120,CHEDDAR SLCS T10H5  SL120,17,7.99,7.99,1.0
2024-09-13,21133400700242409131059,BAYONNE,Sales,1364689,KS ORG WH MK,3/64 SL30 T33H4 P132,KS ORG WH MK 3/64 SL30 T33H4 P132,17,10.47,20.94,2.0
2024-09-13,21133400700242409131059,BAYONNE,Sales,833684,KS TORT CHIP,P96 T32H3   SL120,KS TORT CHIP P96 T32H3   SL120,12,6.49,6.49,1.0
2024-09-13,21133400700242409131059,BAYONNE,Sales,1823420,RUSTIC ITALN,,,62,5.99,5.99,1.0
2024-09-13,21133400700242409131059,BAYONNE,Sales,1825891,CANYON POP,16 OZ P126 SL182,CANYON POP 16 OZ P126 SL182,12,6.69,6.69,1.0
2024-09-13,21133400700242409131059,BAYONNE,Sales,1259349,KS WILD SHMP,16/2LB          T6H6 P576,KS WILD SHMP 16/2LB          T6H6 P576,18,20.99,20.99,1.0
2024-09-13,21133400700242409131059,BAYONNE,Sales,1199652,BUTER CROISS,,,62,5.99,5.99,1.0
2024-09-13,21133400700242409131059,BAYONNE,Sales,692731,KS ORG EVOO,SL365          P240/P320,KS ORG EVOO SL365          P240/P320,13,24.99,24.99,1.0
2024-09-13,21133400700242409131059,BAYONNE,Sales,1837572,YUZU BARK,T72H5 SL270 P360,YUZU BARK T72H5 SL270 P360,12,7.97,7.97,1.0
2024-09-13,21133400700242409131059,BAYONNE,Sales,21046,TOMATO MEDLE,,,65,6.59,6.59,1.0
2024-09-13,21133400700242409131059,BAYONNE,Sales,5276,RED GRAPES,1.36 KG / 3 LB,RED GRAPES 1.36 KG / 3 LB,65,6.29,6.29,1.0
2024-09-13,21133400700242409131059,BAYONNE,Sales,947880,HF NAT TRKEY,T6H4P216  SL30,HF NAT TRKEY T6H4P216  SL30,17,11.99,11.99,1.0
2024-09-13,21133400700242409131059,BAYONNE,Sales,8370,ORG MEDITERR,2PK,ORG MEDITERR 2PK,65,8.99,8.99,1.0
2024-09-13,21133400700242409131059,BAYONNE,Sales,376052,KS CHOCALMND,T6H5  P360 SL292,KS CHOCALMND T6H5  P360 SL292,12,14.99,14.99,1.0
2024-09-13,21133400700242409131059,BAYONNE,Sales,370,ORG EVERYTHG,CHOP SALAD KIT 2PK,ORG EVERYTHG CHOP SALAD KIT 2PK,65,8.99,8.99,1.0
2023-03-03,21133401000262303031027,BAYONNE,Sales,1150189,ORG SKINYPOP,T34H3 P102 SL110,ORG SKINYPOP T34H3 P102 SL110,12,7.49,7.49,1.0
2023-03-03,21133401000262303031027,BAYONNE,Sales,27003,STRAWBERRIES,908 G / 2 LB,STRAWBERRIES 908 G / 2 LB,65,3.99,3.99,1.0
2023-03-03,21133401000262303031027,BAYONNE,Sales,1268182,NY PASTRAMI,MEAL MART T7H10 SL60,NY PASTRAMI MEAL MART T7H10 SL60,19,12.99,12.99,1.0
2023-03-03,21133401000262303031027,BAYONNE,Sales,1364689,KS ORG WH MK,3/64 SL30 T33H4 P132,KS ORG WH MK 3/64 SL30 T33H4 P132,17,12.69,25.38,2.0
2023-03-03,21133401000262303031027,BAYONNE,Sales,1636598,**CHARMIN**,30/205 SHEET,**CHARMIN** 30/205 SHEET,14,26.49,26.49,1.0
2023-03-03,21133401000262303031027,BAYONNE,Sales,26802,CRUMBLD FETA,LACTALIS T6H6 SL60,CRUMBLD FETA LACTALIS T6H6 SL60,19,7.99,7.99,1.0
2023-03-03,21133401000262303031027,BAYONNE,Sales,1461056,BABY CUKE,,,65,5.99,5.99,1.0
2023-03-03,21133401000262303031027,BAYONNE,Sales,782796,***KSWTR40PK,P48=SE   P56=PR,***KSWTR40PK P48=SE   P56=PR,14,3.99,7.98,2.0
2023-03-03,21133401000262303031027,BAYONNE,Sales,96716,ORG SPINACH,453 G / 16 OZ,ORG SPINACH 453 G / 16 OZ,65,4.29,4.29,1.0
2023-03-03,21133401000262303031027,BAYONNE,Sales,2619,ORG BANANAS,3 LB / 1.36 KG,ORG BANANAS 3 LB / 1.36 KG,65,2.39,2.39,1.0
2023-03-03,21133401000262303031027,BAYONNE,Sales,784770,KS SPAN OLIV,SPANISH QUEEN OLIVES P360,KS SPAN OLIV SPANISH QUEEN OLIVES P360,13,11.49,11.49,1.0
2023-03-03,21133401000262303031027,BAYONNE,Sales,1285702,TOOTHPASTE,+ 3 ADDED BENEFITS   P300,TOOTHPASTE + 3 ADDED BENEFITS   P300,20,16.99,16.99,1.0
2023-03-03,21133401000262303031027,BAYONNE,Sales,25595,COCKTAIL TOM,907 G / 2 LB,COCKTAIL TOM 907 G / 2 LB,65,4.99,4.99,1.0
2023-03-03,21133401000262303031027,BAYONNE,Sales,1716298,KS ORG SALSA,6/2X35OZ   P300,KS ORG SALSA 6/2X35OZ   P300,13,8.99,8.99,1.0
2023-03-03,21133401000262303031027,BAYONNE,Sales,1391546,BAGEL CHIPS,SCHWARTZ 425G P324 SL90,BAGEL CHIPS SCHWARTZ 425G P324 SL90,13,7.99,7.99,1.0
2023-03-03,21133401000262303031027,BAYONNE,Sales,720,REYNLDS FOIL,SQ FT T180H2       P360,REYNLDS FOIL SQ FT T180H2       P360,14,19.79,19.79,1.0
2025-05-31,21133401100432505311127,BAYONNE,Sales,61576,SWEET POTATO,5 LBS,SWEET POTATO 5 LBS,65,4.89,4.89,1.0
2025-05-31,21133401100432505311127,BAYONNE,Sales,18600,MANDARINS,2.27 KG / 5 LBS,MANDARINS 2.27 KG / 5 LBS,65,6.99,6.99,1.0
2025-05-31,21133401100432505311127,BAYONNE,Sales,1462714,KS ORG A2 PR,3/64OZ SL30 33X4 P132,KS ORG A2 PR 3/64OZ SL30 33X4 P132,17,10.76,10.76,1.0
2025-05-31,21133401100432505311127,BAYONNE,Sales,647465,AVOCADOS,6 COUNT,AVOCADOS 6 COUNT,65,8.39,8.39,1.0
2025-05-31,21133401100432505311127,BAYONNE,Sales,833684,KS TORT CHIP,P96 T32H3   SL120,KS TORT CHIP P96 T32H3   SL120,12,6.39,6.39,1.0
2025-05-31,21133401100432505311127,BAYONNE,Sales,1363689,TURKEY BACON,COLUMBUS SL30 T6H5 P300,TURKEY BACON COLUMBUS SL30 T6H5 P300,17,14.99,14.99,1.0
2025-05-31,21133401100432505311127,BAYONNE,Sales,21046,TOMATO MEDLE,,,65,6.59,6.59,1.0
2025-05-31,21133401100432505311127,BAYONNE,Sales,1073013,KS 100% OJ,T10H5C4 P200 SL45 DOM70,KS 100% OJ T10H5C4 P200 SL45 DOM70,17,14.99,14.99,1.0
2025-05-31,21133401100432505311127,BAYONNE,Sales,512599,**KS TOWEL**,P45 FQ/P20 W/US P54,**KS TOWEL** P45 FQ/P20 W/US P54,14,20.49,20.49,1.0
2025-05-31,21133401100432505311127,BAYONNE,Sales,1528128,PUMA BB5PK M,FY24           P336 HP168,PUMA BB5PK M FY24           P336 HP168,39,15.49,15.49,1.0
2025-05-31,21133401100432505311127,BAYONNE,Sales,5623,BROCCOLI,1.36 KG / 3 LB,BROCCOLI 1.36 KG / 3 LB,65,6.99,6.99,1.0
2025-05-31,21133401100432505311127,BAYONNE,Sales,2619,ORG BANANAS,3 LB / 1.36 KG,ORG BANANAS 3 LB / 1.36 KG,65,2.19,2.19,1.0
2025-05-31,21133401100432505311127,BAYONNE,Sales,284601,KS ALMONDS,1.36 KG C13 T6 H5 P390,KS ALMONDS 1.36 KG C13 T6 H5 P390,12,11.99,11.99,1.0
2025-05-31,21133401100432505311127,BAYONNE,Sales,55720,HADDOCK,FILLET,HADDOCK FILLET,61,10.99,19.67,1.0
2025-05-31,21133401100432505311127,BAYONNE,Sales,22967,ORGNC BS THG,FRESH SADDLEPACK,ORGNC BS THG FRESH SADDLEPACK,61,5.99,25.34,1.0
2025-05-31,21133401100432505311127,BAYONNE,Sales,60357,MIXED PEPPER,6-PACK,MIXED PEPPER 6-PACK,65,6.99,6.99,1.0
2025-05-31,21133401100432505311127,BAYONNE,Sales,703381,CHEDDAR SLCS,T10H5  SL120,CHEDDAR SLCS T10H5  SL120,17,7.99,7.99,1.0
2025-05-31,21133401100432505311127,BAYONNE,Sales,1554937,AMYLU CK SSG,12/40Z   T8H7  SL30,AMYLU CK SSG 12/40Z   T8H7  SL30,19,14.99,14.99,1.0
2025-05-31,21133401100432505311127,BAYONNE,Sales,6130,4LB WILDTWST,,,65,8.49,8.49,1.0
2025-05-31,21133401100432505311127,BAYONNE,Sales,595006,TZATZIKI DIP,12/32 OZ   7T6H   SL50,TZATZIKI DIP 12/32 OZ   7T6H   SL50,19,7.89,7.89,1.0
2025-05-31,21133401100432505311127,BAYONNE,Sales,1391546,BAGEL CHIPS,SCHWARTZ 425G P324 SL90,BAGEL CHIPS SCHWARTZ 425G P324 SL90,13,7.99,7.99,1.0
2025-05-02,21133412200132505021113,BAYONNE,Refund,44478,BEEF RIB EYE,BONELESS  USDA CHOICE,BEEF RIB EYE BONELESS  USDA CHOICE,61,15.99,-73.71,-1.0
2025-09-02,21133400701222509021317,BAYONNE,Sales,17767,KS COFFEE,1.36K GROUND P252,KS COFFEE 1.36K GROUND P252,13,20.99,20.99,1.0
2025-09-02,21133400701222509021317,BAYONNE,Sales,2619,ORG BANANAS,3 LB / 1.36 KG,ORG BANANAS 3 LB / 1.36 KG,65,2.19,2.19,1.0
2025-09-02,21133400701222509021317,BAYONNE,Sales,7552,WILD ALBACOR,SL360           P528,WILD ALBACOR SL360           P528,13,16.99,16.99,1.0
2025-09-02,21133400701222509021317,BAYONNE,Sales,21046,TOMATO MEDLE,,,65,7.99,7.99,1.0
2025-09-02,21133400701222509021317,BAYONNE,Sales,1462714,KS ORG A2 PR,3/64OZ SL30 33X4 P132,KS ORG A2 PR 3/64OZ SL30 33X4 P132,17,12.99,12.99,1.0
2025-09-02,21133400701222509021317,BAYONNE,Sales,60357,MIXED PEPPER,6-PACK,MIXED PEPPER 6-PACK,65,6.99,6.99,1.0
2025-09-02,21133400701222509021317,BAYONNE,Sales,131,ORG BRUSSELS,2 LBS,ORG BRUSSELS 2 LBS,65,5.99,5.99,1.0
2025-09-02,21133400701222509021317,BAYONNE,Sales,1830455,KS BAGUETTE,,,62,4.99,4.99,1.0
2025-09-02,21133400701222509021317,BAYONNE,Sales,121288,ORG BELLAS,,,65,5.99,5.99,1.0
2025-09-02,21133400701222509021317,BAYONNE,Sales,1806517,H+B BLUE,P175,H+B BLUE P175,20,12.99,12.99,1.0
2025-09-02,21133400701222509021317,BAYONNE,Sales,7950,4LB COSMIC,,,65,5.99,5.99,1.0
2025-09-02,21133400701222509021317,BAYONNE,Sales,1068083,ORG FR EGGS,GRADE A T20H18 P360 SL23,ORG FR EGGS GRADE A T20H18 P360 SL23,17,7.49,7.49,1.0
2025-09-02,21133400701222509021317,BAYONNE,Sales,703381,CHEDDAR SLCS,T10H5  SL120,CHEDDAR SLCS T10H5  SL120,17,7.99,7.99,1.0
2025-09-02,21133400701222509021317,BAYONNE,Sales,1669857,POTATOCHIPS,16OZ P138 T46 H3,POTATOCHIPS 16OZ P138 T46 H3,12,5.89,5.89,1.0
2025-09-02,21133400701222509021317,BAYONNE,Sales,720650,MINI CUKES,680 G / 1.5 LB,MINI CUKES 680 G / 1.5 LB,65,5.99,5.99,1.0
2025-09-02,21133400701222509021317,BAYONNE,Sales,28839,SOCKEYE,FILLET,SOCKEYE FILLET,61,13.99,30.78,1.0
2025-09-02,21133400701222509021317,BAYONNE,Sales,3013,NECTARINE,1.81 KG / 4 LB,NECTARINE 1.81 KG / 4 LB,65,9.99,9.99,1.0
2025-09-02,21133400701222509021317,BAYONNE,Sales,428409,GLD STR REN,SYSTEM USE ONLY,GLD STR REN SYSTEM USE ONLY,95,99.99,130.0,1.0
2025-09-02,21133400701222509021317,BAYONNE,Sales,1391546,BAGEL CHIPS,SCHWARTZ 425G P324 SL90,BAGEL CHIPS SCHWARTZ 425G P324 SL90,13,7.99,7.99,1.0
2025-09-02,21133400701222509021317,BAYONNE,Sales,1335089,BAGELS,,,62,7.99,7.99,1.0
2025-09-02,21133400701222509021317,BAYONNE,Sales,26802,CRUMBLD FETA,LACTALIS T6H6 SL60,CRUMBLD FETA LACTALIS T6H6 SL60,19,6.99,6.99,1.0
2025-09-02,21133400701222509021317,BAYONNE,Sales,359700,/  26802,,,19,0.0,-2.4,-1.0
2025-09-02,21133400701222509021317,BAYONNE,Sales,983491,CRUNCHY BUTR,CRNCHY T120H5 P600,CRUNCHY BUTR CRNCHY T120H5 P600,13,14.99,14.99,1.0
2025-09-02,21133400701222509021317,BAYONNE,Sales,1932335,ONION HUMMUS,26 OZ T9H5 C20 SL 65,ONION HUMMUS 26 OZ T9H5 C20 SL 65,19,6.29,6.29,1.0
2025-09-02,21133400701222509021317,BAYONNE,Sales,1298989,CANDY SNAP,3LB SEEDLESS,CANDY SNAP 3LB SEEDLESS,65,6.99,6.99,1.0
2024-06-09,21133400701532406091357,BAYONNE,Sales,2619,ORG BANANAS,3 LB / 1.36 KG,ORG BANANAS 3 LB / 1.36 KG,65,2.19,2.19,1.0
2024-06-09,21133400701532406091357,BAYONNE,Sales,38742,SWEET CORN,8 PACK,SWEET CORN 8 PACK,65,6.99,6.99,1.0
2024-06-09,21133400701532406091357,BAYONNE,Sales,21046,TOMATO MEDLE,,,65,6.59,6.59,1.0
2024-06-09,21133400701532406091357,BAYONNE,Sales,1433291,OLDTRP JRKY,JERKY T5H4 P400 SL540,OLDTRP JRKY JERKY T5H4 P400 SL540,12,16.59,16.59,1.0
2024-06-09,21133400701532406091357,BAYONNE,Sales,568915,ORG CUCUMBER,,,65,6.99,6.99,1.0
2024-06-09,21133400701532406091357,BAYONNE,Sales,1364689,KS ORG WH MK,3/64 SL30 T33H4 P132,KS ORG WH MK 3/64 SL30 T33H4 P132,17,9.74,19.48,2.0
2024-06-09,21133400701532406091357,BAYONNE,Sales,1060788,PRETZEL CRSP,P176 T44H4 SL210,PRETZEL CRSP P176 T44H4 SL210,12,8.79,8.79,1.0
2024-06-09,21133400701532406091357,BAYONNE,Sales,327588,/1060788,,,12,0.0,-3.8,-1.0
2024-06-09,21133400701532406091357,BAYONNE,Sales,1068083,ORG FR EGGS,GRADE A T20H18 P360 SL23,ORG FR EGGS GRADE A T20H18 P360 SL23,17,7.99,7.99,1.0
2024-06-09,21133400701532406091357,BAYONNE,Sales,1604655,BK: DK BOX,VARIOUS/DK/JUVY,BK: DK BOX VARIOUS/DK/JUVY,36,20.99,20.99,1.0
2024-06-09,21133400701532406091357,BAYONNE,Sales,18600,MANDARINS,2.27 KG / 5 LBS,MANDARINS 2.27 KG / 5 LBS,65,6.49,6.49,1.0
2024-06-09,21133400701532406091357,BAYONNE,Sales,2585,HYDRO STRAW,2LB / 907 G,HYDRO STRAW 2LB / 907 G,65,6.99,6.99,1.0
2024-06-09,21133400701532406091357,BAYONNE,Sales,6652,VIDALIA ONIO,2.27 KG / 5 LBS,VIDALIA ONIO 2.27 KG / 5 LBS,65,5.99,5.99,1.0
2024-06-09,21133400701532406091357,BAYONNE,Sales,6021,PREM. PLUMS,907 G / 3 LB,PREM. PLUMS 907 G / 3 LB,65,6.99,6.99,1.0
2024-06-09,21133400701532406091357,BAYONNE,Sales,60357,MIXED PEPPER,6-PACK,MIXED PEPPER 6-PACK,65,6.99,6.99,1.0
2024-06-09,21133400701532406091357,BAYONNE,Sales,17368,STEELHEAD,FARM RAISED,STEELHEAD FARM RAISED,61,10.99,32.97,1.0
2024-06-09,21133400701532406091357,BAYONNE,Sales,45694,BAGUETTE,2 PACK,BAGUETTE 2 PACK,62,5.99,5.99,1.0
2024-06-09,21133400701532406091357,BAYONNE,Sales,703381,CHEDDAR SLCS,T10H5  SL120,CHEDDAR SLCS T10H5  SL120,17,7.99,7.99,1.0
2024-06-09,21133400701532406091357,BAYONNE,Sales,1834822,BK:BINDUPS,U4 RANDOM/,BK:BINDUPS U4 RANDOM/,36,7.49,7.49,1.0
2024-06-09,21133400701532406091357,BAYONNE,Sales,8370,ORG MEDITERR,2PK,ORG MEDITERR 2PK,65,8.99,8.99,1.0
2024-06-09,21133400701532406091357,BAYONNE,Sales,647465,AVOCADOS,6 COUNT,AVOCADOS 6 COUNT,65,8.99,8.99,1.0
2024-06-09,21133400701532406091357,BAYONNE,Sales,1619921,SPINDRIFT,LIME/GFRUIT/LEMN P70,SPINDRIFT LIME/GFRUIT/LEMN P70,14,18.89,18.89,1.0
2024-06-09,21133400701532406091357,BAYONNE,Sales,327385,/1619921,,,14,0.0,-5.0,-1.0
2024-06-09,21133400701532406091357,BAYONNE,Sales,4102,"8"" TORTILLAS",SL10  70OZ,"8"" TORTILLAS SL10  70OZ",13,5.99,5.99,1.0
2024-06-09,21133400701532406091357,BAYONNE,Sales,25107,GRLCPEPWINGS,PARTY WINGS,GRLCPEPWINGS PARTY WINGS,63,3.99,16.8,1.0
2024-06-09,21133400701532406091357,BAYONNE,Sales,1199652,BUTER CROISS,,,62,5.99,5.99,1.0
2024-06-09,21133400701532406091357,BAYONNE,Sales,5850,SWEETKALEDUO,2 X 14 OZ,SWEETKALEDUO 2 X 14 OZ,65,6.99,6.99,1.0
2025-11-23,21133400700252511231034,BAYONNE,Sales,1830455,KS BAGUETTE,,,62,4.99,4.99,1.0
2025-11-23,21133400700252511231034,BAYONNE,Sales,1462714,KS ORG A2 PR,3/64OZ SL30 33X4 P132,KS ORG A2 PR 3/64OZ SL30 33X4 P132,17,12.99,12.99,1.0
2025-11-23,21133400700252511231034,BAYONNE,Sales,3732,CRMYDILLPCKL,2 PACK,CRMYDILLPCKL 2 PACK,65,7.99,7.99,1.0
2025-11-23,21133400700252511231034,BAYONNE,Sales,39054,SWEET ONION,2.27 KG / 5 LBS,SWEET ONION 2.27 KG / 5 LBS,65,4.99,4.99,1.0
2025-11-23,21133400700252511231034,BAYONNE,Sales,6659,4LB HONYCRSP,,,65,6.99,6.99,1.0
2025-11-23,21133400700252511231034,BAYONNE,Sales,545345,KS PISTACHIO,C13T6H4 P312 SL300,KS PISTACHIO C13T6H4 P312 SL300,12,15.99,15.99,1.0
2025-11-23,21133400700252511231034,BAYONNE,Sales,519638,ORG BLUES,510 G / 18 OZ,ORG BLUES 510 G / 18 OZ,65,8.99,8.99,1.0
2025-11-23,21133400700252511231034,BAYONNE,Sales,21046,TOMATO MEDLE,,,65,8.99,8.99,1.0
2025-11-23,21133400700252511231034,BAYONNE,Sales,720650,MINI CUKES,680 G / 1.5 LB,MINI CUKES 680 G / 1.5 LB,65,6.49,6.49,1.0
2025-11-23,21133400700252511231034,BAYONNE,Sales,1984539,*CHARMINBLU*,30/213 SHEET 835SQFT P30,*CHARMINBLU* 30/213 SHEET 835SQFT P30,14,32.99,32.99,1.0
2025-11-23,21133400700252511231034,BAYONNE,Sales,2990,ORG HONEST K,JUICE SL90       P=105,ORG HONEST K JUICE SL90       P=105,13,13.99,13.99,1.0
2025-11-23,21133400700252511231034,BAYONNE,Sales,720,REYNLDS FOIL,SQ FT T180H2       P360,REYNLDS FOIL SQ FT T180H2       P360,14,25.99,25.99,1.0
2025-11-23,21133400700252511231034,BAYONNE,Sales,983491,CRUNCHY BUTR,CRNCHY T120H5 P600,CRUNCHY BUTR CRNCHY T120H5 P600,13,14.99,14.99,1.0
2025-11-23,21133400700252511231034,BAYONNE,Sales,1474436,KS TRAIL MIX,SL150 C10T6H4 P240,KS TRAIL MIX SL150 C10T6H4 P240,12,14.49,14.49,1.0
2025-11-23,21133400700252511231034,BAYONNE,Sales,6660,ORG DANJOU,4LB BAG,ORG DANJOU 4LB BAG,65,9.99,9.99,1.0
2025-11-23,21133400700252511231034,BAYONNE,Sales,1634440,MIX BOUQUET,,,27,17.99,17.99,1.0
2026-04-27,21133400103372604271856,BAYONNE,Sales,21046,TOMATO MEDLE,,,65,7.99,7.99,1.0
2026-04-27,21133400103372604271856,BAYONNE,Sales,6659,4LB HONYCRSP,,,65,8.99,8.99,1.0
2026-04-27,21133400103372604271856,BAYONNE,Sales,826365,ORG SQUASH,,,65,8.99,8.99,1.0
2026-04-27,21133400103372604271856,BAYONNE,Sales,1462714,KS ORG A2 PR,3/64OZ SL30 33X4 P132,KS ORG A2 PR 3/64OZ SL30 33X4 P132,17,12.99,12.99,1.0
2026-04-27,21133400103372604271856,BAYONNE,Sales,1199652,BUTER CROISS,,,62,5.99,5.99,1.0
2026-04-27,21133400103372604271856,BAYONNE,Sales,783131,CHOC COOKIES,21OZ (60X5) P300   SL135,CHOC COOKIES 21OZ (60X5) P300   SL135,12,9.99,9.99,1.0
2026-04-27,21133400103372604271856,BAYONNE,Sales,1747982,LESSER EVIL,LESSER EVIL P108 SL180,LESSER EVIL LESSER EVIL P108 SL180,12,5.99,5.99,1.0
2026-04-27,21133400103372604271856,BAYONNE,Sales,1068083,ORG FR EGGS,GRADE A T20H18 P360 SL23,ORG FR EGGS GRADE A T20H18 P360 SL23,17,7.69,7.69,1.0
2026-04-27,21133400103372604271856,BAYONNE,Sales,1391546,BAGEL CHIPS,SCHWARTZ 425G P324 SL90,BAGEL CHIPS SCHWARTZ 425G P324 SL90,13,7.99,7.99,1.0
2026-04-27,21133400103372604271856,BAYONNE,Sales,669434,CAPE COD RF,30OZ 680G P120/126,CAPE COD RF 30OZ 680G P120/126,12,7.99,7.99,1.0
2026-04-27,21133400103372604271856,BAYONNE,Sales,8139,ORG BART PEA,4LB BOX,ORG BART PEA 4LB BOX,65,7.99,7.99,1.0
2026-04-27,21133400103372604271856,BAYONNE,Sales,1259351,GULFSHRIMP,SHRIMP 2LBS T6H6 C16 P576,GULFSHRIMP SHRIMP 2LBS T6H6 C16 P576,18,19.99,19.99,1.0
2026-04-27,21133400103372604271856,BAYONNE,Sales,57554,BLUEBERRIES,510 G / 18 OZ,BLUEBERRIES 510 G / 18 OZ,65,7.99,7.99,1.0
2026-04-27,21133400103372604271856,BAYONNE,Sales,27201,STEELHEAD,FARM RAISED,STEELHEAD FARM RAISED,61,8.99,22.48,1.0
2026-04-27,21133400103372604271856,BAYONNE,Sales,33845,FRYER THIGHS,,,61,1.49,16.11,1.0
2026-04-27,21133400103372604271856,BAYONNE,Sales,1801,MANDARINS,3 LBS,MANDARINS 3 LBS,65,3.99,3.99,1.0
2026-04-27,21133400103372604271856,BAYONNE,Sales,60357,MIXED PEPPER,6-PACK,MIXED PEPPER 6-PACK,65,7.49,7.49,1.0
2026-04-27,21133400103372604271856,BAYONNE,Sales,720650,MINI CUKES,680 G / 1.5 LB,MINI CUKES 680 G / 1.5 LB,65,6.99,13.98,2.0
2026-01-10,21133400203442601101528,BAYONNE,Sales,83345,LEMONS,2.27 KG / 5 LB BAG,LEMONS 2.27 KG / 5 LB BAG,65,7.99,7.99,1.0
2026-01-10,21133400203442601101528,BAYONNE,Sales,1109404,KS ALMOND BT,12/27Z,KS ALMOND BT 12/27Z,13,9.99,9.99,1.0
2026-01-10,21133400203442601101528,BAYONNE,Sales,260509,POLYO STRCHZ,10/48Z P450 T9H5     SL45,POLYO STRCHZ 10/48Z P450 T9H5     SL45,17,11.99,11.99,1.0
2026-01-10,21133400203442601101528,BAYONNE,Sales,25551,SHRIMP 21/25,TAIL ON             6T 6H,SHRIMP 21/25 TAIL ON             6T 6H,18,16.99,16.99,1.0
2026-01-10,21133400203442601101528,BAYONNE,Sales,27003,STRAWBERRIES,908 G / 2 LB,STRAWBERRIES 908 G / 2 LB,65,6.99,6.99,1.0
2026-01-10,21133400203442601101528,BAYONNE,Sales,1830455,KS BAGUETTE,,,62,4.99,4.99,1.0
2026-01-10,21133400203442601101528,BAYONNE,Sales,1239519,KS FREE N CL,194 OZ P120,KS FREE N CL 194 OZ P120,14,17.99,17.99,1.0
2026-01-10,21133400203442601101528,BAYONNE,Sales,1323118,KS PARCHMENT,2X205 SQ FT P336,KS PARCHMENT 2X205 SQ FT P336,14,13.99,13.99,1.0
2026-01-10,21133400203442601101528,BAYONNE,Sales,5623,BROCCOLI,1.36 KG / 3 LB,BROCCOLI 1.36 KG / 3 LB,65,7.49,7.49,1.0
2026-01-10,21133400203442601101528,BAYONNE,Sales,6660,ORG DANJOU,4LB BAG,ORG DANJOU 4LB BAG,65,8.99,8.99,1.0
2026-01-10,21133400203442601101528,BAYONNE,Sales,60357,MIXED PEPPER,6-PACK,MIXED PEPPER 6-PACK,65,7.49,7.49,1.0
2026-01-10,21133400203442601101528,BAYONNE,Sales,512447,DAVE'S 21 WG,BREAD    SL10    P180,DAVE'S 21 WG BREAD    SL10    P180,13,8.99,8.99,1.0
2026-01-10,21133400203442601101528,BAYONNE,Sales,21046,TOMATO MEDLE,,,65,7.99,7.99,1.0
2026-01-10,21133400203442601101528,BAYONNE,Sales,427381,KS ORG EGGS,GRADE AA  P360/300  SL26,KS ORG EGGS GRADE AA  P360/300  SL26,17,7.69,7.69,1.0
2026-01-10,21133400203442601101528,BAYONNE,Sales,1462714,KS ORG A2 PR,3/64OZ SL30 33X4 P132,KS ORG A2 PR 3/64OZ SL30 33X4 P132,17,12.99,12.99,1.0
2026-01-10,21133400203442601101528,BAYONNE,Sales,1935800,PITA BREAD,,,62,6.99,6.99,1.0
2026-01-10,21133400203442601101528,BAYONNE,Sales,1991675,CHOC CHP MUF,MUFFIN 8PK - CREAM CAKE,CHOC CHP MUF MUFFIN 8PK - CREAM CAKE,62,6.99,6.99,1.0
2026-01-10,21133400203442601101528,BAYONNE,Sales,6659,4LB HONYCRSP,,,65,6.99,6.99,1.0
2026-01-10,21133400203442601101528,BAYONNE,Sales,43221,ATL COD,FILLET,ATL COD FILLET,61,13.99,32.6,1.0
2026-01-10,21133400203442601101528,BAYONNE,Sales,720650,MINI CUKES,680 G / 1.5 LB,MINI CUKES 680 G / 1.5 LB,65,6.49,6.49,1.0
2023-03-13,21133400800542303131236,BAYONNE,Sales,1267000,KS SALMON,SL30 CHILEAN SLMN 10X5,KS SALMON SL30 CHILEAN SLMN 10X5,19,23.99,23.99,1.0
2023-03-13,21133400800542303131236,BAYONNE,Sales,17387,"MSN FLOUR 8""",BBS SL 45 DAYS,"MSN FLOUR 8"" BBS SL 45 DAYS",13,5.39,5.39,1.0
2023-03-13,21133400800542303131236,BAYONNE,Sales,5938,POTATOES,4.54 KG / 10 LB,POTATOES 4.54 KG / 10 LB,65,8.29,8.29,1.0
2023-03-13,21133400800542303131236,BAYONNE,Sales,782796,***KSWTR40PK,P48=SE   P56=PR,***KSWTR40PK P48=SE   P56=PR,14,3.99,3.99,1.0
2023-03-13,21133400800542303131236,BAYONNE,Sales,1708103,STRAWCHERIOS,GM T30H4 P120,STRAWCHERIOS GM T30H4 P120,13,8.99,8.99,1.0
2023-03-13,21133400800542303131236,BAYONNE,Sales,1364689,KS ORG WH MK,3/64 SL30 T33H4 P132,KS ORG WH MK 3/64 SL30 T33H4 P132,17,12.69,12.69,1.0
2023-03-13,21133400800542303131236,BAYONNE,Sales,5720,HH STRAW,795 G / 1.75 LB,HH STRAW 795 G / 1.75 LB,65,10.99,10.99,1.0
2023-03-13,21133400800542303131236,BAYONNE,Sales,21046,TOMATO MEDLE,,,65,6.69,6.69,1.0
2023-03-13,21133400800542303131236,BAYONNE,Sales,1029407,KS CF XL EGG,2 DOZEN EGGS         SL21,KS CF XL EGG 2 DOZEN EGGS         SL21,17,5.99,5.99,1.0
2023-03-13,21133400800542303131236,BAYONNE,Sales,1716914,GRLLD CHCKN,CS10 T6H8 SL75,GRLLD CHCKN CS10 T6H8 SL75,19,9.69,9.69,1.0
2023-03-13,21133400800542303131236,BAYONNE,Sales,1453711,MISORAMEN8PK,T30H5  P150  SL150,MISORAMEN8PK T30H5  P150  SL150,13,9.99,9.99,1.0
2023-03-13,21133400800542303131236,BAYONNE,Sales,1142830,ORG MEDITERR,,,65,8.49,8.49,1.0
2023-03-13,21133400800542303131236,BAYONNE,Sales,45579,CANDY HEART,1.36 KG / 3 LB,CANDY HEART 1.36 KG / 3 LB,65,8.99,8.99,1.0
2023-03-13,21133400800542303131236,BAYONNE,Sales,17767,KS COFFEE,1.36K GROUND P252,KS COFFEE 1.36K GROUND P252,13,14.99,14.99,1.0
2023-03-13,21133400800542303131236,BAYONNE,Sales,1707534,FETA DIP,12/16 OZ 16T6H SL35,FETA DIP 12/16 OZ 16T6H SL35,19,7.49,7.49,1.0
2023-03-13,21133400800542303131236,BAYONNE,Sales,1060788,PRETZEL CRSP,P176 T44H4 SL210,PRETZEL CRSP P176 T44H4 SL210,12,8.99,8.99,1.0
2023-03-13,21133400800542303131236,BAYONNE,Sales,60357,MIXED PEPPER,6-PACK,MIXED PEPPER 6-PACK,65,7.49,7.49,1.0
2023-03-13,21133400800542303131236,BAYONNE,Sales,33845,FRYER THIGHS,,,61,1.49,14.21,1.0
2023-03-13,21133400800542303131236,BAYONNE,Sales,1461056,BABY CUKE,,,65,5.99,5.99,1.0
2026-02-14,21133412200162602141119,BAYONNE,Refund,61576,SWEET POTATO,5 LBS,SWEET POTATO 5 LBS,65,4.99,-4.99,-1.0
2024-07-13,21133400900892407131135,BAYONNE,Sales,71003,KS IT EVOO,SL540 P240,KS IT EVOO SL540 P240,13,24.99,24.99,1.0
2024-07-13,21133400900892407131135,BAYONNE,Sales,1827786,CHPTLE RANCH,CHOP SALAD KIT,CHPTLE RANCH CHOP SALAD KIT,65,7.99,7.99,1.0
2024-07-13,21133400900892407131135,BAYONNE,Sales,1150189,ORG SKINYPOP,T34H3 P102 SL110,ORG SKINYPOP T34H3 P102 SL110,12,6.99,6.99,1.0
2024-07-13,21133400900892407131135,BAYONNE,Sales,3923,LIMES 3 LB.,1.36 KG / 3 LB.,LIMES 3 LB. 1.36 KG / 3 LB.,65,4.49,4.49,1.0
2024-07-13,21133400900892407131135,BAYONNE,Sales,2619,ORG BANANAS,3 LB / 1.36 KG,ORG BANANAS 3 LB / 1.36 KG,65,2.19,2.19,1.0
2024-07-13,21133400900892407131135,BAYONNE,Sales,1068083,ORG FR EGGS,GRADE A T20H18 P360 SL23,ORG FR EGGS GRADE A T20H18 P360 SL23,17,7.99,7.99,1.0
2024-07-13,21133400900892407131135,BAYONNE,Sales,1364689,KS ORG WH MK,3/64 SL30 T33H4 P132,KS ORG WH MK 3/64 SL30 T33H4 P132,17,9.74,19.48,2.0
2024-07-13,21133400900892407131135,BAYONNE,Sales,1701960,FLORAL ARRNG,LARGE VASE,FLORAL ARRNG LARGE VASE,27,24.99,24.99,1.0
2024-07-13,21133400900892407131135,BAYONNE,Sales,21046,TOMATO MEDLE,,,65,6.59,6.59,1.0
2024-07-13,21133400900892407131135,BAYONNE,Sales,568915,ORG CUCUMBER,,,65,5.99,5.99,1.0
2024-07-13,21133400900892407131135,BAYONNE,Sales,45694,BAGUETTE,2 PACK,BAGUETTE 2 PACK,62,5.99,5.99,1.0
2024-07-13,21133400900892407131135,BAYONNE,Sales,96716,ORG SPINACH,453 G / 16 OZ,ORG SPINACH 453 G / 16 OZ,65,4.49,4.49,1.0
2024-07-13,21133400900892407131135,BAYONNE,Sales,53747,2LB RAINIER,,,65,9.99,9.99,1.0
2024-07-13,21133400900892407131135,BAYONNE,Sales,36886,ORGANIC GT,,,61,19.99,19.99,1.0
2023-12-31,21133400901852312311137,BAYONNE,Sales,647465,AVOCADOS,6 COUNT,AVOCADOS 6 COUNT,65,5.99,5.99,1.0
2023-12-31,21133400901852312311137,BAYONNE,Sales,568915,ORG CUCUMBER,,,65,3.99,3.99,1.0
2023-12-31,21133400901852312311137,BAYONNE,Sales,1016215,SHARPCHEDDAR,15OZ P126 SL150DAYS,SHARPCHEDDAR 15OZ P126 SL150DAYS,12,7.59,7.59,1.0
2023-12-31,21133400901852312311137,BAYONNE,Sales,320105,/1016215,,,12,0.0,-1.6,-1.0
2023-12-31,21133400901852312311137,BAYONNE,Sales,782796,***KSWTR40PK,P48=SE   P56=PR,***KSWTR40PK P48=SE   P56=PR,14,3.99,7.98,2.0
2023-12-31,21133400901852312311137,BAYONNE,Sales,983491,CRUNCHY BUTR,CRUNCHY TX480  P600 SL365,CRUNCHY BUTR CRUNCHY TX480  P600 SL365,13,14.99,14.99,1.0
2023-12-31,21133400901852312311137,BAYONNE,Sales,6659,4LB HONYCRSP,,,65,5.99,5.99,1.0
2023-12-31,21133400901852312311137,BAYONNE,Sales,427381,KS ORG EGGS,GRADE AA  P360/300  SL26,KS ORG EGGS GRADE AA  P360/300  SL26,17,7.49,7.49,1.0
2023-12-31,21133400901852312311137,BAYONNE,Sales,21046,TOMATO MEDLE,,,65,5.99,5.99,1.0
2023-12-31,21133400901852312311137,BAYONNE,Sales,5850,SWEETKALEDUO,2 X 14 OZ,SWEETKALEDUO 2 X 14 OZ,65,6.99,6.99,1.0
2023-12-31,21133400901852312311137,BAYONNE,Sales,5938,POTATOES,4.54 KG / 10 LB,POTATOES 4.54 KG / 10 LB,65,5.99,5.99,1.0
2023-12-31,21133400901852312311137,BAYONNE,Sales,4102,"8"" TORTILLAS",SL10  70OZ,"8"" TORTILLAS SL10  70OZ",13,5.99,5.99,1.0
2023-12-31,21133400901852312311137,BAYONNE,Sales,22967,ORGNC BS THG,FRESH SADDLEPACK,ORGNC BS THG FRESH SADDLEPACK,61,5.99,32.83,1.0
2023-12-31,21133400901852312311137,BAYONNE,Sales,993449,ORGANIC PSTA,ORGANIC PASTA SL365  P144,ORGANIC PSTA ORGANIC PASTA SL365  P144,13,9.99,9.99,1.0
2023-12-31,21133400901852312311137,BAYONNE,Sales,1773119,**CHARMIN**,30/213 SHEET 835SQFT P30,**CHARMIN** 30/213 SHEET 835SQFT P30,14,29.99,29.99,1.0
2023-12-31,21133400901852312311137,BAYONNE,Sales,319112,/1773119,,,14,0.0,-6.5,-1.0
2023-12-31,21133400901852312311137,BAYONNE,Sales,2619,ORG BANANAS,3 LB / 1.36 KG,ORG BANANAS 3 LB / 1.36 KG,65,1.99,1.99,1.0
2023-12-31,21133400901852312311137,BAYONNE,Sales,1364689,KS ORG WH MK,3/64 SL30 T33H4 P132,KS ORG WH MK 3/64 SL30 T33H4 P132,17,11.99,23.98,2.0
2023-12-31,21133400901852312311137,BAYONNE,Sales,5623,BROCCOLI,1.36 KG / 3 LB,BROCCOLI 1.36 KG / 3 LB,65,6.99,6.99,1.0
2023-12-31,21133400901852312311137,BAYONNE,Sales,6995,GOLD KIWI,3 LBS,GOLD KIWI 3 LBS,65,10.49,10.49,1.0
2023-06-19,21133400600192306191050,BAYONNE,Sales,782796,***KSWTR40PK,P48=SE   P56=PR,***KSWTR40PK P48=SE   P56=PR,14,3.99,7.98,2.0
2023-06-19,21133400600192306191050,BAYONNE,Sales,60357,MIXED PEPPER,6-PACK,MIXED PEPPER 6-PACK,65,7.49,7.49,1.0
2023-06-19,21133400600192306191050,BAYONNE,Sales,983491,CRUNCHY BUTR,CRUNCHY TX480  P600 SL365,CRUNCHY BUTR CRUNCHY TX480  P600 SL365,13,14.99,29.98,2.0
2023-06-19,21133400600192306191050,BAYONNE,Sales,813734,POTATO ROLL,16 CT 30 OZ,POTATO ROLL 16 CT 30 OZ,13,6.89,6.89,1.0
2023-06-19,21133400600192306191050,BAYONNE,Sales,1142830,ORG MEDITERR,,,65,8.49,8.49,1.0
2023-06-19,21133400600192306191050,BAYONNE,Sales,28251,ORZO PASTA,PASTA SALAD,ORZO PASTA PASTA SALAD,63,6.49,12.98,1.0
2023-06-19,21133400600192306191050,BAYONNE,Sales,260509,POLYO STRCHZ,10/48Z P450 T9H5     SL45,POLYO STRCHZ 10/48Z P450 T9H5     SL45,17,11.49,11.49,1.0
2023-06-19,21133400600192306191050,BAYONNE,Sales,305692,/ 260509,,,17,0.0,-3.5,-1.0
2023-06-19,21133400600192306191050,BAYONNE,Sales,2619,ORG BANANAS,3 LB / 1.36 KG,ORG BANANAS 3 LB / 1.36 KG,65,2.39,2.39,1.0
2023-06-19,21133400600192306191050,BAYONNE,Sales,4165758,KS COLD BREW,12X325ML P196,KS COLD BREW 12X325ML P196,14,14.99,14.99,1.0
2023-06-19,21133400600192306191050,BAYONNE,Sales,38742,SWEET CORN,8 PACK,SWEET CORN 8 PACK,65,7.49,7.49,1.0
2023-06-19,21133400600192306191050,BAYONNE,Sales,1364689,KS ORG WH MK,3/64 SL30 T33H4 P132,KS ORG WH MK 3/64 SL30 T33H4 P132,17,12.69,25.38,2.0
2023-06-19,21133400600192306191050,BAYONNE,Sales,460862,VAR SLICED,ANDERSON T7H10 SL90,VAR SLICED ANDERSON T7H10 SL90,19,9.79,9.79,1.0
2023-06-19,21133400600192306191050,BAYONNE,Sales,568915,ORG CUCUMBER,,,65,5.99,5.99,1.0
2023-06-19,21133400600192306191050,BAYONNE,Sales,33666,BEEF RIBEYE,BONELESS USDA CHOICE,BEEF RIBEYE BONELESS USDA CHOICE,61,12.99,63.91,1.0
2023-06-19,21133400600192306191050,BAYONNE,Sales,1634440,MIX BOUQUET,,,27,16.99,16.99,1.0
2023-06-19,21133400600192306191050,BAYONNE,Sales,30205,SALMON,FILLET FARM RAISED,SALMON FILLET FARM RAISED,61,10.99,29.56,1.0
2023-06-19,21133400600192306191050,BAYONNE,Sales,427381,KS ORG EGGS,GRADE AA  P360/300  SL26,KS ORG EGGS GRADE AA  P360/300  SL26,17,7.89,7.89,1.0
2023-06-19,21133400600192306191050,BAYONNE,Sales,938492,KS KETTLE,HMLYN SLT P120 T40H3,KS KETTLE HMLYN SLT P120 T40H3,12,6.29,6.29,1.0
2023-06-19,21133400600192306191050,BAYONNE,Sales,21020,VINE TOMATO,,,65,6.99,6.99,1.0
2023-06-19,21133400600192306191050,BAYONNE,Sales,1434832,CANDY GRAPE,ORG RED CANDY SNAP GRAPE,CANDY GRAPE ORG RED CANDY SNAP GRAPE,65,9.99,9.99,1.0
2026-03-01,21133400702382603011510,BAYONNE,Sales,60357,MIXED PEPPER,6-PACK,MIXED PEPPER 6-PACK,65,7.49,7.49,1.0
2026-03-01,21133400702382603011510,BAYONNE,Sales,1068083,ORG FR EGGS,GRADE A T20H18 P360 SL23,ORG FR EGGS GRADE A T20H18 P360 SL23,17,7.69,7.69,1.0
2026-03-01,21133400702382603011510,BAYONNE,Sales,1363689,TURKEY BACON,COLUMBUS SL30 T6H5 P300,TURKEY BACON COLUMBUS SL30 T6H5 P300,17,15.99,15.99,1.0
2026-03-01,21133400702382603011510,BAYONNE,Sales,30134,WRAPS,12 CT SL=10    8X15 P720,WRAPS 12 CT SL=10    8X15 P720,13,5.69,5.69,1.0
2026-03-01,21133400702382603011510,BAYONNE,Sales,1462714,KS ORG A2 PR,3/64OZ SL30 33X4 P132,KS ORG A2 PR 3/64OZ SL30 33X4 P132,17,12.99,12.99,1.0
2026-03-01,21133400702382603011510,BAYONNE,Sales,1717856,3M SONGE X24,SCRUB SPONGE 24CT P=300,3M SONGE X24 SCRUB SPONGE 24CT P=300,14,14.99,14.99,1.0
2026-03-01,21133400702382603011510,BAYONNE,Sales,512447,DAVE'S 21 WG,BREAD    SL10    P180,DAVE'S 21 WG BREAD    SL10    P180,13,8.99,8.99,1.0
2026-03-01,21133400702382603011510,BAYONNE,Sales,4893,CREAM CHEESE,C6T18H6 P648 SL45,CREAM CHEESE C6T18H6 P648 SL45,17,10.99,10.99,1.0
2026-03-01,21133400702382603011510,BAYONNE,Sales,83345,LEMONS,2.27 KG / 5 LB BAG,LEMONS 2.27 KG / 5 LB BAG,65,7.99,7.99,1.0
2026-03-01,21133400702382603011510,BAYONNE,Sales,96716,ORG SPINACH,453 G / 16 OZ,ORG SPINACH 453 G / 16 OZ,65,4.99,4.99,1.0
2026-03-01,21133400702382603011510,BAYONNE,Sales,1199652,BUTER CROISS,,,62,5.99,5.99,1.0
2026-03-01,21133400702382603011510,BAYONNE,Sales,260509,POLYO STRCHZ,10/48Z P450 T9H5     SL45,POLYO STRCHZ 10/48Z P450 T9H5     SL45,17,11.89,11.89,1.0
2026-03-01,21133400702382603011510,BAYONNE,Sales,375125,/  260509,,,17,0.0,-3.9,-1.0
2026-03-01,21133400702382603011510,BAYONNE,Sales,6659,4LB HONYCRSP,,,65,7.99,7.99,1.0
2026-03-01,21133400702382603011510,BAYONNE,Sales,21046,TOMATO MEDLE,,,65,7.99,7.99,1.0
2026-03-01,21133400702382603011510,BAYONNE,Sales,2585,HYDRO STRAW,2LB / 907 G,HYDRO STRAW 2LB / 907 G,65,10.99,10.99,1.0
2026-03-01,21133400702382603011510,BAYONNE,Sales,720650,MINI CUKES,680 G / 1.5 LB,MINI CUKES 680 G / 1.5 LB,65,6.49,6.49,1.0
2026-03-01,21133400702382603011510,BAYONNE,Sales,947880,HF NAT TRKEY,T6H4P216  SL30,HF NAT TRKEY T6H4P216  SL30,17,12.89,12.89,1.0
2026-03-01,21133400702382603011510,BAYONNE,Sales,1984095,GRAZA 2 PACK,(2/25.35 OZ) C8T10H4P320,GRAZA 2 PACK (2/25.35 OZ) C8T10H4P320,13,18.99,18.99,1.0
2026-03-01,21133400702382603011510,BAYONNE,Sales,61576,SWEET POTATO,5 LBS,SWEET POTATO 5 LBS,65,4.99,4.99,1.0
2026-03-01,21133400702382603011510,BAYONNE,Sales,384962,KS U/S QTRS,SL90,KS U/S QTRS SL90,17,8.49,8.49,1.0
2024-12-07,21133400800052412071006,BAYONNE,Sales,1448382,CAKE-VANILLA,VANILLA CHEESECAKE MOUSSE,CAKE-VANILLA VANILLA CHEESECAKE MOUSSE,62,15.99,15.99,1.0
2024-12-07,21133400800052412071006,BAYONNE,Sales,1221092,ARTISAN ROLL,12 COUNT,ARTISAN ROLL 12 COUNT,62,5.99,5.99,1.0
2024-12-07,21133400800052412071006,BAYONNE,Sales,1298989,CANDY SNAP,3LB SEEDLESS,CANDY SNAP 3LB SEEDLESS,65,8.99,8.99,1.0
2024-12-07,21133400800052412071006,BAYONNE,Sales,1026583,SKINNYPOP 28,T8H7 P56 SL110,SKINNYPOP 28 T8H7 P56 SL110,12,13.99,13.99,1.0
2024-12-07,21133400800052412071006,BAYONNE,Sales,1162288,KS ORG EVOO,EV OLIVE OIL 1L SL340P672,KS ORG EVOO EV OLIVE OIL 1L SL340P672,13,17.69,17.69,1.0
2024-12-07,21133400800052412071006,BAYONNE,Sales,17767,KS COFFEE,1.36K GROUND P252,KS COFFEE 1.36K GROUND P252,13,14.99,14.99,1.0
2024-12-07,21133400800052412071006,BAYONNE,Sales,5938,POTATOES,4.54 KG / 10 LB,POTATOES 4.54 KG / 10 LB,65,5.99,5.99,1.0
2024-12-07,21133400800052412071006,BAYONNE,Sales,3806,4LB SNPDRGON,,,65,5.99,5.99,1.0
2024-12-07,21133400800052412071006,BAYONNE,Sales,61576,SWEET POTATO,5 LBS,SWEET POTATO 5 LBS,65,4.99,4.99,1.0
2024-12-07,21133400800052412071006,BAYONNE,Sales,947880,HF NAT TRKEY,T6H4P216  SL30,HF NAT TRKEY T6H4P216  SL30,17,12.89,12.89,1.0
2024-12-07,21133400800052412071006,BAYONNE,Sales,7907,HONEYNUTSQSH,,,65,5.99,5.99,1.0
2024-12-07,21133400800052412071006,BAYONNE,Sales,1364689,KS ORG WH MK,3/64 SL30 T33H4 P132,KS ORG WH MK 3/64 SL30 T33H4 P132,17,10.47,10.47,1.0
2024-12-07,21133400800052412071006,BAYONNE,Sales,21046,TOMATO MEDLE,,,65,6.59,6.59,1.0
2023-06-03,21133420300542306031111,BAYONNE,Sales,1548648,FREEZIES,DEEBEES C12T5H5 P300,FREEZIES DEEBEES C12T5H5 P300,13,9.99,9.99,1.0
2023-06-03,21133420300542306031111,BAYONNE,Sales,302490,/1548648,,,13,0.0,-3.0,-1.0
2023-06-03,21133420300542306031111,BAYONNE,Sales,1489206,PRINGLES VTY,36/1.36OZ P56 SL450 T14H4,PRINGLES VTY 36/1.36OZ P56 SL450 T14H4,12,23.99,23.99,1.0
2023-06-03,21133420300542306031111,BAYONNE,Sales,39595,SPECIAL CHOC,CHOCOLATE CAKE,SPECIAL CHOC CHOCOLATE CAKE,62,24.99,24.99,1.0
2023-06-03,21133420300542306031111,BAYONNE,Sales,1013100,GLDFSH 45CT,SL140     P90,GLDFSH 45CT SL140     P90,12,12.99,12.99,1.0
2025-03-09,21133400902242503091312,BAYONNE,Sales,842994,ORG MANGOS,,,65,7.99,7.99,1.0
2025-03-09,21133400902242503091312,BAYONNE,Sales,703381,CHEDDAR SLCS,T10H5  SL120,CHEDDAR SLCS T10H5  SL120,17,7.99,7.99,1.0
2025-03-09,21133400902242503091312,BAYONNE,Sales,1363689,TURKEY BACON,COLUMBUS SL30 T6H5 P300,TURKEY BACON COLUMBUS SL30 T6H5 P300,17,14.99,14.99,1.0
2025-03-09,21133400902242503091312,BAYONNE,Sales,1830455,KS BAGUETTE,,,62,4.99,4.99,1.0
2025-03-09,21133400902242503091312,BAYONNE,Sales,720650,MINI CUKES,680 G / 1.5 LB,MINI CUKES 680 G / 1.5 LB,65,6.99,6.99,1.0
2025-03-09,21133400902242503091312,BAYONNE,Sales,7445,10LB BAKERS,4.5KG / 10 LB,10LB BAKERS 4.5KG / 10 LB,65,6.59,6.59,1.0
2025-03-09,21133400902242503091312,BAYONNE,Sales,6659,4LB HONYCRSP,,,65,9.99,9.99,1.0
2025-03-09,21133400902242503091312,BAYONNE,Sales,5276,RED GRAPES,1.36 KG / 3 LB,RED GRAPES 1.36 KG / 3 LB,65,7.99,7.99,1.0
2025-03-09,21133400902242503091312,BAYONNE,Sales,7367,LOLLIPEPPERS,680 G / 1.5 LB,LOLLIPEPPERS 680 G / 1.5 LB,65,5.99,5.99,1.0
2025-03-09,21133400902242503091312,BAYONNE,Sales,800182,BREAD ITALIA,SCHMIDT         SL9,BREAD ITALIA SCHMIDT         SL9,13,4.49,4.49,1.0
2025-03-09,21133400902242503091312,BAYONNE,Sales,2585,HYDRO STRAW,2LB / 907 G,HYDRO STRAW 2LB / 907 G,65,8.49,8.49,1.0
2025-03-09,21133400902242503091312,BAYONNE,Sales,36886,ORGANIC GT,,,61,19.99,19.99,1.0
2025-03-09,21133400902242503091312,BAYONNE,Sales,121288,ORG BELLAS,,,65,5.89,5.89,1.0
2025-03-09,21133400902242503091312,BAYONNE,Sales,1883227,LEGO SPEED,P304 FY25,LEGO SPEED P304 FY25,28,21.99,21.99,1.0
2025-03-09,21133400902242503091312,BAYONNE,Sales,21046,TOMATO MEDLE,,,65,6.59,6.59,1.0
2025-03-09,21133400902242503091312,BAYONNE,Sales,8370,ORG MEDITERR,2PK,ORG MEDITERR 2PK,65,8.99,8.99,1.0
2025-03-09,21133400902242503091312,BAYONNE,Sales,96716,ORG SPINACH,453 G / 16 OZ,ORG SPINACH 453 G / 16 OZ,65,4.49,4.49,1.0
2025-03-01,21133401102052503011210,BAYONNE,Sales,1773119,**CHARMIN**,30/213 SHEET 835SQFT P30,**CHARMIN** 30/213 SHEET 835SQFT P30,14,30.89,30.89,1.0
2025-03-01,21133401102052503011210,BAYONNE,Sales,349051,/ 1773119,,,14,0.0,-6.0,-1.0
2025-03-01,21133401102052503011210,BAYONNE,Sales,1710454,KEW MAYO,T10H5  SL 270  P800,KEW MAYO T10H5  SL 270  P800,13,6.49,6.49,1.0
2025-03-01,21133401102052503011210,BAYONNE,Sales,1172471,IRISH BUTTER,C15 T9H5 P675  SL90,IRISH BUTTER C15 T9H5 P675  SL90,17,15.49,15.49,1.0
2025-03-01,21133401102052503011210,BAYONNE,Sales,7367,LOLLIPEPPERS,680 G / 1.5 LB,LOLLIPEPPERS 680 G / 1.5 LB,65,5.99,5.99,1.0
2025-03-01,21133401102052503011210,BAYONNE,Sales,1263833,D&W ORG TURK,C=14 4T11H SL=35,D&W ORG TURK C=14 4T11H SL=35,17,18.99,18.99,1.0
2025-03-01,21133401102052503011210,BAYONNE,Sales,2585,HYDRO STRAW,2LB / 907 G,HYDRO STRAW 2LB / 907 G,65,9.99,9.99,1.0
2025-03-01,21133401102052503011210,BAYONNE,Sales,1485523,KS ORG FLOUR,2/10 LB P112,KS ORG FLOUR 2/10 LB P112,13,17.49,17.49,1.0
2025-03-01,21133401102052503011210,BAYONNE,Sales,1489812,PUMA SOCK,FY24           P288 HP144,PUMA SOCK FY24           P288 HP144,39,14.79,14.79,1.0
2025-03-01,21133401102052503011210,BAYONNE,Sales,21046,TOMATO MEDLE,,,65,6.59,6.59,1.0
2025-03-01,21133401102052503011210,BAYONNE,Sales,6659,4LB HONYCRSP,,,65,9.99,9.99,1.0
2025-03-01,21133401102052503011210,BAYONNE,Sales,1462040,KS ARG SHRMP,CA 608G US 908G 6X6 P576,KS ARG SHRMP CA 608G US 908G 6X6 P576,18,21.49,21.49,1.0
2025-03-01,21133401102052503011210,BAYONNE,Sales,1150189,ORG SKINYPOP,T34H3 P102 SL110,ORG SKINYPOP T34H3 P102 SL110,12,6.99,6.99,1.0
2025-03-01,21133401102052503011210,BAYONNE,Sales,993449,ORGANIC PSTA,ORGANIC PASTA SL365  P144,ORGANIC PSTA ORGANIC PASTA SL365  P144,13,9.59,9.59,1.0
2025-03-01,21133401102052503011210,BAYONNE,Sales,1462714,KS ORG A2 PR,3/64OZ SL30 33X4 P132,KS ORG A2 PR 3/64OZ SL30 33X4 P132,17,13.59,13.59,1.0
2025-03-01,21133401102052503011210,BAYONNE,Sales,1266378,CC TUSCAN,INFUSED KETTLE CHIPS 25OZ,CC TUSCAN INFUSED KETTLE CHIPS 25OZ,12,7.99,7.99,1.0
2025-03-01,21133401102052503011210,BAYONNE,Sales,1830455,KS BAGUETTE,,,62,4.99,4.99,1.0
2025-03-01,21133401102052503011210,BAYONNE,Sales,47292,SOCK SALMON,FILLET PREVIOUSLY FROZEN,SOCK SALMON FILLET PREVIOUSLY FROZEN,61,12.99,40.53,2.0
2025-03-01,21133401102052503011210,BAYONNE,Sales,7552,WILD ALBACOR,SL360           P528,WILD ALBACOR SL360           P528,13,15.99,15.99,1.0
2025-03-01,21133401102052503011210,BAYONNE,Sales,60357,MIXED PEPPER,6-PACK,MIXED PEPPER 6-PACK,65,6.99,6.99,1.0
2025-03-01,21133401102052503011210,BAYONNE,Sales,22967,ORGNC BS THG,FRESH SADDLEPACK,ORGNC BS THG FRESH SADDLEPACK,61,5.99,32.83,1.0
2025-03-01,21133401102052503011210,BAYONNE,Sales,1778835,HK TBRUSHY,P360,HK TBRUSHY P360,20,9.99,9.99,1.0
2025-03-01,21133401102052503011210,BAYONNE,Sales,1540707,ORANGE GUAVA,NECTAR 128OZ SL243,ORANGE GUAVA NECTAR 128OZ SL243,13,5.99,5.99,1.0
2025-03-01,21133401102052503011210,BAYONNE,Sales,720650,MINI CUKES,680 G / 1.5 LB,MINI CUKES 680 G / 1.5 LB,65,6.99,6.99,1.0
2024-07-26,21133400901182407261213,BAYONNE,Sales,938492,KS KETTLE,PINK SALT P120 T40H3,KS KETTLE PINK SALT P120 T40H3,12,5.99,5.99,1.0
2024-07-26,21133400901182407261213,BAYONNE,Sales,384732,KS PURE SALT,850G,KS PURE SALT 850G,13,3.39,3.39,1.0
2024-07-26,21133400901182407261213,BAYONNE,Sales,6659,4LB HONYCRSP,,,65,8.99,8.99,1.0
2024-07-26,21133400901182407261213,BAYONNE,Sales,1073076,CANDY GRAPES,3LB CLAMSHELL,CANDY GRAPES 3LB CLAMSHELL,65,8.99,8.99,1.0
2026-02-07,21133400203432602071621,BAYONNE,Sales,702669,BLACKBERRIES,340 G / 12 OZ,BLACKBERRIES 340 G / 12 OZ,65,4.99,4.99,1.0
2026-02-07,21133400203432602071621,BAYONNE,Sales,1949060,GRAZA HUMMUS,C20 9T5H  SL65,GRAZA HUMMUS C20 9T5H  SL65,19,7.49,7.49,1.0
2026-02-07,21133400203432602071621,BAYONNE,Sales,6659,4LB HONYCRSP,,,65,6.99,6.99,1.0
2026-02-07,21133400203432602071621,BAYONNE,Sales,96716,ORG SPINACH,453 G / 16 OZ,ORG SPINACH 453 G / 16 OZ,65,4.29,4.29,1.0
2026-02-07,21133400203432602071621,BAYONNE,Sales,910270,ORG GRE BEAN,,,65,7.99,7.99,1.0
2026-02-07,21133400203432602071621,BAYONNE,Sales,21046,TOMATO MEDLE,,,65,7.99,7.99,1.0
2026-02-07,21133400203432602071621,BAYONNE,Sales,1199652,BUTER CROISS,,,62,5.99,5.99,1.0
2026-02-07,21133400203432602071621,BAYONNE,Sales,720650,MINI CUKES,680 G / 1.5 LB,MINI CUKES 680 G / 1.5 LB,65,6.49,6.49,1.0
2026-02-07,21133400203432602071621,BAYONNE,Sales,1462040,KS ARG SHRMP,CA 608G US 908G 6X6 P576,KS ARG SHRMP CA 608G US 908G 6X6 P576,18,19.99,19.99,1.0
2026-02-07,21133400203432602071621,BAYONNE,Sales,1830455,KS BAGUETTE,,,62,4.99,4.99,1.0
2026-02-07,21133400203432602071621,BAYONNE,Sales,1847476,CHX/VGPTSTKR,LING LING C9T6H4P216,CHX/VGPTSTKR LING LING C9T6H4P216,18,11.59,11.59,1.0
2026-02-07,21133400203432602071621,BAYONNE,Sales,22995,ORGANIC DRUM,SADDLEPACK,ORGANIC DRUM SADDLEPACK,61,1.99,8.38,1.0
2026-02-07,21133400203432602071621,BAYONNE,Sales,2585,HYDRO STRAW,2LB / 907 G,HYDRO STRAW 2LB / 907 G,65,10.99,10.99,1.0
2026-02-07,21133400203432602071621,BAYONNE,Sales,1462714,KS ORG A2 PR,3/64OZ SL30 33X4 P132,KS ORG A2 PR 3/64OZ SL30 33X4 P132,17,12.99,12.99,1.0
2026-02-07,21133400203432602071621,BAYONNE,Sales,516822,KS ORG STOCK,KS ORGANIC   SL292   P150,KS ORG STOCK KS ORGANIC   SL292   P150,13,8.99,8.99,1.0
2026-02-07,21133400203432602071621,BAYONNE,Sales,60357,MIXED PEPPER,6-PACK,MIXED PEPPER 6-PACK,65,7.49,7.49,1.0
2025-06-29,21133412300342506291144,BAYONNE,Refund,1883227,LEGO SPEED,P304 FY25,LEGO SPEED P304 FY25,28,21.99,-21.99,-1.0
2025-06-29,21133412300342506291144,BAYONNE,Refund,1886106,ORALB FLOSS,6PK P540,ORALB FLOSS 6PK P540,20,14.99,-14.99,-1.0
2025-06-29,21133412300342506291144,BAYONNE,Refund,18600,MANDARINS,2.27 KG / 5 LBS,MANDARINS 2.27 KG / 5 LBS,65,7.49,-7.49,-1.0
2024-07-21,21133400700232407211056,BAYONNE,Sales,1280655,ORG CSR KIT,,,65,8.99,8.99,1.0
2024-07-21,21133400700232407211056,BAYONNE,Sales,1231917,ROJO CORN,12/32 OZ   T8H7   SL45,ROJO CORN 12/32 OZ   T8H7   SL45,19,8.89,8.89,1.0
2024-07-21,21133400700232407211056,BAYONNE,Sales,1364689,KS ORG WH MK,3/64 SL30 T33H4 P132,KS ORG WH MK 3/64 SL30 T33H4 P132,17,11.89,11.89,1.0
2024-07-21,21133400700232407211056,BAYONNE,Sales,6652,VIDALIA ONIO,2.27 KG / 5 LBS,VIDALIA ONIO 2.27 KG / 5 LBS,65,5.99,5.99,1.0
2024-07-21,21133400700232407211056,BAYONNE,Sales,703381,CHEDDAR SLCS,T10H5  SL120,CHEDDAR SLCS T10H5  SL120,17,7.99,7.99,1.0
2024-07-21,21133400700232407211056,BAYONNE,Sales,106173,CHKN SAUSAGE,12/3 LBS    9T5H    SL90,CHKN SAUSAGE 12/3 LBS    9T5H    SL90,19,14.99,14.99,1.0
2024-07-21,21133400700232407211056,BAYONNE,Sales,330507,/106173,,,19,0.0,-4.3,-1.0
2024-07-21,21133400700232407211056,BAYONNE,Sales,1685307,EXPO 21CT,P72,EXPO 21CT P72,21,15.99,15.99,1.0
2024-07-21,21133400700232407211056,BAYONNE,Sales,332687,/1685307,,,21,0.0,-3.5,-1.0
2024-07-21,21133400700232407211056,BAYONNE,Sales,421793,KS STRAWPRES,STRAWBERRY  SL270    P576,KS STRAWPRES STRAWBERRY  SL270    P576,13,7.99,7.99,1.0
2024-07-21,21133400700232407211056,BAYONNE,Sales,370,ORG EVERYTHG,CHOP SALAD KIT 2PK,ORG EVERYTHG CHOP SALAD KIT 2PK,65,8.99,8.99,1.0
2024-07-21,21133400700232407211056,BAYONNE,Sales,1820753,FRUITCHEERIO,P=140 SL149,FRUITCHEERIO P=140 SL149,13,9.79,9.79,1.0
2024-07-21,21133400700232407211056,BAYONNE,Sales,60357,MIXED PEPPER,6-PACK,MIXED PEPPER 6-PACK,65,6.99,6.99,1.0
2024-07-21,21133400700232407211056,BAYONNE,Sales,27003,STRAWBERRIES,908 G / 2 LB,STRAWBERRIES 908 G / 2 LB,65,4.89,4.89,1.0
2024-07-21,21133400700232407211056,BAYONNE,Sales,6406,KSSTEAKSTRIP,C30T5H3 P450        SL300,KSSTEAKSTRIP C30T5H3 P450        SL300,12,10.99,10.99,1.0
2024-07-21,21133400700232407211056,BAYONNE,Sales,568915,ORG CUCUMBER,,,65,5.99,5.99,1.0
2024-07-21,21133400700232407211056,BAYONNE,Sales,21046,TOMATO MEDLE,,,65,6.59,6.59,1.0
2024-07-21,21133400700232407211056,BAYONNE,Sales,1391546,BAGEL CHIPS,SCHWARTZ 425G P324 SL90,BAGEL CHIPS SCHWARTZ 425G P324 SL90,13,7.99,7.99,1.0
2024-07-21,21133400700232407211056,BAYONNE,Sales,333300,/1391546,,,13,0.0,-1.6,-1.0
2024-07-21,21133400700232407211056,BAYONNE,Sales,331100,POTATOES,2.27 KG / 5 LB,POTATOES 2.27 KG / 5 LB,65,8.29,8.29,1.0
2024-07-21,21133400700232407211056,BAYONNE,Sales,43221,ATL COD,FILLET,ATL COD FILLET,61,9.99,23.08,1.0
2024-07-21,21133400700232407211056,BAYONNE,Sales,260509,POLYO STRCHZ,10/48Z P450 T9H5     SL45,POLYO STRCHZ 10/48Z P450 T9H5     SL45,17,11.49,11.49,1.0
2024-07-21,21133400700232407211056,BAYONNE,Sales,5623,BROCCOLI,1.36 KG / 3 LB,BROCCOLI 1.36 KG / 3 LB,65,6.99,6.99,1.0
2024-07-21,21133400700232407211056,BAYONNE,Sales,47266,ORG BS THIGH,FRESH SADDLEPACK,ORG BS THIGH FRESH SADDLEPACK,61,5.99,25.64,1.0
2024-07-21,21133400700232407211056,BAYONNE,Sales,5001,WHITE PEACH,1.81 KG / 4 LB,WHITE PEACH 1.81 KG / 4 LB,65,8.99,8.99,1.0
2024-07-21,21133400700232407211056,BAYONNE,Sales,6659,4LB HONYCRSP,,,65,8.99,8.99,1.0
2024-07-21,21133400700232407211056,BAYONNE,Sales,1593426,KOSHER SALT,P540 T9H5,KOSHER SALT P540 T9H5,13,2.89,2.89,1.0
2024-07-21,21133400700232407211056,BAYONNE,Sales,1457557,KS BAGEL SEA,C20 LYR180,KS BAGEL SEA C20 LYR180,13,6.79,6.79,1.0
2024-07-21,21133400700232407211056,BAYONNE,Sales,833684,KS TORT CHIP,P96 T32H3   SL120,KS TORT CHIP P96 T32H3   SL120,12,6.49,6.49,1.0
2025-12-13,21133401001222512131520,BAYONNE,Sales,5623,BROCCOLI,1.36 KG / 3 LB,BROCCOLI 1.36 KG / 3 LB,65,7.49,7.49,1.0
2025-12-13,21133401001222512131520,BAYONNE,Sales,1068083,ORG FR EGGS,GRADE A T20H18 P360 SL23,ORG FR EGGS GRADE A T20H18 P360 SL23,17,7.69,7.69,1.0
2025-12-13,21133401001222512131520,BAYONNE,Sales,1363689,TURKEY BACON,COLUMBUS SL30 T6H5 P300,TURKEY BACON COLUMBUS SL30 T6H5 P300,17,14.99,14.99,1.0
2025-12-13,21133401001222512131520,BAYONNE,Sales,6659,4LB HONYCRSP,,,65,6.99,6.99,1.0
2025-12-13,21133401001222512131520,BAYONNE,Sales,5276,RED GRAPES,1.36 KG / 3 LB,RED GRAPES 1.36 KG / 3 LB,65,6.79,6.79,1.0
2025-12-13,21133401001222512131520,BAYONNE,Sales,1462714,KS ORG A2 PR,3/64OZ SL30 33X4 P132,KS ORG A2 PR 3/64OZ SL30 33X4 P132,17,12.99,12.99,1.0
2025-12-13,21133401001222512131520,BAYONNE,Sales,720650,MINI CUKES,680 G / 1.5 LB,MINI CUKES 680 G / 1.5 LB,65,6.49,6.49,1.0
2025-12-13,21133401001222512131520,BAYONNE,Sales,703381,CHEDDAR SLCS,T9H3P270 SL120,CHEDDAR SLCS T9H3P270 SL120,17,8.69,8.69,1.0
2025-12-13,21133401001222512131520,BAYONNE,Sales,1830455,KS BAGUETTE,,,62,4.99,4.99,1.0
2025-12-13,21133401001222512131520,BAYONNE,Sales,1953897,TUSCAN WHITE,BREAD 2/27OZ,TUSCAN WHITE BREAD 2/27OZ,13,8.89,8.89,1.0
2025-12-13,21133401001222512131520,BAYONNE,Sales,38742,SWEET CORN,8 PACK,SWEET CORN 8 PACK,65,7.99,7.99,1.0
2025-12-13,21133401001222512131520,BAYONNE,Sales,186626,PARMIGIANO,15/1LB T6X11 P990  SL120,PARMIGIANO 15/1LB T6X11 P990  SL120,19,17.99,17.99,1.0
2025-12-13,21133401001222512131520,BAYONNE,Sales,14234,CABOT 3 VTY,9/3-7OZ T10H6    SL100,CABOT 3 VTY 9/3-7OZ T10H6    SL100,19,8.99,8.99,1.0
2025-12-13,21133401001222512131520,BAYONNE,Sales,21046,TOMATO MEDLE,,,65,8.99,8.99,1.0
2025-01-27,21133401205552501271756,BAYONNE,Sales,7367,LOLLIPEPPERS,680 G / 1.5 LB,LOLLIPEPPERS 680 G / 1.5 LB,65,5.99,5.99,1.0
2025-01-27,21133401205552501271756,BAYONNE,Sales,7552,WILD ALBACOR,SL360           P528,WILD ALBACOR SL360           P528,13,15.99,15.99,1.0
2025-01-27,21133401205552501271756,BAYONNE,Sales,346654,/7552,,,13,0.0,-3.5,-1.0
2025-01-27,21133401205552501271756,BAYONNE,Sales,21046,TOMATO MEDLE,,,65,6.59,6.59,1.0
2025-01-27,21133401205552501271756,BAYONNE,Sales,1011378,CHICK PEAS,P240 .,CHICK PEAS P240 .,13,7.99,7.99,1.0
2025-01-27,21133401205552501271756,BAYONNE,Sales,1819212,CHED/SNACK,12/15 OZ T6H4 SL 60,CHED/SNACK 12/15 OZ T6H4 SL 60,19,9.99,9.99,1.0
2025-01-27,21133401205552501271756,BAYONNE,Sales,1830455,KS BAGUETTE,,,62,4.99,4.99,1.0
2025-01-27,21133401205552501271756,BAYONNE,Sales,847909,GHIR.BROWNIE,TRIPLE CHOCOLATE MIX P192,GHIR.BROWNIE TRIPLE CHOCOLATE MIX P192,13,14.99,14.99,1.0
2025-01-27,21133401205552501271756,BAYONNE,Sales,27003,STRAWBERRIES,908 G / 2 LB,STRAWBERRIES 908 G / 2 LB,65,7.99,7.99,1.0
2025-01-27,21133401205552501271756,BAYONNE,Sales,720650,MINI CUKES,680 G / 1.5 LB,MINI CUKES 680 G / 1.5 LB,65,6.99,6.99,1.0
2025-01-27,21133401205552501271756,BAYONNE,Sales,1298989,CANDY SNAP,3LB SEEDLESS,CANDY SNAP 3LB SEEDLESS,65,6.99,6.99,1.0
2025-01-27,21133401205552501271756,BAYONNE,Sales,96716,ORG SPINACH,453 G / 16 OZ,ORG SPINACH 453 G / 16 OZ,65,4.49,4.49,1.0
2025-01-27,21133401205552501271756,BAYONNE,Sales,5623,BROCCOLI,1.36 KG / 3 LB,BROCCOLI 1.36 KG / 3 LB,65,2.99,2.99,1.0
2025-01-27,21133401205552501271756,BAYONNE,Sales,186626,PARMIGIANO,15/1LB T6X11 P990  SL120,PARMIGIANO 15/1LB T6X11 P990  SL120,19,14.69,14.69,1.0
2025-01-27,21133401205552501271756,BAYONNE,Sales,80487,BRUSSEL SPRT,907 G / 2 LB,BRUSSEL SPRT 907 G / 2 LB,65,4.99,4.99,1.0
2025-01-27,21133401205552501271756,BAYONNE,Sales,3741,4LB ENVY,,,65,6.99,6.99,1.0
2025-01-27,21133401205552501271756,BAYONNE,Sales,1827786,CHPTLE RANCH,CHOP SALAD KIT,CHPTLE RANCH CHOP SALAD KIT,65,7.99,7.99,1.0
2023-06-25,21133420501242306251417,BAYONNE,Sales,5850,SWEETKALEDUO,2 X 14 OZ,SWEETKALEDUO 2 X 14 OZ,65,6.99,6.99,1.0
2023-06-25,21133420501242306251417,BAYONNE,Sales,5623,BROCCOLI,1.36 KG / 3 LB,BROCCOLI 1.36 KG / 3 LB,65,6.29,6.29,1.0
2023-06-25,21133420501242306251417,BAYONNE,Sales,1266604,647 ITALIAN,LOW CARB BREAD,647 ITALIAN LOW CARB BREAD,13,6.69,6.69,1.0
2023-06-25,21133420501242306251417,BAYONNE,Sales,1434832,CANDY GRAPE,ORG RED CANDY SNAP GRAPE,CANDY GRAPE ORG RED CANDY SNAP GRAPE,65,9.99,9.99,1.0
2023-06-25,21133420501242306251417,BAYONNE,Sales,1328034,32DS BOXER,FY22 P528 HP264,32DS BOXER FY22 P528 HP264,39,12.99,12.99,1.0
2023-06-25,21133420501242306251417,BAYONNE,Sales,40551,DUNG. CRAB,CRAB SECTIONS,DUNG. CRAB CRAB SECTIONS,61,9.99,16.88,1.0
2023-06-25,21133420501242306251417,BAYONNE,Sales,782796,***KSWTR40PK,P48=SE   P56=PR,***KSWTR40PK P48=SE   P56=PR,14,3.99,3.99,1.0
2023-06-25,21133420501242306251417,BAYONNE,Sales,425354,KOSHER MNSTR,ANDERSON T14H7  SL90,KOSHER MNSTR ANDERSON T14H7  SL90,19,10.99,10.99,1.0
2023-06-25,21133420501242306251417,BAYONNE,Sales,36886,ORGANIC GT,,,61,19.99,19.99,1.0
2023-06-25,21133420501242306251417,BAYONNE,Sales,1716914,GRLLD CHCKN,CS10 T6H8 SL55,GRLLD CHCKN CS10 T6H8 SL55,19,9.69,9.69,1.0
2023-06-25,21133420501242306251417,BAYONNE,Sales,1529345,ALM TORTILLA,20CT T6H5 P540 SL60,ALM TORTILLA 20CT T6H5 P540 SL60,17,11.89,11.89,1.0
2023-06-25,21133420501242306251417,BAYONNE,Sales,106173,CHKN SAUSAGE,12/3 LBS    9T5H    SL90,CHKN SAUSAGE 12/3 LBS    9T5H    SL90,19,14.99,14.99,1.0
2023-06-25,21133420501242306251417,BAYONNE,Sales,305118,/ 106173,,,19,0.0,-4.3,-1.0
2023-06-25,21133420501242306251417,BAYONNE,Sales,2585,HYDRO STRAW,2LB / 907 G,HYDRO STRAW 2LB / 907 G,65,5.99,5.99,1.0
2024-04-06,21133400401732404061437,BAYONNE,Sales,38742,SWEET CORN,8 PACK,SWEET CORN 8 PACK,65,6.99,6.99,1.0
2024-04-06,21133400401732404061437,BAYONNE,Sales,5623,BROCCOLI,1.36 KG / 3 LB,BROCCOLI 1.36 KG / 3 LB,65,6.99,6.99,1.0
2024-04-06,21133400401732404061437,BAYONNE,Sales,21046,TOMATO MEDLE,,,65,6.59,6.59,1.0
2024-04-06,21133400401732404061437,BAYONNE,Sales,647465,AVOCADOS,6 COUNT,AVOCADOS 6 COUNT,65,6.99,6.99,1.0
2024-04-06,21133400401732404061437,BAYONNE,Sales,427381,KS ORG EGGS,GRADE AA  P360/300  SL26,KS ORG EGGS GRADE AA  P360/300  SL26,17,7.59,7.59,1.0
2024-04-06,21133400401732404061437,BAYONNE,Sales,2585,HYDRO STRAW,2LB / 907 G,HYDRO STRAW 2LB / 907 G,65,8.49,8.49,1.0
2024-04-06,21133400401732404061437,BAYONNE,Sales,47292,SOCK SALMON,FILLET PREVIOUSLY FROZEN,SOCK SALMON FILLET PREVIOUSLY FROZEN,61,9.99,17.48,1.0
2024-04-06,21133400401732404061437,BAYONNE,Sales,1364689,KS ORG WH MK,3/64 SL30 T33H4 P132,KS ORG WH MK 3/64 SL30 T33H4 P132,17,11.99,11.99,1.0
2024-04-06,21133400401732404061437,BAYONNE,Sales,106173,CHKN SAUSAGE,12/3 LBS    9T5H    SL90,CHKN SAUSAGE 12/3 LBS    9T5H    SL90,19,14.99,14.99,1.0
2024-04-06,21133400401732404061437,BAYONNE,Sales,326357,/ 106173,,,19,0.0,-4.0,-1.0
2024-04-06,21133400401732404061437,BAYONNE,Sales,60357,MIXED PEPPER,6-PACK,MIXED PEPPER 6-PACK,65,7.39,7.39,1.0
2024-04-06,21133400401732404061437,BAYONNE,Sales,45694,BAGUETTE,2 PACK,BAGUETTE 2 PACK,62,5.99,5.99,1.0
2024-04-06,21133400401732404061437,BAYONNE,Sales,8370,ORG MEDITERR,2PK,ORG MEDITERR 2PK,65,8.99,8.99,1.0
2024-04-06,21133400401732404061437,BAYONNE,Sales,22967,ORGNC BS THG,FRESH SADDLEPACK,ORGNC BS THG FRESH SADDLEPACK,61,5.99,32.83,1.0
2024-04-06,21133400401732404061437,BAYONNE,Sales,568915,ORG CUCUMBER,,,65,5.99,5.99,1.0
2024-04-06,21133400401732404061437,BAYONNE,Sales,983491,CRUNCHY BUTR,CRUNCHY TX480  P600 SL365,CRUNCHY BUTR CRUNCHY TX480  P600 SL365,13,14.99,44.97,3.0
2024-04-06,21133400401732404061437,BAYONNE,Sales,2619,ORG BANANAS,3 LB / 1.36 KG,ORG BANANAS 3 LB / 1.36 KG,65,2.19,2.19,1.0
2024-11-17,21024400901582411171254,EAST HANOVER,Sales,1558900,AIRTAG 4PK,MX542AM/A,AIRTAG 4PK MX542AM/A,24,79.99,79.99,1.0
2024-11-17,21024400901582411171254,EAST HANOVER,Sales,33666,BEEF RIBEYE,BONELESS USDA CHOICE,BEEF RIBEYE BONELESS USDA CHOICE,61,14.99,57.71,1.0
2024-11-17,21024400901582411171254,EAST HANOVER,Sales,1298989,CANDY SNAP,3LB SEEDLESS,CANDY SNAP 3LB SEEDLESS,65,8.99,8.99,1.0
2024-11-17,21024400901582411171254,EAST HANOVER,Sales,96716,ORG SPINACH,453 G / 16 OZ,ORG SPINACH 453 G / 16 OZ,65,4.99,4.99,1.0
2024-11-17,21024400901582411171254,EAST HANOVER,Sales,720650,MINI CUKES,680 G / 1.5 LB,MINI CUKES 680 G / 1.5 LB,65,6.99,6.99,1.0
2024-11-17,21024400901582411171254,EAST HANOVER,Sales,47266,ORG BS THIGH,FRESH SADDLEPACK,ORG BS THIGH FRESH SADDLEPACK,61,5.99,31.15,1.0
2024-11-17,21024400901582411171254,EAST HANOVER,Sales,21046,TOMATO MEDLE,,,65,7.99,7.99,1.0
2024-11-17,21024400901582411171254,EAST HANOVER,Sales,8370,ORG MEDITERR,2PK,ORG MEDITERR 2PK,65,8.99,8.99,1.0
2024-11-17,21024400901582411171254,EAST HANOVER,Sales,6659,4LB HONYCRSP,,,65,8.99,8.99,1.0
2024-11-17,21024400901582411171254,EAST HANOVER,Sales,1199652,BUTER CROISS,,,62,5.99,5.99,1.0
2024-11-17,21024400901582411171254,EAST HANOVER,Sales,202193,MINI PEPPERS,680 G / 1.5 LB,MINI PEPPERS 680 G / 1.5 LB,65,4.99,4.99,1.0
2024-11-17,21024400901582411171254,EAST HANOVER,Sales,512599,**KS TOWEL**,P45 FQ/P20 W/US P54,**KS TOWEL** P45 FQ/P20 W/US P54,14,19.99,19.99,1.0
2024-11-17,21024400901582411171254,EAST HANOVER,Sales,975,"REYNOLDS 18""",2X150 SQFT     P320T160H2,"REYNOLDS 18"" 2X150 SQFT     P320T160H2",14,19.99,19.99,1.0
2023-09-05,21133400803182309051510,BAYONNE,Sales,703381,CHEDDAR SLCS,T10H5  SL120,CHEDDAR SLCS T10H5  SL120,17,7.99,7.99,1.0
2023-09-05,21133400803182309051510,BAYONNE,Sales,60357,MIXED PEPPER,6-PACK,MIXED PEPPER 6-PACK,65,6.99,6.99,1.0
2023-09-05,21133400803182309051510,BAYONNE,Sales,4102,"8"" TORTILLAS",SL10  70OZ,"8"" TORTILLAS SL10  70OZ",13,5.99,5.99,1.0
2023-09-05,21133400803182309051510,BAYONNE,Sales,947880,HF NAT TRKEY,T6H4P216  SL30,HF NAT TRKEY T6H4P216  SL30,17,11.99,11.99,1.0
2023-09-05,21133400803182309051510,BAYONNE,Sales,21046,TOMATO MEDLE,,,65,6.59,6.59,1.0
2023-09-05,21133400803182309051510,BAYONNE,Sales,5276,RED GRAPES,1.36 KG / 3 LB,RED GRAPES 1.36 KG / 3 LB,65,5.99,5.99,1.0
2023-09-05,21133400803182309051510,BAYONNE,Sales,1266604,647 ITALIAN,LOW CARB BREAD,647 ITALIAN LOW CARB BREAD,13,6.69,6.69,1.0
2023-09-05,21133400803182309051510,BAYONNE,Sales,1364689,KS ORG WH MK,3/64 SL30 T33H4 P132,KS ORG WH MK 3/64 SL30 T33H4 P132,17,12.49,24.98,2.0
2023-09-05,21133400803182309051510,BAYONNE,Sales,595006,TZATZIKI DIP,12/32 OZ   7T6H   SL50,TZATZIKI DIP 12/32 OZ   7T6H   SL50,19,7.89,7.89,1.0
2023-09-05,21133400803182309051510,BAYONNE,Sales,2619,ORG BANANAS,3 LB / 1.36 KG,ORG BANANAS 3 LB / 1.36 KG,65,1.99,1.99,1.0
2023-09-05,21133400803182309051510,BAYONNE,Sales,428409,GLD STR REN,SYSTEM USE ONLY,GLD STR REN SYSTEM USE ONLY,95,99.99,120.0,1.0
2023-09-05,21133400803182309051510,BAYONNE,Sales,180973,SARDINESNOIL,SKINLESS BESS SL1095 P432,SARDINESNOIL SKINLESS BESS SL1095 P432,13,10.99,10.99,1.0
2023-09-05,21133400803182309051510,BAYONNE,Sales,17368,STEELHEAD,FARM RAISED,STEELHEAD FARM RAISED,61,10.99,22.42,1.0
2023-09-05,21133400803182309051510,BAYONNE,Sales,3732,CRMYDILLPCKL,2 PACK,CRMYDILLPCKL 2 PACK,65,7.99,7.99,1.0
2023-09-05,21133400803182309051510,BAYONNE,Sales,16790,SHRIMP,WHITE SHRIMP 9/14 CT,SHRIMP WHITE SHRIMP 9/14 CT,61,21.99,21.99,1.0
2023-09-05,21133400803182309051510,BAYONNE,Sales,983491,CRUNCHY BUTR,CRUNCHY TX480  P600 SL365,CRUNCHY BUTR CRUNCHY TX480  P600 SL365,13,14.99,14.99,1.0
2023-09-05,21133400803182309051510,BAYONNE,Sales,647465,AVOCADOS,6 COUNT,AVOCADOS 6 COUNT,65,6.29,6.29,1.0
2023-09-05,21133400803182309051510,BAYONNE,Sales,1634440,MIX BOUQUET,,,27,16.99,16.99,1.0
2023-09-05,21133400803182309051510,BAYONNE,Sales,18600,MANDARINS,2.27 KG / 5 LBS,MANDARINS 2.27 KG / 5 LBS,65,7.69,7.69,1.0
2023-09-05,21133400803182309051510,BAYONNE,Sales,1461056,BABY CUKE,,,65,5.99,5.99,1.0
2023-09-05,21133400803182309051510,BAYONNE,Sales,782796,***KSWTR40PK,P48=SE   P56=PR,***KSWTR40PK P48=SE   P56=PR,14,3.99,7.98,2.0
2023-09-05,21133400803182309051510,BAYONNE,Sales,45694,BAGUETTE,2 PACK,BAGUETTE 2 PACK,62,5.99,5.99,1.0
2025-08-18,21133400403632508181520,BAYONNE,Sales,316689,BRN RICE RMN,850G LOTUS FOODS P240,BRN RICE RMN 850G LOTUS FOODS P240,13,9.99,9.99,1.0
2025-08-18,21133400403632508181520,BAYONNE,Sales,7552,WILD ALBACOR,SL360           P528,WILD ALBACOR SL360           P528,13,16.99,16.99,1.0
2025-08-18,21133400403632508181520,BAYONNE,Sales,412,ORG. CARROTS,2 X 907 G / 2LB,ORG. CARROTS 2 X 907 G / 2LB,65,5.69,5.69,1.0
2025-08-18,21133400403632508181520,BAYONNE,Sales,1830455,KS BAGUETTE,,,62,4.99,4.99,1.0
2025-08-18,21133400403632508181520,BAYONNE,Sales,1932335,ONION HUMMUS,26 OZ T9H5 C20 SL 65,ONION HUMMUS 26 OZ T9H5 C20 SL 65,19,6.29,6.29,1.0
2025-08-18,21133400403632508181520,BAYONNE,Sales,910270,ORG GRE BEAN,,,65,6.99,6.99,1.0
2025-08-18,21133400403632508181520,BAYONNE,Sales,22967,ORGNC BS THG,FRESH SADDLEPACK,ORGNC BS THG FRESH SADDLEPACK,61,5.99,26.42,1.0
2025-08-18,21133400403632508181520,BAYONNE,Sales,7367,LOLLIPEPPERS,680 G / 1.5 LB,LOLLIPEPPERS 680 G / 1.5 LB,65,6.99,6.99,1.0
2025-08-18,21133400403632508181520,BAYONNE,Sales,7950,4LB COSMIC,,,65,5.99,5.99,1.0
2025-08-18,21133400403632508181520,BAYONNE,Sales,21046,TOMATO MEDLE,,,65,6.59,6.59,1.0
2025-08-18,21133400403632508181520,BAYONNE,Sales,2619,ORG BANANAS,3 LB / 1.36 KG,ORG BANANAS 3 LB / 1.36 KG,65,2.19,2.19,1.0
2025-08-18,21133400403632508181520,BAYONNE,Sales,106173,CHKN SAUSAGE,12/3 LBS    9T5H    SL90,CHKN SAUSAGE 12/3 LBS    9T5H    SL90,19,14.99,14.99,1.0
2025-08-18,21133400403632508181520,BAYONNE,Sales,361095,/106173,,,19,0.0,-3.5,-1.0
2025-08-18,21133400403632508181520,BAYONNE,Sales,33149,KS GOUDA,"12/2.0# RW LA T12H7 SL90","KS GOUDA 12/2.0# RW LA T12H7 SL90",19,5.89,11.84,1.0
2025-08-18,21133400403632508181520,BAYONNE,Sales,720650,MINI CUKES,680 G / 1.5 LB,MINI CUKES 680 G / 1.5 LB,65,5.99,5.99,1.0
2025-08-18,21133400403632508181520,BAYONNE,Sales,5623,BROCCOLI,1.36 KG / 3 LB,BROCCOLI 1.36 KG / 3 LB,65,6.99,6.99,1.0
2025-08-18,21133400403632508181520,BAYONNE,Sales,121288,ORG BELLAS,,,65,5.99,5.99,1.0
2025-08-18,21133400403632508181520,BAYONNE,Sales,1267000,KS SALMON,SL30 CHILEAN SLMN 10X5,KS SALMON SL30 CHILEAN SLMN 10X5,19,23.99,23.99,1.0
2025-08-18,21133400403632508181520,BAYONNE,Sales,1462714,KS ORG A2 PR,3/64OZ SL30 33X4 P132,KS ORG A2 PR 3/64OZ SL30 33X4 P132,17,12.99,12.99,1.0
2025-08-18,21133400403632508181520,BAYONNE,Sales,1298989,CANDY SNAP,3LB SEEDLESS,CANDY SNAP 3LB SEEDLESS,65,6.99,6.99,1.0
2025-04-27,21133401103642504271633,BAYONNE,Sales,1891634,SALMON BITES,CS9 T6H6 SL28,SALMON BITES CS9 T6H6 SL28,19,15.99,15.99,1.0
2025-04-27,21133401103642504271633,BAYONNE,Sales,1363689,TURKEY BACON,COLUMBUS SL30 T6H5 P300,TURKEY BACON COLUMBUS SL30 T6H5 P300,17,14.99,14.99,1.0
2025-04-27,21133401103642504271633,BAYONNE,Sales,5938,POTATOES,4.54 KG / 10 LB,POTATOES 4.54 KG / 10 LB,65,6.99,6.99,1.0
2025-04-27,21133401103642504271633,BAYONNE,Sales,21046,TOMATO MEDLE,,,65,5.29,5.29,1.0
2025-04-27,21133401103642504271633,BAYONNE,Sales,96716,ORG SPINACH,453 G / 16 OZ,ORG SPINACH 453 G / 16 OZ,65,4.49,4.49,1.0
2025-04-27,21133401103642504271633,BAYONNE,Sales,1199652,BUTER CROISS,,,62,5.99,5.99,1.0
2025-04-27,21133401103642504271633,BAYONNE,Sales,1760836,LODGE GRILL,FY25 P96,LODGE GRILL FY25 P96,32,24.99,24.99,1.0
2025-04-27,21133401103642504271633,BAYONNE,Sales,947880,HF NAT TRKEY,T6H4P216  SL30,HF NAT TRKEY T6H4P216  SL30,17,12.89,12.89,1.0
2025-04-27,21133401103642504271633,BAYONNE,Sales,703381,CHEDDAR SLCS,T10H5  SL120,CHEDDAR SLCS T10H5  SL120,17,7.99,7.99,1.0
2025-04-27,21133401103642504271633,BAYONNE,Sales,1259351,GULFSHRIMP,SHRIMP 2LBS T6H6 C16 P576,GULFSHRIMP SHRIMP 2LBS T6H6 C16 P576,18,17.79,17.79,1.0
2025-04-27,21133401103642504271633,BAYONNE,Sales,1462714,KS ORG A2 PR,3/64OZ SL30 33X4 P132,KS ORG A2 PR 3/64OZ SL30 33X4 P132,17,10.76,10.76,1.0
2025-04-27,21133401103642504271633,BAYONNE,Sales,1451835,ANDOUILLE SG,CKN SSG 12/40Z 8T7H SL40,ANDOUILLE SG CKN SSG 12/40Z 8T7H SL40,19,14.99,14.99,1.0
2025-04-27,21133401103642504271633,BAYONNE,Sales,6659,4LB HONYCRSP,,,65,11.99,11.99,1.0
2025-04-27,21133401103642504271633,BAYONNE,Sales,1267000,KS SALMON,SL30 CHILEAN SLMN 10X5,KS SALMON SL30 CHILEAN SLMN 10X5,19,22.99,22.99,1.0
2025-04-27,21133401103642504271633,BAYONNE,Sales,27003,STRAWBERRIES,908 G / 2 LB,STRAWBERRIES 908 G / 2 LB,65,4.99,4.99,1.0
2025-04-27,21133401103642504271633,BAYONNE,Sales,1830455,KS BAGUETTE,,,62,4.99,4.99,1.0
2025-04-27,21133401103642504271633,BAYONNE,Sales,44478,BEEF RIB EYE,BONELESS  USDA CHOICE,BEEF RIB EYE BONELESS  USDA CHOICE,61,15.99,73.71,1.0
2025-04-27,21133401103642504271633,BAYONNE,Sales,1331709,AVOCADO OIL,CHOSEN FOODS C8T10H4P320,AVOCADO OIL CHOSEN FOODS C8T10H4P320,13,23.79,23.79,1.0
2025-04-27,21133401103642504271633,BAYONNE,Sales,720650,MINI CUKES,680 G / 1.5 LB,MINI CUKES 680 G / 1.5 LB,65,5.99,5.99,1.0
2025-04-27,21133401103642504271633,BAYONNE,Sales,61576,SWEET POTATO,5 LBS,SWEET POTATO 5 LBS,65,4.89,4.89,1.0
2025-04-27,21133401103642504271633,BAYONNE,Sales,1773119,**CHARMIN**,30/213 SHEET 835SQFT P30,**CHARMIN** 30/213 SHEET 835SQFT P30,14,30.89,30.89,1.0
2025-04-27,21133401103642504271633,BAYONNE,Sales,842994,ORG MANGOS,,,65,8.99,8.99,1.0
2025-04-27,21133401103642504271633,BAYONNE,Sales,1011378,CHICK PEAS,P240 SL1095,CHICK PEAS P240 SL1095,13,7.99,7.99,1.0
2025-04-27,21133401103642504271633,BAYONNE,Sales,316689,BRN RICE RMN,850G LOTUS FOODS P240,BRN RICE RMN 850G LOTUS FOODS P240,13,8.99,8.99,1.0
2025-04-27,21133401103642504271633,BAYONNE,Sales,595006,TZATZIKI DIP,12/32 OZ   7T6H   SL50,TZATZIKI DIP 12/32 OZ   7T6H   SL50,19,7.89,7.89,1.0
2025-04-27,21133401103642504271633,BAYONNE,Sales,60357,MIXED PEPPER,6-PACK,MIXED PEPPER 6-PACK,65,6.99,6.99,1.0
2025-04-27,21133401103642504271633,BAYONNE,Sales,7552,WILD ALBACOR,SL360           P528,WILD ALBACOR SL360           P528,13,15.99,15.99,1.0
2025-04-27,21133401103642504271633,BAYONNE,Sales,351890,/7552,,,13,0.0,-3.5,-1.0
2026-05-16,21133400604572605161834,BAYONNE,Sales,1068083,ORG FR EGGS,GRADE A T20H18 P360 SL23,ORG FR EGGS GRADE A T20H18 P360 SL23,17,7.69,7.69,1.0
2026-05-16,21133400604572605161834,BAYONNE,Sales,1897142,JALAPENOLIME,26 OZ  T9H5  SL 65,JALAPENOLIME 26 OZ  T9H5  SL 65,19,6.59,6.59,1.0
2026-05-16,21133400604572605161834,BAYONNE,Sales,8139,ORG BART PEA,4LB BOX,ORG BART PEA 4LB BOX,65,7.99,7.99,1.0
2026-05-16,21133400604572605161834,BAYONNE,Sales,947880,HF NAT TRKEY,T6H4P216  SL30,HF NAT TRKEY T6H4P216  SL30,17,12.89,12.89,1.0
2026-05-16,21133400604572605161834,BAYONNE,Sales,1968672,CERAVEDAILY,MOISTURIZING LOTION P300,CERAVEDAILY MOISTURIZING LOTION P300,20,24.99,24.99,1.0
2026-05-16,21133400604572605161834,BAYONNE,Sales,33149,KS GOUDA,"12/2.0# RW LA T12H7 SL90","KS GOUDA 12/2.0# RW LA T12H7 SL90",19,5.89,12.06,1.0
2026-05-16,21133400604572605161834,BAYONNE,Sales,647465,AVOCADOS,6 COUNT,AVOCADOS 6 COUNT,65,5.99,5.99,1.0
2026-05-16,21133400604572605161834,BAYONNE,Sales,720650,MINI CUKES,680 G / 1.5 LB,MINI CUKES 680 G / 1.5 LB,65,6.99,6.99,1.0
2026-05-16,21133400604572605161834,BAYONNE,Sales,21046,TOMATO MEDLE,,,65,7.99,7.99,1.0
2026-05-16,21133400604572605161834,BAYONNE,Sales,7950,4LB COSMIC,,,65,8.99,8.99,1.0
2026-05-16,21133400604572605161834,BAYONNE,Sales,5623,BROCCOLI,1.36 KG / 3 LB,BROCCOLI 1.36 KG / 3 LB,65,6.99,6.99,1.0
2026-05-16,21133400604572605161834,BAYONNE,Sales,1298989,CANDY SNAP,3LB SEEDLESS,CANDY SNAP 3LB SEEDLESS,65,8.99,8.99,1.0
2026-05-16,21133400604572605161834,BAYONNE,Sales,1801,MANDARINS,3 LBS,MANDARINS 3 LBS,65,3.99,3.99,1.0
2026-05-16,21133400604572605161834,BAYONNE,Sales,61576,SWEET POTATO,5 LBS,SWEET POTATO 5 LBS,65,5.99,5.99,1.0
2026-05-16,21133400604572605161834,BAYONNE,Sales,25107,GRLCPEPWINGS,PARTY WINGS,GRLCPEPWINGS PARTY WINGS,63,3.99,20.15,1.0
2025-09-12,21133400502312509121514,BAYONNE,Sales,9218,RED ONIONS,5 LBS,RED ONIONS 5 LBS,65,4.99,4.99,1.0
2025-09-12,21133400502312509121514,BAYONNE,Sales,61576,SWEET POTATO,5 LBS,SWEET POTATO 5 LBS,65,4.89,4.89,1.0
2025-09-12,21133400502312509121514,BAYONNE,Sales,18600,MANDARINS,2.27 KG / 5 LBS,MANDARINS 2.27 KG / 5 LBS,65,7.49,7.49,1.0
2025-09-12,21133400502312509121514,BAYONNE,Sales,813734,POTATO ROLL,16 CT 30 OZ,POTATO ROLL 16 CT 30 OZ,13,6.89,6.89,1.0
2025-09-12,21133400502312509121514,BAYONNE,Sales,21046,TOMATO MEDLE,,,65,7.99,7.99,1.0
2025-09-12,21133400502312509121514,BAYONNE,Sales,34316,PRIME NY STK,USDA PRIME,PRIME NY STK USDA PRIME,61,20.99,82.91,1.0
2025-09-12,21133400502312509121514,BAYONNE,Sales,22995,ORGANIC DRUM,SADDLEPACK,ORGANIC DRUM SADDLEPACK,61,1.99,8.6,1.0
2025-09-12,21133400502312509121514,BAYONNE,Sales,1462714,KS ORG A2 PR,3/64OZ SL30 33X4 P132,KS ORG A2 PR 3/64OZ SL30 33X4 P132,17,12.99,12.99,1.0
2025-09-12,21133400502312509121514,BAYONNE,Sales,910270,ORG GRE BEAN,,,65,7.49,7.49,1.0
2025-09-12,21133400502312509121514,BAYONNE,Sales,720650,MINI CUKES,680 G / 1.5 LB,MINI CUKES 680 G / 1.5 LB,65,5.99,5.99,1.0
2025-09-12,21133400502312509121514,BAYONNE,Sales,60357,MIXED PEPPER,6-PACK,MIXED PEPPER 6-PACK,65,6.99,6.99,1.0
2025-09-12,21133400502312509121514,BAYONNE,Sales,679131,KS ORG SYRUP,AMBER 33.8OZ 1L P576,KS ORG SYRUP AMBER 33.8OZ 1L P576,13,12.59,12.59,1.0
2025-09-12,21133400502312509121514,BAYONNE,Sales,6659,4LB HONYCRSP,,,65,8.99,8.99,1.0
2025-09-12,21133400502312509121514,BAYONNE,Sales,7950,4LB COSMIC,,,65,5.99,5.99,1.0
2025-09-12,21133400502312509121514,BAYONNE,Sales,2619,ORG BANANAS,3 LB / 1.36 KG,ORG BANANAS 3 LB / 1.36 KG,65,2.19,2.19,1.0
2023-08-13,21133400803532308131521,BAYONNE,Sales,1300658,KS SCENT BAG,SCENTED 200CT P120,KS SCENT BAG SCENTED 200CT P120,14,16.99,16.99,1.0
2023-08-13,21133400803532308131521,BAYONNE,Sales,1434832,CANDY GRAPE,ORG RED CANDY SNAP GRAPE,CANDY GRAPE ORG RED CANDY SNAP GRAPE,65,7.99,7.99,1.0
2023-08-13,21133400803532308131521,BAYONNE,Sales,1364689,KS ORG WH MK,3/64 SL30 T33H4 P132,KS ORG WH MK 3/64 SL30 T33H4 P132,17,12.49,12.49,1.0
2023-08-13,21133400803532308131521,BAYONNE,Sales,331100,POTATOES,2.27 KG / 5 LB,POTATOES 2.27 KG / 5 LB,65,8.29,8.29,1.0
2023-08-13,21133400803532308131521,BAYONNE,Sales,1311586,2PK ALOE,"5"" CERAMIC POT","2PK ALOE 5"" CERAMIC POT",27,9.99,9.99,1.0
2023-08-13,21133400803532308131521,BAYONNE,Sales,21046,TOMATO MEDLE,,,65,6.59,6.59,1.0
2023-08-13,21133400803532308131521,BAYONNE,Sales,45694,BAGUETTE,2 PACK,BAGUETTE 2 PACK,62,5.99,5.99,1.0
2023-08-13,21133400803532308131521,BAYONNE,Sales,1142830,ORG MEDITERR,,,65,8.49,8.49,1.0
2023-08-13,21133400803532308131521,BAYONNE,Sales,3732,CRMYDILLPCKL,2 PACK,CRMYDILLPCKL 2 PACK,65,7.99,7.99,1.0
2023-08-13,21133400803532308131521,BAYONNE,Sales,1267000,KS SALMON,SL30 CHILEAN SLMN 10X5,KS SALMON SL30 CHILEAN SLMN 10X5,19,23.99,23.99,1.0
2023-08-13,21133400803532308131521,BAYONNE,Sales,1125156,ORG LATE JUL,MULTIGRN TORT CHIPS P144,ORG LATE JUL MULTIGRN TORT CHIPS P144,12,8.69,8.69,1.0
2023-08-13,21133400803532308131521,BAYONNE,Sales,647465,AVOCADOS,6 COUNT,AVOCADOS 6 COUNT,65,6.29,6.29,1.0
2023-08-13,21133400803532308131521,BAYONNE,Sales,782796,***KSWTR40PK,P48=SE   P56=PR,***KSWTR40PK P48=SE   P56=PR,14,3.99,7.98,2.0
2023-08-13,21133400803532308131521,BAYONNE,Sales,568915,ORG CUCUMBER,,,65,5.99,5.99,1.0
2023-08-13,21133400803532308131521,BAYONNE,Sales,2619,ORG BANANAS,3 LB / 1.36 KG,ORG BANANAS 3 LB / 1.36 KG,65,1.99,1.99,1.0
2024-08-03,21133400803192408031633,BAYONNE,Sales,1830455,KS BAGUETTE,,,62,5.99,5.99,1.0
2024-08-03,21133400803192408031633,BAYONNE,Sales,568915,ORG CUCUMBER,,,65,5.99,5.99,1.0
2024-08-03,21133400803192408031633,BAYONNE,Sales,669511,CHX GRILLERS,PORK FREE  T6H6 SL16,CHX GRILLERS PORK FREE  T6H6 SL16,19,10.99,10.99,1.0
2024-08-03,21133400803192408031633,BAYONNE,Sales,21046,TOMATO MEDLE,,,65,6.59,6.59,1.0
2024-08-03,21133400803192408031633,BAYONNE,Sales,1185912,KS ALMND BAR,US 1.74QTS CN 22X9 P198,KS ALMND BAR US 1.74QTS CN 22X9 P198,18,9.99,9.99,1.0
2024-08-03,21133400803192408031633,BAYONNE,Sales,637598,KS CAGE FREE,SL21 T20H18 P360/P300,KS CAGE FREE SL21 T20H18 P360/P300,17,4.89,4.89,1.0
2024-08-03,21133400803192408031633,BAYONNE,Sales,27003,STRAWBERRIES,908 G / 2 LB,STRAWBERRIES 908 G / 2 LB,65,4.79,4.79,1.0
2024-08-03,21133400803192408031633,BAYONNE,Sales,60357,MIXED PEPPER,6-PACK,MIXED PEPPER 6-PACK,65,6.59,6.59,1.0
2024-08-03,21133400803192408031633,BAYONNE,Sales,1773119,**CHARMIN**,30/213 SHEET 835SQFT P30,**CHARMIN** 30/213 SHEET 835SQFT P30,14,29.49,29.49,1.0
2024-08-03,21133400803192408031633,BAYONNE,Sales,332117,/1773119,,,14,0.0,-6.5,-1.0
2024-08-03,21133400803192408031633,BAYONNE,Sales,1555212,PIRATE CHED,18 OZ  T40H3 P120 SL 110,PIRATE CHED 18 OZ  T40H3 P120 SL 110,12,6.99,6.99,1.0
2024-08-03,21133400803192408031633,BAYONNE,Sales,30548,ORGANIC DRUM,SADDLEPACK,ORGANIC DRUM SADDLEPACK,61,1.99,9.39,1.0
2024-08-03,21133400803192408031633,BAYONNE,Sales,1364689,KS ORG WH MK,3/64 SL30 T33H4 P132,KS ORG WH MK 3/64 SL30 T33H4 P132,17,10.47,20.94,2.0
2024-08-03,21133400803192408031633,BAYONNE,Sales,46481,GP WINGS,SEASONED PARTY WINGS,GP WINGS SEASONED PARTY WINGS,63,6.49,15.58,1.0
2024-08-03,21133400803192408031633,BAYONNE,Sales,1298989,CANDY SNAP,3LB SEEDLESS,CANDY SNAP 3LB SEEDLESS,65,7.99,7.99,1.0
2022-11-26,21133422601202211261804,BAYONNE,Sales,1692703,PUMPKIN LATT,12/9Z CANS P120,PUMPKIN LATT 12/9Z CANS P120,14,9.97,9.97,1.0
2026-03-14,21133412300442603141044,BAYONNE,Refund,1841928,WV TECH PANT,FY26     APR MVM     P340,WV TECH PANT FY26     APR MVM     P340,39,19.99,-19.99,-1.0
2023-05-31,21133400802222305311532,BAYONNE,Sales,2585,HYDRO STRAW,2LB / 907 G,HYDRO STRAW 2LB / 907 G,65,7.49,7.49,1.0
2023-05-31,21133400802222305311532,BAYONNE,Sales,519638,ORG BLUES,510 G / 18 OZ,ORG BLUES 510 G / 18 OZ,65,6.99,6.99,1.0
2023-05-31,21133400802222305311532,BAYONNE,Sales,703381,CHEDDAR SLCS,T10H5  SL120,CHEDDAR SLCS T10H5  SL120,19,7.99,7.99,1.0
2023-05-31,21133400802222305311532,BAYONNE,Sales,218177,UTZ 48CT,P36 T9X4 SL84,UTZ 48CT P36 T9X4 SL84,12,15.99,15.99,1.0
2023-05-31,21133400802222305311532,BAYONNE,Sales,545345,KS PISTACHIO,C13T6H4 P312 SL300,KS PISTACHIO C13T6H4 P312 SL300,12,15.79,15.79,1.0
2023-05-31,21133400802222305311532,BAYONNE,Sales,60357,MIXED PEPPER,6-PACK,MIXED PEPPER 6-PACK,65,7.49,7.49,1.0
2023-05-31,21133400802222305311532,BAYONNE,Sales,21046,TOMATO MEDLE,,,65,6.69,6.69,1.0
2023-05-31,21133400802222305311532,BAYONNE,Sales,1627770,CLASSIC BLUE,P48 T12H4 SL50,CLASSIC BLUE P48 T12H4 SL50,12,19.99,19.99,1.0
2023-05-31,21133400802222305311532,BAYONNE,Sales,260509,POLYO STRCHZ,10/48Z P450 T9H5     SL45,POLYO STRCHZ 10/48Z P450 T9H5     SL45,17,11.49,11.49,1.0
2023-05-31,21133400802222305311532,BAYONNE,Sales,421793,KS STRAWPRES,STRAWBERRY  SL270    P576,KS STRAWPRES STRAWBERRY  SL270    P576,13,7.99,7.99,1.0
2023-05-31,21133400802222305311532,BAYONNE,Sales,13014,HADDOCK,FILLET,HADDOCK FILLET,61,9.99,15.78,1.0
2023-05-31,21133400802222305311532,BAYONNE,Sales,473505,A&E VARIETY,100% JCE VRTY SL12M P98,A&E VARIETY 100% JCE VRTY SL12M P98,13,11.89,23.78,2.0
2023-05-31,21133400802222305311532,BAYONNE,Sales,5623,BROCCOLI,1.36 KG / 3 LB,BROCCOLI 1.36 KG / 3 LB,65,6.29,6.29,1.0
2023-05-31,21133400802222305311532,BAYONNE,Sales,1461056,BABY CUKE,,,65,5.99,5.99,1.0
2023-05-31,21133400802222305311532,BAYONNE,Sales,19808,SMOKD SALMON,30/16 OZ SL=28 T7X7,SMOKD SALMON 30/16 OZ SL=28 T7X7,19,17.49,17.49,1.0
2023-05-31,21133400802222305311532,BAYONNE,Sales,4102,"8"" TORTILLAS",SL10  70OZ,"8"" TORTILLAS SL10  70OZ",13,5.99,5.99,1.0
2023-05-31,21133400802222305311532,BAYONNE,Sales,8789,PINEAPPLE,EACH,PINEAPPLE EACH,65,2.99,2.99,1.0
2023-05-31,21133400802222305311532,BAYONNE,Sales,782796,***KSWTR40PK,P48=SE   P56=PR,***KSWTR40PK P48=SE   P56=PR,14,3.99,7.98,2.0
2023-05-31,21133400802222305311532,BAYONNE,Sales,1142830,ORG MEDITERR,,,65,8.49,8.49,1.0
2023-05-31,21133400802222305311532,BAYONNE,Sales,1342708,LA COLM VRTY,P168,LA COLM VRTY P168,14,18.49,18.49,1.0
2023-05-31,21133400802222305311532,BAYONNE,Sales,302430,/1342708,,,14,0.0,-4.0,-1.0
2023-05-31,21133400802222305311532,BAYONNE,Sales,45694,BAGUETTE,2 PACK,BAGUETTE 2 PACK,62,5.99,5.99,1.0
2023-05-31,21133400802222305311532,BAYONNE,Sales,1060788,PRETZEL CRSP,P176 T44H4 SL210,PRETZEL CRSP P176 T44H4 SL210,12,8.79,8.79,1.0
2023-05-31,21133400802222305311532,BAYONNE,Sales,302484,/1060788,,,12,0.0,-3.8,-1.0
2023-05-31,21133400802222305311532,BAYONNE,Sales,1364689,KS ORG WH MK,3/64 SL30 T33H4 P132,KS ORG WH MK 3/64 SL30 T33H4 P132,17,12.69,25.38,2.0
2023-05-31,21133400802222305311532,BAYONNE,Sales,48600,TURKEY,1.75 RW    T10H4    SL50,TURKEY 1.75 RW    T10H4    SL50,19,7.99,13.1,1.0
2023-05-31,21133400802222305311532,BAYONNE,Sales,1000155,*POLAR SELZ*,VARIETY             P80,*POLAR SELZ* VARIETY             P80,14,10.99,10.99,1.0
2025-01-11,21133401101662501111209,BAYONNE,Sales,647465,AVOCADOS,6 COUNT,AVOCADOS 6 COUNT,65,9.99,9.99,1.0
2025-01-11,21133401101662501111209,BAYONNE,Sales,7445,10LB BAKERS,4.5KG / 10 LB,10LB BAKERS 4.5KG / 10 LB,65,6.49,6.49,1.0
2025-01-11,21133401101662501111209,BAYONNE,Sales,1391546,BAGEL CHIPS,SCHWARTZ 425G P324 SL90,BAGEL CHIPS SCHWARTZ 425G P324 SL90,13,7.99,7.99,1.0
2025-01-11,21133401101662501111209,BAYONNE,Sales,1199652,BUTER CROISS,,,62,5.99,5.99,1.0
2025-01-11,21133401101662501111209,BAYONNE,Sales,5720,HH STRAW,795 G / 1.75 LB,HH STRAW 795 G / 1.75 LB,65,9.99,9.99,1.0
2025-01-11,21133401101662501111209,BAYONNE,Sales,384962,KS U/S QTRS,SL90,KS U/S QTRS SL90,17,13.99,13.99,1.0
2025-01-11,21133401101662501111209,BAYONNE,Sales,8370,ORG MEDITERR,2PK,ORG MEDITERR 2PK,65,8.99,8.99,1.0
2025-01-11,21133401101662501111209,BAYONNE,Sales,1298989,CANDY SNAP,3LB SEEDLESS,CANDY SNAP 3LB SEEDLESS,65,9.99,9.99,1.0
2025-01-11,21133401101662501111209,BAYONNE,Sales,1150189,ORG SKINYPOP,T34H3 P102 SL110,ORG SKINYPOP T34H3 P102 SL110,12,6.99,6.99,1.0
2025-01-11,21133401101662501111209,BAYONNE,Sales,720650,MINI CUKES,680 G / 1.5 LB,MINI CUKES 680 G / 1.5 LB,65,6.99,6.99,1.0
2025-01-11,21133401101662501111209,BAYONNE,Sales,6659,4LB HONYCRSP,,,65,9.99,9.99,1.0
2025-01-11,21133401101662501111209,BAYONNE,Sales,61576,SWEET POTATO,5 LBS,SWEET POTATO 5 LBS,65,3.99,3.99,1.0
2025-01-11,21133401101662501111209,BAYONNE,Sales,1634440,MIX BOUQUET,,,27,16.99,16.99,1.0
2025-01-11,21133401101662501111209,BAYONNE,Sales,1364689,KS ORG WH MK,3/64 SL30 T33H4 P132,KS ORG WH MK 3/64 SL30 T33H4 P132,17,10.47,10.47,1.0
2025-01-11,21133401101662501111209,BAYONNE,Sales,91655,BEEF OX TAIL,,,61,8.99,39.56,1.0
2025-01-11,21133401101662501111209,BAYONNE,Sales,21046,TOMATO MEDLE,,,65,6.59,13.18,2.0
2025-01-11,21133401101662501111209,BAYONNE,Sales,7367,LOLLIPEPPERS,680 G / 1.5 LB,LOLLIPEPPERS 680 G / 1.5 LB,65,5.99,5.99,1.0
2025-01-11,21133401101662501111209,BAYONNE,Sales,71003,KS IT EVOO,SL540 P240,KS IT EVOO SL540 P240,13,24.99,24.99,1.0
2025-01-11,21133401101662501111209,BAYONNE,Sales,25949,FRESH GARLIC,907 G / 2 LB,FRESH GARLIC 907 G / 2 LB,65,6.59,6.59,1.0
2025-01-11,21133401101662501111209,BAYONNE,Sales,8789,PINEAPPLE,EACH,PINEAPPLE EACH,65,2.99,2.99,1.0
2025-01-11,21133401101662501111209,BAYONNE,Sales,22967,ORGNC BS THG,FRESH SADDLEPACK,ORGNC BS THG FRESH SADDLEPACK,61,5.99,27.73,1.0
2025-01-11,21133401101662501111209,BAYONNE,Sales,412,ORG. CARROTS,2 X 907 G / 2LB,ORG. CARROTS 2 X 907 G / 2LB,65,5.59,5.59,1.0
2025-01-11,21133401101662501111209,BAYONNE,Sales,1215097,KS ORG PEAS,US 9X4 OPC 6X6 CN 10X3,KS ORG PEAS US 9X4 OPC 6X6 CN 10X3,18,8.99,8.99,1.0
2025-01-11,21133401101662501111209,BAYONNE,Sales,96716,ORG SPINACH,453 G / 16 OZ,ORG SPINACH 453 G / 16 OZ,65,4.49,4.49,1.0
2025-01-11,21133401101662501111209,BAYONNE,Sales,17368,STEELHEAD,FARM RAISED,STEELHEAD FARM RAISED,61,9.99,25.67,1.0
2026-02-14,21133400100622602141057,BAYONNE,Sales,1701671,KS SCENT PCR,TRASH BAGS  200CT P120,KS SCENT PCR TRASH BAGS  200CT P120,14,17.69,17.69,1.0
2026-02-14,21133400100622602141057,BAYONNE,Sales,374489,/TRASH BAGS,,,14,0.0,-2.0,-1.0
2023-01-16,21133400702072301161517,BAYONNE,Sales,1150189,ORG SKINYPOP,T34H3 P102 SL110,ORG SKINYPOP T34H3 P102 SL110,12,7.49,7.49,1.0
2023-01-16,21133400702072301161517,BAYONNE,Sales,295080,/1150189,,,12,0.0,-2.5,-1.0
2023-01-16,21133400702072301161517,BAYONNE,Sales,21046,TOMATO MEDLE,,,65,6.69,6.69,1.0
2023-01-16,21133400702072301161517,BAYONNE,Sales,1167213,KS ORG MANGO,1.13KG   P288,KS ORG MANGO 1.13KG   P288,13,17.79,17.79,1.0
2023-01-16,21133400702072301161517,BAYONNE,Sales,1126125,PULL-UPSPLUS,BOY/GIRL P40,PULL-UPSPLUS BOY/GIRL P40,20,41.99,41.99,1.0
2023-01-16,21133400702072301161517,BAYONNE,Sales,303285,FOUR CHEESE,16/2LBS SL90    T10H5,FOUR CHEESE 16/2LBS SL90    T10H5,19,10.49,10.49,1.0
2023-01-16,21133400702072301161517,BAYONNE,Sales,782796,***KSWTR40PK,P48=SE   P56=PR,***KSWTR40PK P48=SE   P56=PR,14,4.29,4.29,1.0
2023-01-16,21133400702072301161517,BAYONNE,Sales,1290439,KS NUTBUTTER,765G T10H6 P720,KS NUTBUTTER 765G T10H6 P720,13,6.99,6.99,1.0
2023-01-16,21133400702072301161517,BAYONNE,Sales,17767,KS COFFEE,1.36K GROUND P252,KS COFFEE 1.36K GROUND P252,13,15.99,15.99,1.0
2023-01-16,21133400702072301161517,BAYONNE,Sales,18600,MANDARINS,2.27 KG / 5 LBS,MANDARINS 2.27 KG / 5 LBS,65,6.29,6.29,1.0
2026-02-14,21133420500982602141128,BAYONNE,Sales,61576,SWEET POTATO,5 LBS,SWEET POTATO 5 LBS,65,4.99,4.99,1.0
2026-02-14,21133420500982602141128,BAYONNE,Sales,1068080,PASTURE EGGS,2DZ GRADE A P360/300 SL22,PASTURE EGGS 2DZ GRADE A P360/300 SL22,17,7.99,7.99,1.0
2022-11-21,21133400500322211211114,BAYONNE,Sales,1461056,BABY CUKE,,,65,5.99,5.99,1.0
2022-11-21,21133400500322211211114,BAYONNE,Sales,19813,MUSHROOMS,680 G / 1.5 LB,MUSHROOMS 680 G / 1.5 LB,65,4.19,4.19,1.0
2022-11-21,21133400500322211211114,BAYONNE,Sales,617686,SOFTSOAP,2X2.36L P128,SOFTSOAP 2X2.36L P128,20,9.99,9.99,1.0
2022-11-21,21133400500322211211114,BAYONNE,Sales,1618252,NB FIG BAR,T56H4 P224,NB FIG BAR T56H4 P224,12,15.39,15.39,1.0
2022-11-21,21133400500322211211114,BAYONNE,Sales,782796,***KSWTR40PK,P48=SE   P56=PR,***KSWTR40PK P48=SE   P56=PR,14,4.29,4.29,1.0
2022-11-21,21133400500322211211114,BAYONNE,Sales,1126125,PULL-UPSPLUS,BOY/GIRL P40,PULL-UPSPLUS BOY/GIRL P40,20,41.99,41.99,1.0
2022-11-21,21133400500322211211114,BAYONNE,Sales,289860,/1126125,,,20,0.0,-9.0,-1.0
2022-11-21,21133400500322211211114,BAYONNE,Sales,897342,LACROIX VTY,LEMON GRAPEFRUIT P100,LACROIX VTY LEMON GRAPEFRUIT P100,14,8.99,8.99,1.0
2022-11-21,21133400500322211211114,BAYONNE,Sales,289387,/897342,,,14,0.0,-1.8,-1.0
2022-11-21,21133400500322211211114,BAYONNE,Sales,1290439,KS NUTBUTTER,765G T10H6 P720,KS NUTBUTTER 765G T10H6 P720,13,6.99,13.98,2.0
2022-11-21,21133400500322211211114,BAYONNE,Sales,897971,KS APPLESAU,24/3.17OZ 24X90G,KS APPLESAU 24/3.17OZ 24X90G,13,10.69,10.69,1.0
2022-11-21,21133400500322211211114,BAYONNE,Sales,106173,CHKN SAUSAGE,12/3 LBS    9T5H    SL90,CHKN SAUSAGE 12/3 LBS    9T5H    SL90,19,14.99,14.99,1.0
2024-08-03,21133412301372408031602,BAYONNE,Refund,1820753,FRUITCHEERIO,P=140 SL149,FRUITCHEERIO P=140 SL149,13,9.79,-9.79,-1.0
2024-08-03,21133412301372408031602,BAYONNE,Refund,1593426,KOSHER SALT,P540 T9H5,KOSHER SALT P540 T9H5,13,2.89,-2.89,-1.0
2023-09-18,21123600801862309181513,FLEMINGTON,Sales,7267,ORG BROC 2LB,,,65,5.79,5.79,1.0
2023-09-18,21123600801862309181513,FLEMINGTON,Sales,595006,TZATZIKI DIP,12/32 OZ   7T6H   SL50,TZATZIKI DIP 12/32 OZ   7T6H   SL50,19,7.89,7.89,1.0
2023-09-18,21123600801862309181513,FLEMINGTON,Sales,1364689,KS ORG WH MK,3/64 SL30 T33H4 P132,KS ORG WH MK 3/64 SL30 T33H4 P132,17,11.99,23.98,2.0
2023-09-18,21123600801862309181513,FLEMINGTON,Sales,1742835,**KS TOWEL**,P20/P40/P54 NO INNER POLY,**KS TOWEL** P20/P40/P54 NO INNER POLY,14,19.49,19.49,1.0
2023-09-18,21123600801862309181513,FLEMINGTON,Sales,737160,KIMCHI,6/42.3 OZ   10T8H   SL75,KIMCHI 6/42.3 OZ   10T8H   SL75,19,7.49,7.49,1.0
2023-09-18,21123600801862309181513,FLEMINGTON,Sales,568915,ORG CUCUMBER,,,65,5.99,5.99,1.0
2023-09-18,21123600801862309181513,FLEMINGTON,Sales,1142830,ORG MEDITERR,,,65,8.49,8.49,1.0
2023-09-18,21123600801862309181513,FLEMINGTON,Sales,2619,ORG BANANAS,3 LB / 1.36 KG,ORG BANANAS 3 LB / 1.36 KG,65,2.49,2.49,1.0
2023-09-18,21123600801862309181513,FLEMINGTON,Sales,60357,MIXED PEPPER,6-PACK,MIXED PEPPER 6-PACK,65,5.99,5.99,1.0
2023-09-18,21123600801862309181513,FLEMINGTON,Sales,1068080,PASTURE EGGS,2DZ GRADE A P360/300 SL22,PASTURE EGGS 2DZ GRADE A P360/300 SL22,17,8.99,8.99,1.0
2023-09-18,21123600801862309181513,FLEMINGTON,Sales,21046,TOMATO MEDLE,,,65,6.59,6.59,1.0
2023-09-18,21123600801862309181513,FLEMINGTON,Sales,8297,MEX STR CORN,2PK,MEX STR CORN 2PK,65,7.99,7.99,1.0
2023-09-18,21123600801862309181513,FLEMINGTON,Sales,1636598,**CHARMIN**,30/205 SHEET,**CHARMIN** 30/205 SHEET,14,26.49,26.49,1.0
2023-09-18,21123600801862309181513,FLEMINGTON,Sales,1634440,MIX BOUQUET,,,27,16.99,16.99,1.0
2023-09-18,21123600801862309181513,FLEMINGTON,Sales,43221,ATL COD,FILLET,ATL COD FILLET,61,9.99,20.97,1.0
2023-09-18,21123600801862309181513,FLEMINGTON,Sales,106173,CHKN SAUSAGE,12/3 LBS    9T5H    SL90,CHKN SAUSAGE 12/3 LBS    9T5H    SL90,19,14.99,14.99,1.0
2023-09-18,21123600801862309181513,FLEMINGTON,Sales,983491,CRUNCHY BUTR,CRUNCHY TX480  P600 SL365,CRUNCHY BUTR CRUNCHY TX480  P600 SL365,13,14.99,29.98,2.0
2023-09-18,21123600801862309181513,FLEMINGTON,Sales,647465,AVOCADOS,6 COUNT,AVOCADOS 6 COUNT,65,5.99,5.99,1.0
2023-09-18,21123600801862309181513,FLEMINGTON,Sales,782796,***KSWTR40PK,P48=SE   P56=PR,***KSWTR40PK P48=SE   P56=PR,14,3.99,7.98,2.0
2025-09-20,21133400600712509201124,BAYONNE,Sales,1259351,GULFSHRIMP,SHRIMP 2LBS T6H6 C16 P576,GULFSHRIMP SHRIMP 2LBS T6H6 C16 P576,18,19.99,19.99,1.0
2025-09-20,21133400600712509201124,BAYONNE,Sales,910270,ORG GRE BEAN,,,65,7.49,7.49,1.0
2025-09-20,21133400600712509201124,BAYONNE,Sales,33845,FRYER THIGHS,,,61,1.79,17.58,1.0
2025-09-20,21133400600712509201124,BAYONNE,Sales,363654,/THIGHS,,,61,0.0,-4.0,-1.0
2025-09-20,21133400600712509201124,BAYONNE,Sales,7910,KIWI BERRIES,454 G / 1 LB,KIWI BERRIES 454 G / 1 LB,65,6.99,6.99,1.0
2025-09-20,21133400600712509201124,BAYONNE,Sales,60357,MIXED PEPPER,6-PACK,MIXED PEPPER 6-PACK,65,6.99,6.99,1.0
2025-09-20,21133400600712509201124,BAYONNE,Sales,1068080,PASTURE EGGS,2DZ GRADE A P360/300 SL22,PASTURE EGGS 2DZ GRADE A P360/300 SL22,17,7.99,7.99,1.0
2025-09-20,21133400600712509201124,BAYONNE,Sales,5623,BROCCOLI,1.36 KG / 3 LB,BROCCOLI 1.36 KG / 3 LB,65,6.99,6.99,1.0
2025-09-20,21133400600712509201124,BAYONNE,Sales,7950,4LB COSMIC,,,65,5.99,5.99,1.0
2025-09-20,21133400600712509201124,BAYONNE,Sales,1462714,KS ORG A2 PR,3/64OZ SL30 33X4 P132,KS ORG A2 PR 3/64OZ SL30 33X4 P132,17,12.99,12.99,1.0
2025-09-20,21133400600712509201124,BAYONNE,Sales,3923,LIMES 3 LB.,1.36 KG / 3 LB.,LIMES 3 LB. 1.36 KG / 3 LB.,65,5.99,5.99,1.0
2025-09-20,21133400600712509201124,BAYONNE,Sales,206364,SLICED MOZZ,00509 SL45 T10H8,SLICED MOZZ 00509 SL45 T10H8,19,8.69,8.69,1.0
2025-09-20,21133400600712509201124,BAYONNE,Sales,1703334,6P QN SHEETS,P128 6PC MICROFIBER,6P QN SHEETS P128 6PC MICROFIBER,34,18.99,18.99,1.0
2025-09-20,21133400600712509201124,BAYONNE,Sales,647465,AVOCADOS,6 COUNT,AVOCADOS 6 COUNT,65,6.59,6.59,1.0
2025-09-20,21133400600712509201124,BAYONNE,Sales,1932335,ONION HUMMUS,26 OZ T9H5 C20 SL 65,ONION HUMMUS 26 OZ T9H5 C20 SL 65,19,6.29,6.29,1.0
2025-09-20,21133400600712509201124,BAYONNE,Sales,720650,MINI CUKES,680 G / 1.5 LB,MINI CUKES 680 G / 1.5 LB,65,6.49,6.49,1.0
2025-09-20,21133400600712509201124,BAYONNE,Sales,1331709,AVOCADO OIL,CHOSEN FOODS C8T10H4P320,AVOCADO OIL CHOSEN FOODS C8T10H4P320,13,25.99,25.99,1.0
2025-09-20,21133400600712509201124,BAYONNE,Sales,27916,KING SALMON,FILLET,KING SALMON FILLET,61,19.99,32.18,1.0
2025-09-20,21133400600712509201124,BAYONNE,Sales,9793,MANGOS,,,65,10.99,10.99,1.0
2025-09-20,21133400600712509201124,BAYONNE,Sales,1830455,KS BAGUETTE,,,62,4.99,4.99,1.0
2025-09-20,21133400600712509201124,BAYONNE,Sales,6659,4LB HONYCRSP,,,65,7.99,7.99,1.0
2025-09-20,21133400600712509201124,BAYONNE,Sales,1774081,CLSTR PILLOW,PILLOW 2 PK FY24  P=40,CLSTR PILLOW PILLOW 2 PK FY24  P=40,34,14.99,14.99,1.0
2025-09-20,21133400600712509201124,BAYONNE,Sales,61576,SWEET POTATO,5 LBS,SWEET POTATO 5 LBS,65,5.49,5.49,1.0
2025-09-20,21133400600712509201124,BAYONNE,Sales,21046,TOMATO MEDLE,,,65,7.99,7.99,1.0
2025-09-20,21133400600712509201124,BAYONNE,Sales,87745,ROTISSERIE,USDA GRADE A,ROTISSERIE USDA GRADE A,63,4.99,4.99,1.0
